c,c_user_agg_count_mean,c_user_agg_count_std,c_user_agg_count_max,c_user_agg_count_median,c_user_agg_amount_mean,c_user_agg_amount_std,c_user_agg_amount_max,c_user_agg_amount_median
10000,1.78,1.17,6,1,7.64,6.09,32.4,6.2
10001,1.3,0.9,4,1,9.04,6.01,24.8,9.9
10002,1.53,0.82,4,1,10.28,9.99,38.4,6.5
10008,1.88,1.62,6,1,11.0,7.74,29.6,6.8
10100,1.0,0.0,1,1,16.8,0.0,16.8,16.8
10101,1.0,0.0,1,1,11.9,0.0,11.9,11.9
10102,1.0,0.0,1,1,14.8,0.0,14.8,14.8
10103,1.0,0.0,1,1,14.5,0.0,14.5,14.5
10109,1.22,0.42,2,1,19.98,6.36,33.6,16.8
10110,1.27,0.57,3,1,7.13,3.32,13.0,6.5
10111,1.0,0.0,1,1,6.8,0.0,6.8,6.8
10112,1.0,0.0,1,1,6.9,3.05,11.8,8.2
10113,1.29,0.7,3,1,10.5,11.12,36.4,6.5
10114,1.43,0.73,3,1,6.54,3.38,13.5,5.9
10116,1.5,0.81,4,1,12.66,15.34,87.5,7.8
10117,1.0,0.0,1,1,2.5,0.0,2.5,2.5
10119,1.44,0.68,3,1,14.64,14.54,79.2,9.9
10130,1.0,0.0,1,1,4.46,1.02,5.5,3.9
10131,1.25,0.43,2,1,6.03,2.96,11.0,5.5
10132,1.33,0.75,3,1,4.07,1.88,7.5,3.9
10133,1.0,0.0,1,1,6.0,0.0,6.0,6.0
10135,2.8,1.6,5,3,8.72,5.53,17.5,8.7
10136,2.0,2.0,7,1,18.41,20.16,64.8,7.5
10137,1.17,0.37,2,1,5.83,2.24,12.0,6.0
10140,1.53,0.81,4,1,3.04,2.2,10.0,3.0
10141,2.22,2.27,16,2,14.45,38.55,303.6,6.0
10150,1.83,1.19,6,2,6.36,3.25,17.4,6.0
10151,2.1,0.83,4,2,19.1,11.41,42.0,13.0
10152,2.0,1.25,4,1,11.23,6.53,19.8,10.0
10153,1.0,0.0,1,1,6.8,0.0,6.8,6.8
10200,1.58,0.86,4,1,8.3,4.53,15.8,7.6
10201,2.68,2.88,13,1,22.83,27.95,96.0,11.9
10202,1.0,0.0,1,1,5.5,0.0,5.5,5.5
10300,2.0,1.34,4,1,35.53,35.97,108.0,24.0
10309,2.0,1.41,4,1,6.6,4.67,13.2,3.3
10310,1.5,0.5,2,2,12.8,3.0,15.8,15.8
10312,3.0,0.0,3,3,23.7,0.0,23.7,23.7
10319,1.0,0.0,1,1,9.9,0.0,9.9,9.9
10400,1.0,0.0,1,1,300.0,0.0,300.0,300.0
10401,1.44,0.68,3,1,54.37,97.76,327.0,15.8
10410,1.0,0.0,1,1,7.7,0.2,7.9,7.9
10411,1.0,0.0,1,1,22.5,0.0,22.5,22.5
10420,3.5,2.5,6,6,295.0,207.0,502.0,502.0
10421,3.0,2.0,5,5,80.25,57.75,138.0,138.0
10422,1.2,0.4,2,1,8.2,4.25,14.8,5.8
10435,2.43,0.9,4,2,38.2,17.08,75.0,37.5
10439,1.5,0.5,2,2,161.0,135.0,296.0,296.0
10440,1.2,0.4,2,1,127.0,31.39,158.0,138.0
10441,1.33,0.47,2,1,57.33,23.68,86.0,58.0
10443,1.0,0.0,1,1,316.0,0.0,316.0,316.0
10450,1.0,0.0,1,1,99.0,0.0,99.0,99.0
10454,1.0,0.0,1,1,87.87,57.4,168.0,59.0
10501,2.0,1.31,5,2,162.57,137.65,380.0,111.0
10502,1.4,0.8,3,1,19.8,11.3,36.0,11.0
10603,1.0,0.0,1,1,108.0,0.0,108.0,108.0
11000,1.0,0.0,1,1,11.5,0.0,11.5,11.5
11002,1.0,0.0,1,1,19.0,0.0,19.0,19.0
11003,1.0,0.0,1,1,18.0,0.0,18.0,18.0
11004,1.67,0.94,3,1,4.73,2.59,8.4,2.9
11005,1.0,0.0,1,1,41.3,20.0,69.4,30.0
11008,1.0,0.0,1,1,11.7,0.0,11.7,11.7
11010,1.0,0.0,1,1,3.5,0.0,3.5,3.5
11011,1.6,1.5,6,1,14.05,13.43,52.7,9.9
11020,1.0,0.0,1,1,23.27,8.45,31.9,29.8
11022,1.07,0.25,2,1,13.2,7.54,29.9,10.6
11023,1.0,0.0,1,1,23.6,0.0,23.6,23.6
11030,1.0,0.0,1,1,6.55,1.45,8.0,8.0
11034,1.0,0.0,1,1,10.9,0.0,10.9,10.9
11044,1.0,0.0,1,1,19.6,0.0,19.6,19.6
11046,1.0,0.0,1,1,2.7,0.0,2.7,2.7
11052,1.6,0.8,3,1,21.48,8.63,34.9,22.0
11054,1.33,0.67,3,1,32.98,22.46,81.7,28.9
11055,1.33,0.47,2,1,21.0,7.41,31.2,18.0
11056,1.9,1.26,6,2,8.44,8.6,38.0,5.1
11057,1.36,0.61,3,1,35.06,23.96,96.0,20.0
11058,1.0,0.0,1,1,18.7,6.9,25.6,25.6
11100,1.0,0.0,1,1,25.9,0.0,25.9,25.9
11101,1.0,0.0,1,1,23.83,13.96,39.8,25.9
11102,1.0,0.0,1,1,8.5,0.0,8.5,8.5
11104,1.0,0.0,1,1,20.66,2.91,25.8,18.5
11110,1.38,0.7,3,1,93.61,110.05,455.0,48.0
11111,1.2,0.4,2,1,41.56,28.66,98.0,25.0
11112,1.0,0.0,1,1,19.68,16.93,49.0,9.9
11114,1.0,0.0,1,1,22.44,13.54,35.9,27.9
11115,2.0,0.0,2,2,49.0,0.0,49.0,49.0
11120,1.0,0.0,1,1,68.0,0.0,68.0,68.0
11121,1.0,0.0,1,1,13.95,11.05,25.0,25.0
11141,1.0,0.0,1,1,17.05,7.02,29.9,13.8
11200,1.0,0.0,1,1,30.62,6.51,36.9,36.9
11201,1.0,0.0,1,1,24.13,10.51,39.0,16.8
11204,1.0,0.0,1,1,26.9,0.0,26.9,26.9
11205,2.0,0.0,2,2,54.0,0.0,54.0,54.0
11210,1.0,0.0,1,1,22.4,3.4,25.8,25.8
11220,1.92,1.66,7,1,12.52,8.56,38.7,10.0
11221,2.33,1.37,5,2,39.93,42.74,117.0,33.6
11222,1.0,0.0,1,1,16.34,2.66,19.5,17.7
11230,1.18,0.38,2,1,45.55,32.01,146.6,39.8
11231,1.12,0.33,2,1,63.79,46.93,179.8,39.9
11232,1.0,0.0,1,1,63.0,0.0,63.0,63.0
11233,1.0,0.0,1,1,36.53,23.66,85.0,34.9
11234,1.0,0.0,1,1,39.0,0.0,39.0,39.0
11240,1.0,0.0,1,1,19.14,4.09,23.9,15.7
11241,1.0,0.0,1,1,69.33,17.07,98.0,69.0
11300,1.19,0.62,4,1,13.67,7.09,28.8,11.7
11301,1.19,0.39,2,1,24.99,8.66,42.3,19.9
11302,1.4,0.8,3,1,14.94,7.59,27.0,14.8
11303,1.61,0.75,4,1,23.12,20.21,112.9,17.5
11304,1.12,0.33,2,1,17.11,12.68,44.9,13.9
11305,1.0,0.0,1,1,25.6,3.82,31.0,22.9
11311,1.0,0.0,1,1,58.0,0.0,58.0,58.0
11312,1.0,0.0,1,1,79.0,0.0,79.0,79.0
11400,1.14,0.35,2,1,45.41,24.59,88.0,39.5
11413,1.0,0.0,1,1,6.0,0.0,6.0,6.0
11500,1.68,0.88,4,1,16.36,10.58,39.6,14.9
11501,2.44,1.94,9,2,27.19,24.85,103.0,19.6
11502,1.15,0.36,2,1,10.42,6.31,25.0,7.6
11504,1.14,0.35,2,1,13.81,5.3,23.8,9.9
11507,1.0,0.0,1,1,4.25,0.25,4.5,4.5
11508,2.33,1.25,4,2,55.77,29.81,95.6,47.8
11511,2.33,0.94,3,3,96.27,38.64,129.0,117.8
11513,1.0,0.0,1,1,39.0,0.0,39.0,39.0
11521,1.08,0.27,2,1,25.4,11.83,59.7,19.9
11522,1.4,0.8,3,1,38.12,26.48,88.3,32.5
11530,1.0,0.0,1,1,16.7,3.8,20.5,20.5
11531,1.35,0.59,3,1,16.23,9.92,42.7,11.9
11532,1.21,0.41,2,1,7.02,3.9,19.0,5.7
11533,2.75,1.42,5,3,6.75,3.48,14.1,5.0
11540,2.0,0.0,2,2,15.8,0.0,15.8,15.8
14000,1.42,0.49,2,1,9.08,11.37,45.6,6.4
14001,1.5,0.5,2,2,13.3,1.7,15.0,15.0
14002,1.0,0.0,1,1,7.7,0.14,7.8,7.8
14010,1.78,1.41,5,1,9.94,6.02,23.5,7.6
14011,1.0,0.0,1,1,6.85,0.05,6.9,6.9
14012,1.0,0.0,1,1,3.8,0.0,3.8,3.8
14013,1.12,0.33,2,1,6.09,3.66,11.0,5.0
14014,1.0,0.0,1,1,15.82,10.63,36.6,10.9
14015,1.38,0.7,3,1,11.71,3.79,16.5,12.9
14020,1.2,0.4,2,1,12.11,6.47,26.5,10.9
14021,1.14,0.35,2,1,11.97,11.92,40.8,7.2
14022,1.2,0.4,2,1,11.1,5.04,19.5,7.2
14031,1.0,0.0,1,1,9.97,1.6,11.8,10.2
14032,1.33,0.47,2,1,13.13,4.52,19.2,15.5
14033,1.11,0.31,2,1,9.32,6.24,24.7,5.9
14034,1.22,0.42,2,1,19.84,20.89,78.0,11.8
14040,1.0,0.0,1,1,12.4,8.1,20.5,20.5
14041,2.0,0.0,2,2,9.8,0.0,9.8,9.8
14043,1.11,0.31,2,1,28.39,38.18,132.0,8.5
14050,1.4,0.8,4,1,7.89,4.84,23.6,5.9
14051,2.0,0.0,2,2,11.0,0.0,11.0,11.0
14052,1.43,0.95,5,1,8.41,5.9,30.7,5.9
14054,1.41,0.84,4,1,10.46,10.82,46.0,4.9
14060,1.08,0.28,2,1,13.61,5.56,22.9,11.4
14061,2.0,0.82,3,2,21.4,5.31,27.8,21.6
14064,2.0,2.0,6,1,28.88,33.15,94.8,15.8
14070,1.0,0.0,1,1,9.72,5.51,21.6,6.9
14072,1.25,0.43,2,1,9.91,4.61,19.8,10.0
14073,1.33,0.94,4,1,11.01,6.26,26.4,9.5
14074,1.0,0.0,1,1,11.8,0.0,11.8,11.8
14075,1.2,0.4,2,1,11.34,2.08,13.3,12.9
14076,1.33,0.56,3,1,14.52,5.82,27.8,12.5
14077,1.0,0.0,1,1,9.8,4.84,19.9,9.8
14078,1.0,0.0,1,1,6.0,0.0,6.0,6.0
14079,1.0,0.0,1,1,11.07,5.47,18.8,7.2
14080,1.27,0.44,2,1,11.31,4.9,18.7,12.0
14081,1.0,0.0,1,1,8.06,2.98,12.9,6.5
14082,2.04,1.0,4,2,6.44,5.05,22.0,5.2
14083,1.17,0.37,2,1,5.56,2.02,10.3,6.5
14084,1.33,0.47,2,1,11.87,4.2,17.8,8.9
14090,1.43,0.77,4,1,12.79,8.25,36.6,8.6
14091,2.03,1.3,7,2,10.99,7.98,36.9,8.9
14092,1.65,0.79,4,2,9.88,10.66,70.2,7.8
14093,1.43,0.49,2,1,54.29,18.81,76.0,38.0
14094,1.5,0.5,2,2,11.85,3.95,15.8,15.8
14100,1.15,0.36,2,1,18.82,16.71,66.0,9.9
14101,1.31,0.61,3,1,8.28,6.01,22.8,5.5
14103,1.0,0.0,1,1,3.9,0.0,3.9,3.9
14105,1.17,0.37,2,1,6.9,5.04,13.5,6.0
14107,2.33,0.47,3,2,9.33,1.89,12.0,8.0
14108,1.0,0.0,1,1,24.15,10.65,34.8,34.8
14110,1.0,0.0,1,1,22.43,4.11,24.8,24.8
14111,1.0,0.0,1,1,12.8,0.0,12.8,12.8
14112,1.67,0.82,3,1,17.61,10.41,35.4,11.8
14113,2.0,0.0,2,2,11.6,0.0,11.6,11.6
14120,1.5,0.87,3,1,9.85,5.22,15.9,11.0
14121,1.13,0.34,2,1,16.83,4.92,33.2,16.6
14130,1.5,0.78,3,1,13.41,6.77,39.8,14.2
14131,1.2,0.54,3,1,18.16,13.69,58.8,13.9
14132,1.27,0.45,2,1,23.1,15.7,49.0,19.0
14133,1.5,0.5,2,2,8.15,0.75,8.9,8.9
14140,1.36,0.48,2,1,17.47,8.48,35.2,13.8
14141,1.67,0.47,2,2,6.4,3.12,10.8,4.4
14142,1.45,0.5,2,1,10.84,6.23,22.8,8.4
14145,1.0,0.0,1,1,21.35,16.5,48.5,16.5
14200,1.46,1.32,7,1,10.16,5.47,30.9,9.9
14201,1.25,0.43,2,1,11.72,10.62,29.8,8.9
14202,2.0,0.0,2,2,26.0,0.0,26.0,26.0
14203,1.5,1.0,4,1,12.42,9.5,34.4,10.6
14207,1.33,0.47,2,1,26.0,5.25,33.4,22.8
14208,2.0,1.0,3,3,36.15,23.35,59.5,59.5
14209,1.4,0.49,2,1,13.38,6.49,26.1,11.5
14211,1.0,0.0,1,1,17.5,0.0,17.5,17.5
14215,1.0,0.0,1,1,17.5,0.0,17.5,17.5
14216,1.0,0.0,1,1,14.5,0.0,14.5,14.5
14220,1.0,0.0,1,1,9.77,4.34,15.9,6.9
14222,1.0,0.0,1,1,8.42,5.68,25.8,6.5
14223,1.0,0.0,1,1,4.5,0.0,4.5,4.5
14230,1.0,0.0,1,1,10.9,0.0,10.9,10.9
14231,1.0,0.0,1,1,6.02,2.49,10.9,4.9
14232,1.0,0.0,1,1,3.83,1.89,6.5,2.5
14233,1.0,0.0,1,1,5.9,0.0,5.9,5.9
14240,1.4,0.8,3,1,7.7,4.53,16.7,6.0
14241,1.0,0.0,1,1,2.63,0.19,2.9,2.5
14242,1.0,0.0,1,1,6.4,2.5,8.9,8.9
14243,1.0,0.0,1,1,3.58,0.63,4.0,4.0
14250,1.17,0.37,2,1,15.0,8.07,27.6,18.9
14252,1.0,0.0,1,1,29.9,9.9,39.8,39.8
14253,1.0,0.0,1,1,18.9,0.0,18.9,18.9
14255,3.0,0.0,3,3,47.7,0.0,47.7,47.7
14258,1.67,0.94,3,1,12.9,6.68,19.9,14.9
14260,1.33,0.47,2,1,9.07,3.04,13.0,8.5
14261,1.25,0.43,2,1,15.35,7.5,26.8,16.5
14270,1.0,0.0,1,1,8.9,2.76,12.8,7.0
14271,4.0,0.0,4,4,27.6,0.0,27.6,27.6
14272,1.0,0.0,1,1,23.8,0.0,23.8,23.8
14275,1.45,0.66,3,1,10.26,5.12,19.5,10.8
14276,1.0,0.0,1,1,14.8,0.0,14.8,14.8
14280,1.0,0.0,1,1,4.35,1.45,5.8,5.8
14281,1.0,0.0,1,1,6.87,0.05,6.9,6.9
14283,1.0,0.0,1,1,15.8,0.0,15.8,15.8
14284,1.5,0.5,2,2,5.95,1.47,7.2,7.2
14300,1.23,0.58,3,1,15.59,7.25,31.6,15.8
14310,1.4,0.8,3,1,21.78,11.25,43.2,18.5
14340,2.0,0.0,2,2,76.0,0.0,76.0,76.0
14342,1.75,0.43,2,2,52.05,14.49,68.0,65.0
14351,2.0,0.0,2,2,105.6,0.0,105.6,105.6
14352,1.0,0.0,1,1,39.6,42.0,99.0,9.9
14366,1.0,0.0,1,1,229.0,0.0,229.0,229.0
14401,1.33,0.85,4,1,29.76,27.9,102.56,20.76
14402,1.0,0.0,1,1,20.39,4.94,25.34,25.34
14403,1.17,0.37,2,1,14.66,5.0,20.72,16.22
14404,1.0,0.0,1,1,2.3,0.0,2.3,2.3
14405,1.75,0.83,3,2,20.84,10.1,33.46,24.28
14406,1.5,0.5,2,2,17.57,7.84,25.41,25.41
14407,1.5,0.5,2,2,31.67,27.73,59.4,59.4
14409,1.0,0.0,1,1,14.48,0.0,14.48,14.48
14504,1.0,0.0,1,1,25.93,13.53,45.0,17.8
14513,2.25,1.09,4,2,8.83,3.32,14.0,9.5
14515,1.0,0.0,1,1,14.5,1.41,15.5,15.5
14520,1.0,0.0,1,1,18.5,0.0,18.5,18.5
14521,1.2,0.4,2,1,40.98,10.71,55.0,42.8
14525,1.4,0.8,3,1,12.17,7.14,21.9,13.99
14528,1.0,0.0,1,1,6.3,0.0,6.3,6.3
14530,1.2,0.4,2,1,19.66,9.72,32.0,22.9
14531,1.12,0.33,2,1,36.55,23.93,99.6,29.8
14532,1.0,0.0,1,1,56.0,0.0,56.0,56.0
14540,1.0,0.0,1,1,21.53,2.78,23.5,23.5
14541,1.0,0.0,1,1,24.4,0.6,25.0,25.0
14543,1.0,0.0,1,1,22.2,3.82,24.9,24.9
14550,1.0,0.0,1,1,18.9,0.0,18.9,18.9
14551,1.0,0.0,1,1,16.75,1.75,18.5,18.5
14552,1.67,0.47,2,2,24.67,6.98,29.6,29.6
14560,1.0,0.0,1,1,8.28,2.9,13.3,6.6
14561,1.0,0.0,1,1,15.8,0.0,15.8,15.8
14563,1.0,0.0,1,1,13.85,1.95,15.8,15.8
14570,1.2,0.4,2,1,70.38,51.47,168.0,62.5
14572,1.0,0.0,1,1,33.8,0.0,33.8,33.8
14573,1.67,0.94,3,1,16.43,6.41,25.5,11.9
14580,2.0,0.82,3,2,107.53,94.26,240.8,43.8
14583,1.0,0.0,1,1,36.0,0.0,36.0,36.0
14585,1.0,0.0,1,1,24.87,2.78,28.8,22.9
14590,1.0,0.0,1,1,32.0,0.0,32.0,32.0
14593,2.25,1.64,5,2,10.73,7.88,24.0,9.3
14594,1.78,1.23,4,1,13.79,12.6,39.4,5.9
14596,1.43,0.49,2,1,10.33,6.23,19.8,6.9
14613,1.0,0.0,1,1,656.0,0.0,656.0,656.0
14617,1.0,0.0,1,1,9.8,0.0,9.8,9.8
14620,1.0,0.0,1,1,33.5,1.5,35.0,35.0
14630,1.08,0.27,2,1,10.12,3.78,13.8,12.9
14631,1.67,0.94,3,1,7.9,4.53,14.3,4.9
14632,1.0,0.0,1,1,14.53,0.05,14.6,14.5
14633,1.25,0.43,2,1,6.85,2.37,10.4,7.6
14635,1.0,0.0,1,1,5.8,0.0,5.8,5.8
14636,2.0,1.41,4,1,6.9,4.46,13.2,4.0
14640,1.0,0.0,1,1,4.9,0.0,4.9,4.9
14644,1.0,0.0,1,1,4.17,0.94,5.5,3.5
14650,2.0,1.0,3,3,41.25,27.75,69.0,69.0
14651,1.0,0.0,1,1,12.5,0.0,12.5,12.5
14653,1.0,0.0,1,1,9.9,0.0,9.9,9.9
14655,1.33,0.47,2,1,14.9,5.34,22.3,12.5
14660,1.0,0.0,1,1,13.8,0.0,13.8,13.8
14661,1.29,0.8,4,1,21.46,14.95,69.2,14.8
14663,1.0,0.0,1,1,10.5,0.0,10.5,10.5
14700,1.33,0.47,2,1,62.6,39.05,117.8,36.5
14701,1.0,0.0,1,1,55.05,20.07,89.9,47.9
14705,1.0,0.0,1,1,35.58,17.36,53.9,41.5
14710,1.2,0.4,2,1,36.06,17.42,63.7,38.9
14714,1.0,0.0,1,1,26.8,0.0,26.8,26.8
14715,1.0,0.0,1,1,29.3,7.5,36.8,36.8
14720,1.43,0.49,2,1,4.21,1.56,6.0,3.0
14721,1.51,1.5,10,1,21.18,13.48,73.8,16.8
14722,2.36,2.1,11,2,12.53,13.95,69.6,8.5
14723,2.08,1.5,6,2,6.0,6.92,26.7,3.0
14730,2.0,0.0,2,2,7.0,0.0,7.0,7.0
14732,2.0,0.0,2,2,10.0,0.0,10.0,10.0
14733,1.0,0.0,1,1,5.25,0.75,6.0,6.0
14741,1.0,0.0,1,1,4.5,0.0,4.5,4.5
14750,1.82,1.1,5,2,17.25,11.83,50.0,12.7
14753,1.5,0.5,2,2,14.35,5.45,19.8,19.8
14754,1.25,0.43,2,1,14.03,4.4,19.9,15.8
14760,1.0,0.0,1,1,5.6,0.0,5.6,5.6
14770,1.0,0.0,1,1,118.3,13.31,142.8,109.8
14771,1.0,0.0,1,1,39.95,4.95,44.9,44.9
14774,1.0,0.0,1,1,53.3,25.88,89.9,35.0
14775,1.0,0.0,1,1,34.9,0.0,34.9,34.9
14777,1.0,0.0,1,1,251.33,61.82,338.0,218.0
14800,1.33,0.47,2,1,15.02,12.52,48.4,8.8
14801,1.0,0.0,1,1,10.08,2.44,14.9,9.0
14802,1.18,0.47,3,1,20.05,6.7,40.7,19.8
14804,1.0,0.0,1,1,9.9,0.82,10.9,9.9
14810,1.5,0.5,2,2,8.05,3.25,11.3,11.3
14811,1.0,0.0,1,1,11.54,5.7,22.9,9.8
14812,1.08,0.28,2,1,11.75,10.29,44.0,8.9
14813,3.0,1.0,4,4,26.5,11.7,38.2,38.2
14814,1.33,0.47,2,1,10.68,4.94,17.8,8.6
14815,1.0,0.0,1,1,7.47,3.03,14.8,5.7
14818,1.0,0.0,1,1,6.5,0.0,6.5,6.5
14820,1.12,0.33,2,1,20.86,4.25,26.9,19.6
14821,1.0,0.0,1,1,6.8,0.0,6.8,6.8
14822,1.25,0.6,3,1,11.17,3.14,17.29,11.98
14823,1.0,0.0,1,1,9.9,0.0,9.9,9.9
14826,1.0,0.0,1,1,11.85,6.39,19.9,13.8
14827,1.0,0.0,1,1,9.6,0.0,9.6,9.6
14828,1.5,0.5,2,2,15.95,11.05,27.0,27.0
14830,1.24,0.42,2,1,13.16,7.72,32.0,9.9
14831,1.32,0.55,3,1,10.83,5.3,22.9,9.3
14832,1.0,0.0,1,1,6.75,1.25,8.0,8.0
14833,1.0,0.0,1,1,10.58,3.24,14.0,11.8
14834,2.54,2.41,9,2,14.5,16.19,58.5,9.8
14835,1.43,0.49,2,1,16.52,11.07,49.6,14.4
14836,1.0,0.0,1,1,8.36,4.84,24.8,6.9
14837,1.22,0.42,2,1,12.34,3.95,21.6,10.8
14838,1.0,0.0,1,1,7.37,1.08,8.9,6.6
14839,1.5,1.12,4,1,19.02,12.24,45.2,12.9
14840,1.33,0.47,2,1,5.77,0.21,6.0,5.8
14841,1.0,0.0,1,1,6.91,2.92,13.99,6.2
14842,1.29,0.7,3,1,13.24,3.84,16.9,15.1
14843,1.71,0.88,3,1,8.13,4.14,15.8,7.2
14844,1.42,0.64,3,1,11.42,5.4,21.0,12.9
14845,1.77,1.89,8,1,18.77,19.87,84.8,10.6
14846,1.33,0.6,3,1,8.81,5.38,21.7,6.0
14847,1.67,0.94,3,1,207.93,285.72,612.0,8.3
14850,2.33,1.89,5,1,21.53,19.87,49.5,9.9
14851,2.0,0.82,3,2,18.53,8.67,28.8,19.2
14852,1.0,0.0,1,1,3.5,0.0,3.5,3.5
14853,6.0,0.0,6,6,18.6,0.0,18.6,18.6
14860,1.82,1.23,6,1,4.65,3.37,16.8,3.0
14861,1.0,0.0,1,1,9.5,0.89,10.5,10.0
14862,1.0,0.0,1,1,10.7,1.8,12.5,12.5
14863,1.23,0.42,2,1,18.24,18.1,72.0,9.9
14865,1.0,0.0,1,1,23.8,0.0,23.8,23.8
14870,1.25,0.43,2,1,8.3,0.41,8.8,8.6
14871,1.25,0.43,2,1,3.12,1.08,5.0,2.5
14872,1.0,0.0,1,1,3.17,0.94,4.5,2.5
14873,1.12,0.33,2,1,4.88,4.23,15.0,4.5
14874,1.0,0.0,1,1,5.3,0.0,5.3,5.3
14900,3.69,2.59,10,3,7.83,6.52,25.0,5.0
14901,3.5,2.5,6,6,7.0,5.0,12.0,12.0
14902,3.0,0.0,3,3,6.0,0.0,6.0,6.0
14903,1.25,0.43,2,1,2.9,0.78,4.0,3.0
14905,3.0,1.58,5,4,6.0,3.08,9.0,9.0
14906,1.62,0.7,3,2,5.71,2.32,9.6,6.4
14911,1.5,0.5,2,2,11.98,4.0,15.98,15.98
14912,1.0,0.0,1,1,9.8,1.0,10.8,10.8
14914,1.0,0.0,1,1,10.9,3.0,13.9,13.9
14916,1.5,0.87,4,1,10.11,5.91,27.4,6.9
14917,1.5,0.87,3,1,8.32,4.0,14.0,8.5
14920,1.0,0.0,1,1,35.5,0.0,35.5,35.5
14924,1.0,0.0,1,1,17.0,0.0,17.0,17.0
14925,1.0,0.0,1,1,23.8,0.0,23.8,23.8
14926,1.0,0.0,1,1,13.75,6.05,19.8,19.8
14928,1.0,0.0,1,1,22.8,0.0,22.8,22.8
14930,1.0,0.0,1,1,11.6,0.0,11.6,11.6
14931,1.0,0.0,1,1,12.35,0.45,12.8,12.8
14932,1.0,0.0,1,1,10.51,3.85,15.8,9.9
14933,1.0,0.0,1,1,10.3,0.0,10.3,10.3
14940,2.0,0.0,2,2,27.6,0.0,27.6,27.6
14943,1.5,0.5,2,2,71.8,26.2,98.0,98.0
14944,1.0,0.0,1,1,17.5,0.0,17.5,17.5
14956,1.0,0.0,1,1,10.87,2.75,14.5,8.5
15000,1.41,0.62,3,1,17.75,6.98,35.4,18.5
15002,1.0,0.0,1,1,15.9,0.0,15.9,15.9
15004,2.51,2.01,10,2,11.21,7.27,29.28,9.8
15005,1.0,0.0,1,1,17.87,1.37,19.8,16.9
15010,2.0,1.0,3,3,27.25,14.45,41.7,41.7
15012,1.0,0.0,1,1,8.14,3.59,12.8,5.8
15019,1.25,0.43,2,1,14.71,8.9,33.6,16.8
15021,1.25,0.43,2,1,19.12,13.76,42.8,13.8
15022,5.0,3.0,8,8,101.5,62.5,164.0,164.0
15029,1.0,0.0,1,1,12.15,7.35,19.5,19.5
15100,1.0,0.0,1,1,29.8,0.0,29.8,29.8
15101,1.17,0.37,2,1,32.85,8.55,48.0,30.8
15102,1.0,0.0,1,1,26.35,6.55,32.9,32.9
15103,1.0,0.0,1,1,18.0,0.0,18.0,18.0
15104,1.21,0.69,4,1,22.19,17.97,89.0,19.8
15105,1.0,0.0,1,1,5.8,0.0,5.8,5.8
15110,1.99,1.8,14,1,23.33,22.45,148.5,17.0
15111,1.48,0.9,5,1,15.08,13.84,60.0,9.6
15113,1.25,0.6,3,1,12.92,10.71,33.7,16.2
15114,1.72,1.41,8,1,15.9,13.58,54.74,11.2
15115,2.16,1.57,10,2,24.99,19.65,108.2,18.0
15116,2.85,3.11,13,2,11.86,11.02,42.9,9.4
15119,2.08,1.32,7,2,92.18,318.44,1614.6,18.0
15120,1.59,0.84,4,1,19.94,15.0,72.8,15.0
15121,1.6,0.8,3,1,23.6,14.55,46.0,12.0
15123,1.0,0.0,1,1,15.0,0.0,15.0,15.0
15130,1.75,1.09,7,1,16.34,12.41,64.96,11.0
15131,5.0,2.0,7,7,39.4,22.9,62.3,62.3
15139,1.42,0.64,3,1,12.4,4.13,19.2,13.5
15140,1.25,0.43,2,1,20.66,12.31,39.6,19.8
15149,1.86,0.99,4,2,26.93,23.41,75.2,15.8
15200,2.02,1.97,11,1,31.99,26.79,144.0,27.6
15201,1.33,0.47,2,1,29.35,27.65,79.2,33.0
15202,1.55,0.92,4,1,39.29,43.72,216.0,29.2
15209,1.67,1.78,8,1,28.76,32.52,148.0,22.9
15210,1.0,0.0,1,1,8.0,0.0,8.0,8.0
15211,1.75,0.83,3,2,4.5,3.71,10.8,3.6
15219,1.4,0.49,2,1,8.76,6.09,19.2,9.6
15230,1.12,0.33,2,1,7.25,2.2,14.0,6.0
15231,2.07,1.46,7,2,10.23,6.72,31.0,8.0
15232,1.91,2.06,11,1,9.22,9.26,49.5,6.5
15235,8.67,10.14,23,2,24.17,28.89,65.0,5.0
15240,1.0,0.0,1,1,8.62,3.39,12.6,10.0
15241,1.33,0.47,2,1,12.7,3.4,16.4,13.5
15242,1.75,2.02,10,1,12.78,8.31,35.5,13.5
15243,2.0,0.0,2,2,13.0,0.0,13.0,13.0
15249,1.0,0.0,1,1,2.0,0.0,2.0,2.0
15250,1.0,0.0,1,1,21.5,0.0,21.5,21.5
15261,1.0,0.0,1,1,20.9,0.0,20.9,20.9
15263,1.25,0.43,2,1,4.62,2.76,9.0,4.8
15269,1.0,0.0,1,1,11.8,0.0,11.8,11.8
15303,1.5,0.5,2,2,17.8,6.0,23.8,23.8
15306,2.0,0.0,2,2,75.3,0.0,75.3,75.3
15320,1.25,0.43,2,1,20.8,11.97,36.7,27.9
15321,1.0,0.0,1,1,9.9,0.0,9.9,9.9
15323,1.25,0.43,2,1,16.5,7.71,29.6,13.8
15333,1.5,0.5,2,2,25.85,7.95,33.8,33.8
15339,1.0,0.0,1,1,10.9,0.0,10.9,10.9
15340,1.0,0.0,1,1,35.85,3.05,38.9,38.9
15343,1.11,0.31,2,1,13.83,7.39,32.8,11.7
15401,1.0,0.0,1,1,11.57,0.47,11.9,11.9
15402,1.43,0.49,2,1,21.17,10.49,49.6,21.8
15404,1.2,0.4,2,1,47.16,24.68,96.4,36.8
15405,1.5,0.5,2,2,42.75,14.25,57.0,57.0
15409,1.0,0.0,1,1,36.8,0.0,36.8,36.8
15410,1.43,0.71,3,1,16.6,8.63,39.7,14.9
15411,1.2,0.4,2,1,12.86,4.11,20.8,10.9
15412,1.0,0.0,1,1,19.2,6.4,25.6,25.6
15415,1.0,0.0,1,1,15.35,4.78,22.8,16.8
15419,1.38,0.48,2,1,21.3,12.96,53.6,19.8
15420,1.0,0.0,1,1,16.8,0.0,16.8,16.8
15421,1.0,0.0,1,1,34.8,0.0,34.8,34.8
15424,1.0,0.0,1,1,8.7,0.0,8.7,8.7
15430,1.0,0.0,1,1,11.8,0.0,11.8,11.8
15432,1.0,0.0,1,1,21.8,0.0,21.8,21.8
15433,1.25,0.43,2,1,16.07,10.51,32.3,17.8
15451,1.0,0.0,1,1,14.2,0.0,14.2,14.2
15459,1.25,0.43,2,1,42.05,10.45,59.8,37.8
15469,1.0,0.0,1,1,13.62,3.19,17.0,15.8
15501,1.0,0.0,1,1,21.25,6.35,27.6,27.6
15502,1.56,1.1,5,1,14.64,18.76,85.6,8.8
15503,2.0,1.1,4,2,43.48,16.24,63.5,43.0
15603,1.0,0.0,1,1,69.8,0.0,69.8,69.8
15604,1.29,0.45,2,1,156.11,62.96,281.8,148.0
15605,1.14,0.35,2,1,76.37,52.25,276.0,69.0
20012,1.29,0.45,2,1,18.9,10.1,36.37,12.84
20101,1.0,0.0,1,1,4.97,1.98,6.95,6.95
20102,1.0,0.0,1,1,9.03,0.0,9.03,9.03
20103,1.29,0.45,2,1,7.55,3.38,13.16,6.4
20110,1.26,0.55,3,1,25.2,14.42,78.06,21.42
20111,2.0,0.0,2,2,16.8,0.0,16.8,16.8
20121,1.44,0.86,4,1,14.37,15.25,62.01,8.47
20130,1.33,0.67,3,1,22.21,27.94,88.25,10.0
20201,1.0,0.0,1,1,14.21,0.0,14.21,14.21
20202,1.2,0.4,2,1,14.5,10.27,31.08,11.05
21000,1.5,0.87,3,1,18.46,9.03,29.24,20.74
21011,1.12,0.33,2,1,24.77,13.1,55.74,19.05
21012,1.0,0.0,1,1,8.26,1.18,10.24,7.91
21020,1.0,0.0,1,1,20.54,0.0,20.54,20.54
21021,1.33,0.67,3,1,23.34,18.27,73.65,18.84
21110,1.25,0.43,2,1,32.16,17.48,62.2,24.64
21120,1.25,0.43,2,1,8.54,7.73,21.78,5.11
21200,1.5,0.96,4,1,12.44,7.52,25.0,12.32
21400,1.18,0.39,2,1,11.78,10.98,43.12,9.09
21700,1.0,0.0,1,1,18.0,7.4,25.39,25.39
21801,1.38,0.9,5,1,24.99,19.52,71.76,14.14
22000,1.04,0.19,2,1,8.7,5.46,26.76,7.6
22001,1.26,0.64,4,1,9.75,9.65,57.36,7.75
22002,1.0,0.0,1,1,22.87,9.1,35.62,18.0
22003,1.0,0.0,1,1,21.36,0.0,21.36,21.36
22004,1.0,0.0,1,1,22.85,2.95,25.8,25.8
22007,1.19,0.5,3,1,12.08,11.98,75.73,8.8
22008,1.7,1.14,6,1,34.28,51.17,331.73,17.38
22010,1.17,0.47,3,1,12.38,9.03,47.01,9.37
22012,1.17,0.37,2,1,15.98,4.57,24.25,15.98
22013,1.24,0.68,4,1,19.06,17.62,94.08,14.12
22020,1.22,0.5,3,1,20.73,7.66,40.26,20.26
22021,1.24,0.54,3,1,20.9,14.92,65.56,14.54
22030,1.25,0.43,2,1,23.39,17.62,48.79,30.53
22032,1.0,0.0,1,1,8.42,5.04,19.59,7.65
22034,1.37,0.89,6,1,18.52,15.14,77.31,13.92
22035,1.0,0.0,1,1,15.8,0.0,15.8,15.8
22036,1.43,0.86,7,1,8.67,6.34,44.4,7.3
22040,1.07,0.26,2,1,29.36,23.63,90.4,19.9
22041,1.0,0.0,1,1,1.68,0.0,1.68,1.68
22071,1.18,0.39,2,1,15.04,9.88,37.6,10.0
22100,1.15,0.36,2,1,7.55,4.45,23.18,6.51
22101,1.56,0.79,4,1,6.79,4.55,20.5,4.95
22102,1.93,1.42,10,1,9.28,8.5,70.05,7.68
22103,1.52,0.82,5,1,8.2,5.94,32.45,6.21
22110,1.33,0.62,3,1,5.24,3.28,14.8,4.37
22111,1.65,0.94,5,1,8.84,8.94,69.42,6.6
22120,1.43,0.78,5,1,7.11,5.73,26.8,5.08
22130,1.97,1.75,11,1,5.06,5.28,31.6,3.08
22131,1.6,1.2,4,1,5.66,3.94,10.96,4.49
22132,1.0,0.0,1,1,2.4,1.4,5.33,1.9
22160,2.5,1.5,4,4,7.33,4.87,12.2,12.2
22170,1.2,0.4,2,1,6.65,3.6,14.71,5.3
22171,1.13,0.34,2,1,4.77,3.38,10.47,4.44
22172,1.52,0.76,4,1,5.62,4.98,26.75,4.17
22180,1.25,0.43,2,1,2.77,1.37,5.31,2.5
22190,1.6,1.11,6,1,4.03,4.24,25.17,2.89
22500,1.53,1.6,10,1,17.77,12.78,55.28,15.8
22501,1.0,0.0,1,1,6.67,0.63,7.3,7.3
22503,1.67,0.47,2,2,139.2,91.84,256.0,130.0
22511,1.2,0.4,2,1,8.55,2.13,12.14,7.84
22520,1.0,0.0,1,1,36.0,12.0,48.0,48.0
22600,1.15,0.36,2,1,19.06,9.66,33.92,21.71
22601,1.27,0.44,2,1,14.21,10.3,38.45,11.48
22602,1.0,0.0,1,1,7.52,4.57,13.79,5.75
22603,1.0,0.0,1,1,8.2,5.28,18.16,6.54
22604,1.0,0.0,1,1,8.29,1.3,9.59,9.59
22610,1.0,0.0,1,1,4.11,1.3,6.05,3.99
22620,1.0,0.0,1,1,3.46,0.0,3.46,3.46
22621,1.0,0.0,1,1,3.9,1.05,4.95,4.95
22630,1.36,0.48,2,1,9.8,5.6,20.51,9.21
22631,1.08,0.28,2,1,11.63,4.91,21.71,12.1
22671,1.67,1.05,4,1,21.25,19.17,57.06,14.34
22701,1.33,0.64,4,1,15.2,9.23,37.02,11.95
22702,1.08,0.28,2,1,20.79,12.74,49.46,15.39
22710,1.11,0.31,2,1,15.17,9.96,38.73,11.19
22711,1.17,0.37,2,1,15.54,5.49,24.59,17.98
22712,1.4,0.49,2,1,30.15,10.24,50.3,26.44
22713,1.29,0.59,3,1,54.77,39.27,154.65,50.32
22714,1.67,0.75,3,2,9.71,3.82,16.2,9.61
22715,1.45,0.66,3,1,9.55,5.72,22.58,7.8
22716,1.31,0.46,2,1,7.66,2.87,13.07,6.63
22800,1.0,0.0,1,1,4.65,1.79,6.95,5.05
22801,1.0,0.0,1,1,4.59,0.62,5.21,5.21
22802,1.14,0.35,2,1,6.04,2.75,11.49,5.67
22821,2.0,0.0,2,2,9.17,0.0,9.17,9.17
22830,1.25,0.6,3,1,18.66,16.29,63.36,18.33
22840,1.0,0.0,1,1,8.16,0.36,8.53,8.53
22850,1.0,0.0,1,1,2.68,0.0,2.68,2.68
22851,3.0,0.0,3,3,3.33,0.0,3.33,3.33
22870,1.6,0.8,3,1,28.57,10.33,41.76,30.24
22900,1.0,0.0,1,1,8.46,7.92,19.66,2.97
22901,1.0,0.0,1,1,4.44,0.0,4.44,4.44
22902,1.0,0.0,1,1,9.18,0.0,9.18,9.18
23110,2.45,2.39,19,2,26.89,34.54,244.6,16.0
23112,1.29,0.8,4,1,10.11,4.44,24.0,8.0
23113,1.29,0.55,3,1,17.57,9.67,48.0,15.0
23120,1.24,0.57,3,1,11.87,7.06,27.67,9.85
23121,1.54,0.97,5,1,11.68,8.55,47.42,9.55
23130,1.0,0.0,1,1,13.53,1.04,15.0,12.8
23131,1.23,0.42,2,1,9.81,3.34,16.0,8.0
23132,1.72,1.58,11,1,12.33,9.11,55.0,10.0
23133,2.0,0.0,2,2,31.6,0.0,31.6,31.6
23134,1.46,0.72,4,1,12.22,14.37,91.52,7.06
23135,1.25,0.43,2,1,14.25,5.76,24.0,12.0
23141,1.0,0.0,1,1,9.8,0.0,9.8,9.8
23142,1.0,0.0,1,1,7.3,0.83,7.99,7.78
23150,1.0,0.0,1,1,6.0,0.0,6.0,6.0
23171,1.0,0.0,1,1,7.61,1.22,8.82,8.82
24000,2.28,3.13,17,1,82.24,90.05,436.22,53.79
24010,1.54,0.95,7,1,35.32,30.89,184.42,25.77
24011,1.17,0.5,3,1,71.08,36.85,162.03,67.76
24012,1.4,0.71,3,1,36.76,29.88,110.95,28.48
24030,1.25,0.43,2,1,74.74,89.19,229.18,25.93
24032,1.0,0.0,1,1,2.55,0.0,2.55,2.55
24100,1.14,0.35,2,1,30.63,7.66,43.84,29.92
24101,1.68,1.43,9,1,25.1,14.5,70.9,22.5
24102,1.17,0.37,2,1,14.97,6.51,26.08,16.57
24112,1.0,0.0,1,1,5.72,1.94,7.27,6.91
24220,1.0,0.0,1,1,7.66,3.34,11.86,9.93
24400,1.0,0.0,1,1,10.42,0.0,10.42,10.42
24401,1.2,0.4,2,1,25.31,8.4,44.49,24.88
24403,1.25,0.43,2,1,17.87,7.8,30.87,16.14
25005,1.0,0.0,1,1,4.2,1.47,6.0,3.0
25012,1.56,0.96,4,1,9.7,4.2,19.92,8.32
25100,1.22,0.42,2,1,9.47,3.19,15.6,8.09
25101,2.36,2.02,10,1,9.4,9.17,47.37,6.0
25102,1.0,0.0,1,1,2.5,0.0,2.5,2.5
25110,1.2,0.4,2,1,5.5,2.45,10.0,5.0
25111,1.77,1.99,11,1,7.91,14.14,92.0,4.0
25112,1.5,0.5,2,2,18.95,11.78,30.72,30.72
25120,2.69,7.07,51,1,10.44,24.95,168.2,4.0
25121,1.45,1.75,9,1,6.09,7.55,38.72,4.0
25130,1.25,0.66,3,1,6.95,6.66,22.48,4.86
25150,1.0,0.0,1,1,6.8,0.0,6.8,6.8
25405,1.0,0.0,1,1,10.08,0.0,10.08,10.08
27000,2.59,4.66,44,1,31.69,48.24,419.76,19.99
27002,1.73,1.3,7,1,40.18,40.44,189.92,28.2
27030,1.0,0.0,1,1,14.66,2.48,17.15,17.15
27100,1.52,0.92,5,1,11.52,7.93,36.04,10.29
27200,1.8,1.57,9,1,13.09,12.9,76.11,8.0
27201,1.0,0.0,1,1,8.0,0.0,8.0,8.0
27240,1.45,0.66,3,1,3.58,1.66,7.4,3.08
27300,2.15,2.31,19,1,8.07,9.57,76.7,5.0
27400,2.0,2.69,21,1,22.81,33.97,258.08,15.84
27410,1.99,1.42,11,2,14.54,14.23,128.0,12.0
27421,1.0,0.0,1,1,42.86,0.0,42.86,42.86
30000,1.4,0.49,2,1,49.5,40.1,118.8,39.6
30001,2.0,0.0,2,2,34.8,0.0,34.8,34.8
30006,1.0,0.0,1,1,19.9,0.0,19.9,19.9
30010,1.67,1.11,4,1,10.53,8.87,28.7,6.9
30011,1.0,0.0,1,1,25.18,13.26,48.0,19.9
30012,1.0,0.0,1,1,29.9,0.0,29.9,29.9
30020,1.5,0.5,2,2,25.85,0.05,25.9,25.9
30040,1.0,0.0,1,1,14.5,0.0,14.5,14.5
30042,1.0,0.0,1,1,49.0,0.0,49.0,49.0
30052,1.0,0.0,1,1,78.0,0.0,78.0,78.0
30103,1.0,0.0,1,1,10.9,0.0,10.9,10.9
30120,4.0,0.0,4,4,30.8,0.0,30.8,30.8
30121,2.0,0.0,2,2,35.8,0.0,35.8,35.8
30124,1.5,0.5,2,2,54.9,24.9,79.8,79.8
30125,4.0,0.0,4,4,71.6,0.0,71.6,71.6
30126,4.0,0.0,4,4,36.0,0.0,36.0,36.0
30133,2.0,0.0,2,2,49.8,0.0,49.8,49.8
30151,1.0,0.0,1,1,179.0,0.0,179.0,179.0
30161,1.27,0.45,2,1,18.66,17.92,60.8,10.9
30164,1.0,0.0,1,1,3.9,0.0,3.9,3.9
30165,1.5,0.5,2,2,15.35,5.45,20.8,20.8
30166,1.0,0.0,1,1,8.23,1.25,9.9,7.9
30167,1.0,0.0,1,1,20.9,0.0,20.9,20.9
30169,1.0,0.0,1,1,42.9,0.0,42.9,42.9
30170,1.5,0.5,2,2,22.35,7.45,29.8,29.8
30172,1.0,0.0,1,1,17.9,0.0,17.9,17.9
30175,1.0,0.0,1,1,29.0,0.0,29.0,29.0
30202,1.0,0.0,1,1,97.0,0.0,97.0,97.0
30215,1.0,0.0,1,1,149.0,0.0,149.0,149.0
30231,1.0,0.0,1,1,149.0,98.99,289.0,79.0
30233,1.0,0.0,1,1,279.0,0.0,279.0,279.0
30250,1.0,0.0,1,1,169.0,0.0,169.0,169.0
30300,1.0,0.0,1,1,19.9,0.0,19.9,19.9
30304,1.2,0.4,2,1,21.5,7.45,31.8,24.9
30308,1.0,0.0,1,1,39.0,0.0,39.0,39.0
30310,1.0,0.0,1,1,80.0,0.0,80.0,80.0
30314,1.0,0.0,1,1,45.0,0.0,45.0,45.0
30320,1.0,0.0,1,1,9.54,1.83,11.9,8.9
30321,1.36,0.64,3,1,11.72,5.8,22.9,11.5
30322,1.0,0.0,1,1,13.8,0.0,13.8,13.8
30323,1.0,0.0,1,1,11.9,0.0,11.9,11.9
30330,1.0,0.0,1,1,3.0,0.0,3.0,3.0
30331,1.0,0.0,1,1,7.0,0.0,7.0,7.0
30332,1.0,0.0,1,1,7.9,0.0,7.9,7.9
30333,1.0,0.0,1,1,29.0,0.0,29.0,29.0
30334,2.0,1.0,3,3,45.8,25.9,71.7,71.7
30335,1.0,0.0,1,1,104.45,54.55,159.0,159.0
30336,1.0,0.0,1,1,6.9,0.0,6.9,6.9
30337,1.0,0.0,1,1,28.4,5.5,33.9,33.9
30338,1.0,0.0,1,1,12.9,0.0,12.9,12.9
30341,1.0,0.0,1,1,29.9,0.0,29.9,29.9
30348,1.33,0.47,2,1,15.07,8.76,28.8,9.9
30350,1.0,0.0,1,1,32.9,0.0,32.9,32.9
30351,1.0,0.0,1,1,12.9,1.73,13.9,13.9
30352,1.0,0.0,1,1,24.9,0.0,24.9,24.9
30353,1.0,0.0,1,1,24.9,0.0,24.9,24.9
30354,1.0,0.0,1,1,25.9,0.0,25.9,25.9
30355,1.0,0.0,1,1,18.9,6.0,24.9,24.9
30356,1.0,0.0,1,1,24.65,0.43,24.9,24.9
30358,1.0,0.0,1,1,29.9,0.0,29.9,29.9
30361,1.0,0.0,1,1,14.9,0.0,14.9,14.9
30362,1.0,0.0,1,1,13.9,0.0,13.9,13.9
30365,1.25,0.43,2,1,24.35,9.47,34.7,32.9
30380,2.22,1.5,9,2,0.53,0.38,2.3,0.4
30393,1.0,0.0,1,1,28.9,0.0,28.9,28.9
30420,1.0,0.0,1,1,7.4,0.0,7.4,7.4
30444,1.11,0.31,2,1,6.63,3.56,14.9,4.9
30445,1.0,0.0,1,1,7.47,3.63,12.6,4.9
30447,1.0,0.0,1,1,5.8,0.0,5.8,5.8
30448,1.0,0.0,1,1,12.9,6.0,18.9,18.9
30451,1.0,0.0,1,1,19.9,0.0,19.9,19.9
30500,1.0,0.0,1,1,59.6,27.86,99.0,39.9
30503,1.0,0.0,1,1,48.0,10.0,58.0,58.0
30504,2.67,0.94,4,2,55.63,31.13,99.6,35.6
30510,1.0,0.0,1,1,11.15,3.7,16.9,11.9
30512,1.0,0.0,1,1,24.9,5.0,29.9,29.9
30514,1.1,0.3,2,1,6.78,3.63,13.9,6.8
30515,1.0,0.0,1,1,3.35,0.85,4.2,4.2
30521,1.0,0.0,1,1,8.9,0.0,8.9,8.9
30522,1.25,0.43,2,1,15.9,6.96,26.9,16.9
30530,1.0,0.0,1,1,29.9,0.0,29.9,29.9
30541,1.67,0.47,2,2,15.13,6.84,22.8,16.4
30551,1.0,0.0,1,1,44.9,0.0,44.9,44.9
30553,2.0,0.0,2,2,59.8,0.0,59.8,59.8
30602,1.0,0.0,1,1,79.45,0.45,79.9,79.9
30634,1.33,0.47,2,1,8.55,5.65,19.8,5.9
30641,1.0,0.0,1,1,6.5,0.0,6.5,6.5
30700,5.5,4.5,10,10,68.95,59.05,128.0,128.0
30701,1.5,0.5,2,2,24.15,9.65,33.8,33.8
30706,1.0,0.0,1,1,13.9,0.0,13.9,13.9
30710,1.6,0.8,3,1,18.26,14.88,39.8,7.0
30723,1.0,0.0,1,1,9.9,5.0,14.9,14.9
30727,3.0,0.0,3,3,19.8,0.0,19.8,19.8
30728,1.0,0.0,1,1,21.9,0.0,21.9,21.9
30800,1.0,0.0,1,1,9.5,0.0,9.5,9.5
30803,1.0,0.0,1,1,15.0,0.0,15.0,15.0
30804,1.0,0.0,1,1,18.4,7.5,25.9,25.9
30812,1.0,0.0,1,1,8.9,0.0,8.9,8.9
30820,1.0,0.0,1,1,3.9,0.0,3.9,3.9
30821,1.17,0.37,2,1,10.22,5.49,21.8,8.9
30822,1.0,0.0,1,1,10.1,5.47,16.9,9.9
30832,1.0,0.0,1,1,11.0,0.0,11.0,11.0
30840,1.0,0.0,1,1,5.9,0.0,5.9,5.9
30903,1.0,0.0,1,1,29.9,0.0,29.9,29.9
31001,1.0,0.0,1,1,14.2,5.65,19.9,13.9
31003,1.33,0.47,2,1,9.6,0.67,10.5,9.4
31004,1.25,0.43,2,1,1.6,0.58,2.6,1.3
31010,2.0,0.0,2,2,63.8,0.0,63.8,63.8
31012,1.0,0.0,1,1,8.9,0.0,8.9,8.9
31017,1.0,0.0,1,1,7.0,0.0,7.0,7.0
31021,1.25,0.43,2,1,7.95,3.65,13.9,7.7
31022,1.0,0.0,1,1,5.9,0.0,5.9,5.9
31023,1.0,0.0,1,1,3.5,0.0,3.5,3.5
31024,1.0,0.0,1,1,11.8,0.0,11.8,11.8
31028,1.0,0.0,1,1,29.5,0.0,29.5,29.5
31029,1.0,0.0,1,1,9.5,0.0,9.5,9.5
31031,1.0,0.0,1,1,5.0,0.0,5.0,5.0
31032,1.0,0.0,1,1,7.5,0.0,7.5,7.5
31042,1.25,0.43,2,1,4.38,1.77,7.0,4.8
31047,1.0,0.0,1,1,27.8,0.0,27.8,27.8
31049,1.0,0.0,1,1,15.4,0.5,15.9,15.9
31131,1.0,0.0,1,1,11.9,0.0,11.9,11.9
31133,1.0,0.0,1,1,6.5,0.0,6.5,6.5
31135,1.0,0.0,1,1,12.5,0.0,12.5,12.5
31137,1.0,0.0,1,1,5.9,0.0,5.9,5.9
31302,1.0,0.0,1,1,6.6,0.0,6.6,6.6
31423,1.0,0.0,1,1,12.9,0.0,12.9,12.9
31425,1.88,0.93,3,2,12.3,9.84,36.3,11.3
32012,1.0,0.0,1,1,35.8,0.0,35.8,35.8
32013,1.0,0.0,1,1,29.2,0.0,29.2,29.2
32030,1.0,0.0,1,1,11.9,0.0,11.9,11.9
32043,1.0,0.0,1,1,12.0,0.0,12.0,12.0
32143,1.17,0.37,2,1,32.33,17.88,60.0,35.0
32203,1.0,0.0,1,1,29.9,0.0,29.9,29.9
32214,1.0,0.0,1,1,142.0,14.0,156.0,156.0
32300,1.0,0.0,1,1,49.0,0.0,49.0,49.0
32314,1.0,0.0,1,1,35.0,0.0,35.0,35.0
32316,1.5,0.87,3,1,34.0,14.23,55.0,37.0
32322,1.0,0.0,1,1,93.5,5.5,99.0,99.0
32323,1.0,0.0,1,1,29.0,0.0,29.0,29.0
32325,1.0,0.0,1,1,92.0,44.81,179.0,99.0
32350,1.0,0.0,1,1,3.0,0.0,3.0,3.0
32352,1.0,0.0,1,1,41.5,6.5,48.0,48.0
32360,1.0,0.0,1,1,15.0,7.0,22.0,22.0
32361,1.0,0.0,1,1,23.0,0.0,23.0,23.0
32368,1.0,0.0,1,1,13.0,0.0,13.0,13.0
32403,1.0,0.0,1,1,2.0,0.0,2.0,2.0
32416,1.44,0.96,4,1,24.76,33.29,116.0,12.8
32736,1.0,0.0,1,1,2.0,0.0,2.0,2.0
32821,1.0,0.0,1,1,12.95,2.95,15.9,15.9
32917,1.7,1.19,5,1,23.09,17.93,58.0,25.0
33001,1.0,0.0,1,1,299.0,0.0,299.0,299.0
33007,1.0,0.0,1,1,239.0,0.0,239.0,239.0
33018,1.0,0.0,1,1,279.0,0.0,279.0,279.0
33060,1.67,1.05,4,1,12.04,8.14,32.7,8.9
33064,1.0,0.0,1,1,28.0,0.0,28.0,28.0
34032,1.0,0.0,1,1,8.0,0.0,8.0,8.0
34038,1.0,0.0,1,1,9.1,0.0,9.1,9.1
34051,3.0,0.0,3,3,29.5,0.0,29.5,29.5
34053,1.0,0.0,1,1,35.0,0.0,35.0,35.0
34100,1.0,0.0,1,1,39.0,0.0,39.0,39.0
34101,1.0,0.0,1,1,48.57,9.84,59.9,49.9
34113,1.0,0.0,1,1,89.0,0.0,89.0,89.0
34121,1.0,0.0,1,1,45.5,11.41,62.9,48.9
34127,1.0,0.0,1,1,25.9,0.0,25.9,25.9
34135,1.0,0.0,1,1,39.0,0.0,39.0,39.0
34200,1.0,0.0,1,1,9.9,0.0,9.9,9.9
34203,2.0,0.0,2,2,33.8,0.0,33.8,33.8
34204,1.38,0.48,2,1,20.5,8.67,34.8,16.9
34207,1.0,0.0,1,1,17.4,0.5,17.9,17.9
34211,1.5,0.5,2,2,22.35,9.45,31.8,31.8
34212,1.0,0.0,1,1,9.9,1.0,10.9,10.9
34220,1.25,0.43,2,1,13.12,7.08,24.8,11.9
34225,2.25,1.64,5,2,91.27,65.23,199.5,85.8
34226,1.0,0.0,1,1,12.9,0.0,12.9,12.9
34240,2.0,0.0,2,2,15.8,0.0,15.8,15.8
34250,1.0,0.0,1,1,6.9,0.0,6.9,6.9
34304,4.0,0.0,4,4,184.0,0.0,184.0,184.0
34333,1.0,0.0,1,1,240.0,0.0,240.0,240.0
34511,2.0,1.0,3,3,26.85,11.95,38.8,38.8
34513,3.0,2.0,5,5,53.5,20.5,74.0,74.0
34641,1.0,0.0,1,1,29.0,0.0,29.0,29.0
34831,1.0,0.0,1,1,199.0,0.0,199.0,199.0
34900,1.0,0.0,1,1,11.9,0.0,11.9,11.9
36010,1.0,0.0,1,1,23.9,5.34,32.9,21.9
36020,1.0,0.0,1,1,19.9,5.0,24.9,24.9
36022,1.0,0.0,1,1,29.9,0.0,29.9,29.9
36023,2.0,0.0,2,2,59.8,0.0,59.8,59.8
36030,1.2,0.4,2,1,23.08,8.78,38.8,21.9
36035,2.0,0.0,2,2,85.8,0.0,85.8,85.8
40000,1.07,0.25,2,1,131.57,206.59,805.0,35.7
