b,b_user_agg_count_mean,b_user_agg_count_std,b_user_agg_count_max,b_user_agg_count_median,b_user_agg_amount_mean,b_user_agg_amount_std,b_user_agg_amount_max,b_user_agg_amount_median
10003.0,1.0,0.0,1,1,5.0,0.0,5.0,5.0
10007.0,1.6,0.92,4,1,6.04,4.06,15.4,4.7
10010.0,1.0,0.0,1,1,47.0,0.0,47.0,47.0
10012.0,1.14,0.35,2,1,80.97,52.17,158.0,68.0
10015.0,1.0,0.0,1,1,5.5,2.0,7.5,7.5
10033.0,2.1,0.83,4,2,19.1,11.41,42.0,13.0
10038.0,1.0,0.0,1,1,5.6,0.0,5.6,5.6
10043.0,1.0,0.0,1,1,10.0,0.0,10.0,10.0
10045.0,1.56,0.68,3,1,14.84,9.58,34.9,11.8
10047.0,1.0,0.0,1,1,15.2,7.3,22.5,22.5
10049.0,2.0,0.0,2,2,20.0,0.0,20.0,20.0
10053.0,1.5,0.5,2,2,4.35,1.45,5.8,5.8
10060.0,1.32,0.68,4,1,3.28,1.88,10.0,2.7
10062.0,1.48,1.1,6,1,6.31,4.77,21.6,5.9
10063.0,1.0,0.0,1,1,2.7,0.0,2.7,2.7
10064.0,1.3,0.9,4,1,9.04,6.01,24.8,9.9
10066.0,2.0,1.22,4,2,6.7,4.05,13.2,7.0
10068.0,1.75,1.42,6,1,6.08,6.5,24.0,3.0
10069.0,1.7,0.78,3,2,6.81,2.66,10.8,7.0
10075.0,1.0,0.0,1,1,4.5,0.0,4.5,4.5
10080.0,1.71,0.88,4,2,8.54,6.02,26.8,6.5
10083.0,2.0,1.41,4,1,108.33,84.11,220.0,88.0
10084.0,2.0,0.82,3,2,31.6,12.9,47.4,31.6
10085.0,2.0,0.0,2,2,23.0,0.0,23.0,23.0
10086.0,1.62,1.23,8,1,8.31,13.08,88.0,4.3
10087.0,1.0,0.0,1,1,7.5,0.0,7.5,7.5
10091.0,1.57,1.05,4,1,42.69,39.53,108.0,36.0
10094.0,1.75,1.3,4,1,7.75,6.07,18.8,4.7
10097.0,1.0,0.0,1,1,4.4,0.5,4.9,4.9
10098.0,1.0,0.0,1,1,172.5,127.5,300.0,300.0
10104.0,1.33,0.47,2,1,133.33,157.69,380.0,36.0
10106.0,1.25,0.54,3,1,6.22,3.28,16.5,5.5
10107.0,1.63,0.93,5,1,7.1,13.64,63.2,3.0
10109.0,2.67,1.7,5,2,10.13,6.46,19.0,7.6
10116.0,2.0,0.0,2,2,48.0,0.0,48.0,48.0
10119.0,2.0,0.0,2,2,11.0,0.0,11.0,11.0
10123.0,3.67,2.05,6,4,39.2,37.93,91.78,22.14
10124.0,3.0,2.67,9,2,20.77,24.91,79.6,12.0
10125.0,1.0,0.0,1,1,8.93,4.2,11.9,11.9
10127.0,1.0,0.0,1,1,26.23,27.38,64.8,9.9
10129.0,1.0,0.0,1,1,1.5,0.0,1.5,1.5
10130.0,1.0,0.0,1,1,23.0,0.0,23.0,23.0
10133.0,2.0,1.41,4,1,177.33,99.03,316.0,125.0
10137.0,2.5,0.5,3,3,19.85,2.05,21.9,21.9
10154.0,1.17,0.37,2,1,4.55,1.45,7.8,3.9
10161.0,1.5,0.5,2,2,8.75,4.25,13.0,13.0
10163.0,1.33,0.47,2,1,4.67,2.13,8.5,3.8
10185.0,2.0,0.0,2,2,146.0,0.0,146.0,146.0
10190.0,1.0,0.0,1,1,59.0,0.0,59.0,59.0
10198.0,1.33,0.47,2,1,31.63,24.23,64.8,22.5
10199.0,1.0,0.0,1,1,4.28,3.38,10.0,3.5
10208.0,1.0,0.0,1,1,9.8,0.0,9.8,9.8
10211.0,1.57,0.62,3,2,5.1,1.57,7.0,6.0
10214.0,2.0,0.0,2,2,327.0,0.0,327.0,327.0
10608.0,1.0,0.0,1,1,16.52,21.24,59.0,5.9
10616.0,2.0,0.0,2,2,26.0,0.0,26.0,26.0
10617.0,1.0,0.0,1,1,8.7,0.0,8.7,8.7
10624.0,1.67,0.94,3,1,14.67,8.3,26.4,8.8
10628.0,1.0,0.0,1,1,5.5,0.0,5.5,5.5
10632.0,2.17,1.07,4,2,35.9,20.71,75.0,38.0
10637.0,3.33,1.7,5,4,13.67,6.97,20.5,16.4
10652.0,1.0,0.0,1,1,6.4,4.53,16.0,5.0
10656.0,1.0,0.0,1,1,3.8,0.0,3.8,3.8
10659.0,1.71,1.03,4,1,6.43,6.09,21.0,3.0
10669.0,1.0,0.0,1,1,93.0,45.0,138.0,138.0
10676.0,1.0,0.0,1,1,14.8,0.0,14.8,14.8
10678.0,1.0,0.0,1,1,12.8,0.0,12.8,12.8
10679.0,1.5,0.5,2,2,12.35,3.52,15.8,15.8
10685.0,5.0,0.0,5,5,17.5,0.0,17.5,17.5
10691.0,2.0,0.0,2,2,8.3,0.0,8.3,8.3
10692.0,1.5,0.87,3,1,2.62,1.32,4.0,3.0
10697.0,2.0,1.0,3,3,2.75,0.25,3.0,3.0
10701.0,2.25,1.3,4,3,6.53,3.77,11.6,8.7
10702.0,2.5,1.5,4,4,10.0,6.0,16.0,16.0
10703.0,1.8,1.17,4,1,12.42,8.37,28.3,11.0
10704.0,2.0,0.0,2,2,10.0,0.0,10.0,10.0
10705.0,1.5,0.87,3,1,16.0,13.58,39.0,13.0
10706.0,1.92,2.66,16,1,25.06,50.36,303.6,13.8
10710.0,1.0,0.0,1,1,6.63,2.85,12.8,5.8
10714.0,1.0,0.0,1,1,15.0,0.0,15.0,15.0
10715.0,1.0,0.0,1,1,21.3,0.0,21.3,21.3
10717.0,1.0,0.0,1,1,6.8,0.0,6.8,6.8
10719.0,1.33,0.56,3,1,18.06,16.44,79.2,12.5
10721.0,1.0,0.0,1,1,168.0,0.0,168.0,168.0
10722.0,3.5,2.5,6,6,295.0,207.0,502.0,502.0
10724.0,1.44,0.68,3,1,12.06,5.82,26.59,8.99
10726.0,1.0,0.0,1,1,6.8,0.0,6.8,6.8
10727.0,1.5,0.5,2,2,7.35,2.45,9.8,9.8
10729.0,1.8,1.17,4,1,11.7,7.58,26.0,6.5
10730.0,5.0,0.0,5,5,39.5,0.0,39.5,39.5
10732.0,1.0,0.0,1,1,22.5,0.0,22.5,22.5
10741.0,1.5,0.5,2,2,8.7,2.9,11.6,11.6
11004.0,1.0,0.0,1,1,6.55,1.45,8.0,8.0
11006.0,1.0,0.0,1,1,8.8,0.0,8.8,8.8
11014.0,1.0,0.0,1,1,3.5,0.0,3.5,3.5
11026.0,1.27,0.45,2,1,28.29,19.06,69.9,26.9
11032.0,2.0,1.0,3,3,9.2,4.3,13.5,13.5
11036.0,1.06,0.24,2,1,23.84,19.72,96.0,20.0
11039.0,1.0,0.0,1,1,23.8,0.0,23.8,23.8
11046.0,1.0,0.0,1,1,7.4,0.0,7.4,7.4
11048.0,1.29,0.45,2,1,12.6,3.94,18.8,13.2
11049.0,1.0,0.0,1,1,5.9,0.0,5.9,5.9
11052.0,1.0,0.0,1,1,49.7,0.0,49.7,49.7
11057.0,1.33,0.75,3,1,10.93,6.34,23.9,10.9
11069.0,1.0,0.0,1,1,24.5,0.0,24.5,24.5
11075.0,1.0,0.0,1,1,22.5,4.5,27.0,27.0
11079.0,1.14,0.35,2,1,13.3,5.2,20.9,10.9
11081.0,1.0,0.0,1,1,11.7,0.0,11.7,11.7
11085.0,1.0,0.0,1,1,23.6,0.0,23.6,23.6
11091.0,1.0,0.0,1,1,12.5,0.0,12.5,12.5
11094.0,1.0,0.0,1,1,10.6,1.91,13.9,9.5
11097.0,1.0,0.0,1,1,19.8,0.0,19.8,19.8
11106.0,1.0,0.0,1,1,8.3,4.67,14.9,5.0
11107.0,1.0,0.0,1,1,29.8,0.0,29.8,29.8
11110.0,1.0,0.0,1,1,20.8,4.2,25.0,25.0
11112.0,1.0,0.0,1,1,15.5,0.0,15.5,15.5
11114.0,1.0,0.0,1,1,11.2,4.07,24.0,10.0
11115.0,1.0,0.0,1,1,25.8,0.0,25.8,25.8
11116.0,2.0,0.0,2,2,98.0,0.0,98.0,98.0
11119.0,1.0,0.0,1,1,34.9,0.0,34.9,34.9
11121.0,1.0,0.0,1,1,27.9,0.0,27.9,27.9
11123.0,1.83,1.07,4,2,20.8,9.43,36.6,23.8
11127.0,1.0,0.0,1,1,25.9,0.0,25.9,25.9
11128.0,1.0,0.0,1,1,10.36,2.42,15.0,9.5
11129.0,1.06,0.24,2,1,19.14,12.93,59.7,17.5
11130.0,1.0,0.0,1,1,39.83,9.43,46.5,46.5
11133.0,1.0,0.0,1,1,9.97,2.86,13.5,9.9
11137.0,1.0,0.0,1,1,59.0,0.0,59.0,59.0
11140.0,1.0,0.0,1,1,11.8,0.0,11.8,11.8
11144.0,1.0,0.0,1,1,69.0,0.0,69.0,69.0
11146.0,1.0,0.0,1,1,25.9,0.0,25.9,25.9
11148.0,1.0,0.0,1,1,36.9,0.0,36.9,36.9
11149.0,1.0,0.0,1,1,10.05,5.55,15.6,15.6
11150.0,1.0,0.0,1,1,13.65,6.15,19.8,19.8
11151.0,1.0,0.0,1,1,28.5,0.0,28.5,28.5
11154.0,1.25,0.43,2,1,13.61,15.25,56.9,7.0
11156.0,2.5,1.5,4,4,4.0,0.0,4.0,4.0
11159.0,2.36,2.01,8,2,36.38,45.43,171.2,19.0
11164.0,1.0,0.0,1,1,69.4,0.0,69.4,69.4
11165.0,2.0,0.0,2,2,14.0,0.0,14.0,14.0
11168.0,1.0,0.0,1,1,98.0,0.0,98.0,98.0
11201.0,1.0,0.0,1,1,9.9,0.0,9.9,9.9
11204.0,1.0,0.0,1,1,33.85,17.22,63.0,29.8
11209.0,1.0,0.0,1,1,14.35,1.55,15.9,15.9
11210.0,1.0,0.0,1,1,27.8,0.0,27.8,27.8
11213.0,1.0,0.0,1,1,8.7,1.2,9.9,9.9
11215.0,1.0,0.0,1,1,49.67,15.8,72.0,39.0
11217.0,1.0,0.0,1,1,3.8,0.0,3.8,3.8
11219.0,2.0,0.0,2,2,33.6,0.0,33.6,33.6
11220.0,1.0,0.0,1,1,35.0,0.0,35.0,35.0
11221.0,1.2,0.4,2,1,45.48,19.37,80.7,39.0
11224.0,1.0,0.0,1,1,58.07,47.87,144.0,48.0
11225.0,1.0,0.0,1,1,48.27,25.97,85.0,29.9
11227.0,1.0,0.0,1,1,7.9,0.0,7.9,7.9
11228.0,1.0,0.0,1,1,37.4,11.6,49.0,49.0
11233.0,1.0,0.0,1,1,10.0,0.0,10.0,10.0
11234.0,1.0,0.0,1,1,28.75,9.25,38.0,38.0
11235.0,1.0,0.0,1,1,18.0,0.0,18.0,18.0
11241.0,1.2,0.4,2,1,8.44,3.34,13.6,9.0
11258.0,1.0,0.0,1,1,18.5,0.0,18.5,18.5
11260.0,1.25,0.43,2,1,48.5,27.7,96.0,39.0
11263.0,1.0,0.0,1,1,2.9,0.0,2.9,2.9
11265.0,2.0,1.0,3,3,22.1,16.0,38.1,38.1
11276.0,1.0,0.0,1,1,35.0,0.0,35.0,35.0
11281.0,1.5,0.5,2,2,134.85,44.95,179.8,179.8
11286.0,1.0,0.0,1,1,6.0,0.0,6.0,6.0
11288.0,1.5,0.5,2,2,14.85,4.95,19.8,19.8
11291.0,1.0,0.0,1,1,19.15,3.9,22.9,22.9
11301.0,1.0,0.0,1,1,33.23,3.77,35.9,35.9
11305.0,1.0,0.0,1,1,33.0,0.0,33.0,33.0
11306.0,1.0,0.0,1,1,24.5,0.0,24.5,24.5
11310.0,1.0,0.0,1,1,15.0,0.0,15.0,15.0
11312.0,1.0,0.0,1,1,8.9,0.0,8.9,8.9
11313.0,1.0,0.0,1,1,39.9,0.0,39.9,39.9
11314.0,1.0,0.0,1,1,53.5,14.5,68.0,68.0
11317.0,1.0,0.0,1,1,25.0,0.0,25.0,25.0
11318.0,1.0,0.0,1,1,22.0,0.0,22.0,22.0
11321.0,1.0,0.0,1,1,39.0,0.0,39.0,39.0
11327.0,2.8,2.64,8,2,31.36,26.03,79.2,19.8
11334.0,1.0,0.0,1,1,22.9,0.0,22.9,22.9
11337.0,1.0,0.0,1,1,26.9,0.0,26.9,26.9
11338.0,1.0,0.0,1,1,30.2,4.7,34.9,34.9
11342.0,1.0,0.0,1,1,19.9,0.0,19.9,19.9
11344.0,1.33,0.47,2,1,15.9,4.31,19.8,18.0
11345.0,1.0,0.0,1,1,39.8,0.0,39.8,39.8
11351.0,1.0,0.0,1,1,16.8,0.0,16.8,16.8
11352.0,1.0,0.0,1,1,39.0,0.0,39.0,39.0
11356.0,1.0,0.0,1,1,59.0,0.0,59.0,59.0
11365.0,1.0,0.0,1,1,19.0,0.0,19.0,19.0
11375.0,1.0,0.0,1,1,17.35,2.55,19.9,19.9
11376.0,1.0,0.0,1,1,22.0,0.0,22.0,22.0
11378.0,1.0,0.0,1,1,49.25,9.75,59.0,59.0
11379.0,1.14,0.35,2,1,14.86,5.85,27.7,12.8
11381.0,1.0,0.0,1,1,14.8,0.0,14.8,14.8
11383.0,1.0,0.0,1,1,40.67,33.48,88.0,18.0
11384.0,2.0,0.0,2,2,37.0,0.0,37.0,37.0
11385.0,1.67,0.82,3,1,20.24,12.43,45.7,16.9
11387.0,1.0,0.0,1,1,29.0,0.0,29.0,29.0
14001.0,1.0,0.0,1,1,12.34,6.66,20.76,14.51
14002.0,2.0,1.0,3,3,26.5,16.7,43.2,43.2
14005.0,1.25,0.66,3,1,7.69,3.3,14.5,8.5
14008.0,1.12,0.33,2,1,4.88,4.23,15.0,4.5
14010.0,2.0,0.0,2,2,8.5,1.5,10.0,10.0
14016.0,1.33,0.47,2,1,27.77,8.7,39.8,24.0
14019.0,2.0,0.0,2,2,8.0,0.0,8.0,8.0
14020.0,1.33,0.47,2,1,8.93,1.72,11.0,9.0
14022.0,2.0,0.0,2,2,21.6,0.0,21.6,21.6
14024.0,1.0,0.0,1,1,8.3,3.25,12.9,6.0
14031.0,1.67,0.94,3,1,8.26,4.61,13.99,8.1
14032.0,1.36,0.81,4,1,13.31,11.14,50.0,10.9
14033.0,1.5,0.5,2,2,6.23,1.52,7.2,7.2
14034.0,1.0,0.0,1,1,68.0,0.0,68.0,68.0
14035.0,1.4,0.49,2,1,14.96,4.63,19.9,17.4
14036.0,2.0,0.0,2,2,8.6,0.0,8.6,8.6
14038.0,1.0,0.0,1,1,4.6,0.0,4.6,4.6
14039.0,1.0,0.0,1,1,8.0,0.0,8.0,8.0
14041.0,1.0,0.0,1,1,10.68,6.92,22.5,8.6
14042.0,1.0,0.0,1,1,8.73,5.0,15.8,5.5
14043.0,1.14,0.35,2,1,14.29,4.08,19.6,15.6
14044.0,1.22,0.53,3,1,8.81,6.5,27.8,6.9
14045.0,1.0,0.0,1,1,15.14,5.48,21.93,15.0
14049.0,1.0,0.0,1,1,9.8,0.0,9.8,9.8
14051.0,1.85,1.03,4,1,15.13,11.9,39.8,9.9
14067.0,1.12,0.33,2,1,20.56,15.08,58.8,18.9
14069.0,1.5,0.5,2,2,17.05,4.55,21.6,21.6
14070.0,1.0,0.0,1,1,31.23,6.13,39.9,26.9
14071.0,1.0,0.0,1,1,6.3,0.0,6.3,6.3
14079.0,1.15,0.36,2,1,9.39,3.69,19.3,9.9
14080.0,1.0,0.0,1,1,9.93,2.53,12.5,9.9
14082.0,1.53,0.99,5,1,9.09,6.15,30.7,6.5
14084.0,1.0,0.0,1,1,27.8,2.0,29.8,29.8
14088.0,1.0,0.0,1,1,6.7,0.2,6.9,6.9
14092.0,1.75,0.83,3,2,9.62,4.56,16.5,11.0
14097.0,1.0,0.0,1,1,3.0,0.0,3.0,3.0
14098.0,1.3,0.64,3,1,11.7,6.21,29.6,9.9
14102.0,1.33,0.67,3,1,11.38,5.71,25.7,8.5
14104.0,2.11,2.18,8,1,22.08,23.03,84.8,10.6
14108.0,1.5,0.5,2,2,36.3,11.3,47.6,47.6
14110.0,2.0,1.73,5,1,9.6,8.31,24.0,4.8
14112.0,1.2,0.6,3,1,14.02,13.19,52.5,8.9
14116.0,1.0,0.0,1,1,6.2,0.6,6.8,6.8
14117.0,1.33,0.47,2,1,10.1,4.66,15.9,9.9
14118.0,1.0,0.0,1,1,3.9,0.0,3.9,3.9
14119.0,1.0,0.0,1,1,6.83,0.47,7.5,6.5
14121.0,1.0,0.0,1,1,117.2,14.08,142.8,109.8
14123.0,1.17,0.37,2,1,5.56,2.02,10.3,6.5
14126.0,1.2,0.4,2,1,7.59,8.04,27.6,4.5
14127.0,1.0,0.0,1,1,24.9,0.0,24.9,24.9
14129.0,2.0,0.0,2,2,76.0,0.0,76.0,76.0
14133.0,1.0,0.0,1,1,12.5,0.0,12.5,12.5
14134.0,1.0,0.0,1,1,17.91,0.0,17.91,17.91
14145.0,1.0,0.0,1,1,8.42,4.67,16.8,5.8
14146.0,1.0,0.0,1,1,5.03,2.28,8.9,4.1
14148.0,1.0,0.0,1,1,5.65,0.15,5.8,5.8
14149.0,2.33,1.89,5,1,21.53,19.87,49.5,9.9
14151.0,1.75,1.3,5,1,7.24,4.69,19.0,6.8
14152.0,1.0,0.0,1,1,14.0,2.5,16.5,16.5
14153.0,1.0,0.0,1,1,656.0,0.0,656.0,656.0
14156.0,2.0,0.0,2,2,21.6,0.0,21.6,21.6
14157.0,1.0,0.0,1,1,5.9,0.0,5.9,5.9
14159.0,1.0,0.0,1,1,6.6,0.0,6.6,6.6
14160.0,1.16,0.36,2,1,20.28,13.98,46.9,11.98
14162.0,1.0,0.0,1,1,6.85,0.05,6.9,6.9
14167.0,1.6,1.2,4,1,10.56,7.92,26.4,6.6
14168.0,1.29,0.45,2,1,13.84,4.39,20.8,12.5
14173.0,1.38,0.49,2,1,11.23,12.41,65.0,7.2
14177.0,1.77,1.46,10,1,13.06,12.03,73.8,8.5
14179.0,1.33,0.47,2,1,12.8,4.53,19.2,9.6
14189.0,1.14,0.35,2,1,7.6,2.32,12.2,6.1
14191.0,1.43,0.49,2,1,15.1,6.55,27.6,11.2
14196.0,1.48,0.94,4,1,7.87,4.36,20.0,5.9
14197.0,1.0,0.0,1,1,4.0,0.0,4.0,4.0
14200.0,1.71,1.16,4,1,15.67,11.41,41.1,8.9
14203.0,1.0,0.0,1,1,6.8,0.0,6.8,6.8
14208.0,1.69,1.57,7,1,10.78,6.31,30.9,9.9
14210.0,1.0,0.0,1,1,15.05,1.3,15.8,15.8
14212.0,1.0,0.0,1,1,37.57,39.79,124.9,23.9
14213.0,1.2,0.4,2,1,3.3,1.48,6.0,3.0
14224.0,1.4,1.02,5,1,21.79,17.25,79.7,14.8
14225.0,1.7,0.9,4,2,16.98,24.16,83.2,7.8
14229.0,1.0,0.0,1,1,9.35,3.03,14.6,7.6
14230.0,2.0,0.76,3,2,2.89,1.32,5.2,2.6
14231.0,1.15,0.36,2,1,14.19,4.86,27.8,12.9
14233.0,1.67,0.94,3,1,8.2,5.66,16.2,4.2
14236.0,1.17,0.37,2,1,15.88,7.7,27.6,18.9
14238.0,1.0,0.0,1,1,21.53,2.78,23.5,23.5
14241.0,1.5,0.87,3,1,31.42,16.13,55.3,30.8
14245.0,1.5,0.5,2,2,12.25,4.95,17.2,17.2
14246.0,1.0,0.0,1,1,12.9,0.0,12.9,12.9
14247.0,1.0,0.0,1,1,10.59,5.62,16.22,16.22
14249.0,1.0,0.0,1,1,11.25,2.75,14.0,14.0
14251.0,2.0,1.0,3,3,17.4,2.5,19.9,19.9
14258.0,1.0,0.0,1,1,6.14,3.1,12.0,5.5
14261.0,1.33,0.47,2,1,10.77,4.63,17.2,8.6
14265.0,1.86,1.25,5,1,6.88,5.35,23.5,5.0
14267.0,1.11,0.31,2,1,11.91,3.59,21.6,10.8
14268.0,1.67,1.11,4,1,27.35,15.27,53.6,21.8
14279.0,1.0,0.0,1,1,6.0,2.04,9.9,6.5
14281.0,1.44,0.83,4,1,6.42,4.27,19.4,3.9
14284.0,1.0,0.0,1,1,38.0,0.0,38.0,38.0
14291.0,1.4,0.49,2,1,12.48,7.3,23.8,11.6
14293.0,1.0,0.0,1,1,11.72,5.88,22.9,12.9
14301.0,1.11,0.31,2,1,6.31,1.71,10.9,6.2
14306.0,1.0,0.0,1,1,22.8,0.0,22.8,22.8
14307.0,1.0,0.0,1,1,11.9,0.0,11.9,11.9
14313.0,1.69,1.43,7,1,12.23,9.98,43.6,12.5
14314.0,1.5,0.5,2,2,5.3,1.3,6.6,6.6
14315.0,1.0,0.0,1,1,33.0,0.0,33.0,33.0
14318.0,2.0,1.0,3,3,5.35,1.85,7.2,7.2
14319.0,1.33,0.62,3,1,8.89,4.44,20.5,6.9
14321.0,1.0,0.0,1,1,6.7,1.56,7.8,7.8
14322.0,1.56,0.83,4,1,12.96,18.63,105.6,6.8
14328.0,1.0,0.0,1,1,18.9,0.0,18.9,18.9
14330.0,1.42,1.08,6,1,33.88,120.64,612.0,6.9
14331.0,1.75,0.43,2,2,8.53,2.94,12.6,8.6
14333.0,2.08,1.49,5,1,5.65,2.88,9.4,7.2
14338.0,3.55,2.74,10,2,8.18,7.4,25.0,5.0
14341.0,1.2,0.4,2,1,15.84,10.11,33.6,16.8
14344.0,1.0,0.0,1,1,20.0,0.0,20.0,20.0
14345.0,1.0,0.0,1,1,28.86,13.22,56.0,26.8
14346.0,1.0,0.0,1,1,53.3,25.88,89.9,35.0
14350.0,1.8,0.75,3,2,9.81,8.78,33.74,8.0
14353.0,1.0,0.0,1,1,13.8,0.0,13.8,13.8
14354.0,1.08,0.27,2,1,44.82,19.57,89.9,36.5
14355.0,1.57,0.73,3,1,9.07,2.6,13.5,9.5
14356.0,2.0,0.71,3,2,5.35,2.94,9.3,7.0
14357.0,1.57,0.73,3,1,3.97,2.56,9.6,3.0
14362.0,1.7,1.0,4,1,7.0,3.1,12.5,8.4
14366.0,1.16,0.37,2,1,16.05,8.08,40.7,14.2
14372.0,1.18,0.51,3,1,18.04,23.01,102.56,9.5
14376.0,1.0,0.0,1,1,15.0,0.0,15.0,15.0
14377.0,1.0,0.0,1,1,8.0,0.0,8.0,8.0
14386.0,1.62,0.7,3,2,24.14,16.09,58.9,22.9
14393.0,1.5,0.5,2,2,5.05,1.55,6.6,6.6
14395.0,1.67,0.47,2,2,24.67,6.98,29.6,29.6
14396.0,1.0,0.0,1,1,5.74,2.34,8.5,4.9
14404.0,2.0,0.0,2,2,6.0,0.0,6.0,6.0
14408.0,1.0,0.0,1,1,8.75,4.75,13.5,13.5
14418.0,1.0,0.0,1,1,3.8,0.0,3.8,3.8
14420.0,1.0,0.0,1,1,6.3,0.0,6.3,6.3
14421.0,1.33,0.47,2,1,15.73,5.56,23.6,11.8
14423.0,1.0,0.0,1,1,38.0,0.0,38.0,38.0
14425.0,1.0,0.0,1,1,6.5,0.0,6.5,6.5
14431.0,2.0,0.82,3,2,18.53,8.67,28.8,19.2
14435.0,1.14,0.35,2,1,18.97,5.81,33.2,16.6
14436.0,1.0,0.0,1,1,15.93,16.88,39.8,4.0
14440.0,1.6,0.8,3,1,7.24,4.06,14.6,7.0
14442.0,1.46,0.94,5,1,10.48,7.57,30.8,7.8
14443.0,1.0,0.0,1,1,4.95,5.85,15.8,1.5
14444.0,1.11,0.31,2,1,5.0,1.41,9.0,4.5
14445.0,1.44,0.96,4,1,8.52,5.93,23.6,8.9
14446.0,1.0,0.0,1,1,4.5,0.0,4.5,4.5
14447.0,2.0,0.0,2,2,19.8,0.0,19.8,19.8
14449.0,1.12,0.33,2,1,9.31,2.54,11.0,11.0
14454.0,1.0,0.0,1,1,55.0,0.0,55.0,55.0
14455.0,1.38,0.7,3,1,9.36,4.72,17.7,5.9
14456.0,1.0,0.0,1,1,5.5,0.0,5.5,5.5
14458.0,1.0,0.0,1,1,6.2,0.0,6.2,6.2
14460.0,1.43,0.73,3,1,8.61,6.34,19.5,4.4
14461.0,1.6,0.49,2,2,4.2,2.05,6.4,4.0
14475.0,1.12,0.32,2,1,27.95,39.82,229.0,16.8
14504.0,1.0,0.0,1,1,338.0,0.0,338.0,338.0
14507.0,2.5,1.5,4,4,23.55,14.65,38.2,38.2
14509.0,1.57,1.05,4,1,9.91,5.8,23.6,8.5
14510.0,1.0,0.0,1,1,53.9,0.0,53.9,53.9
14519.0,1.2,0.4,2,1,28.44,25.53,78.0,16.8
14524.0,1.0,0.0,1,1,6.9,0.0,6.9,6.9
14531.0,1.0,0.0,1,1,10.9,0.0,10.9,10.9
14539.0,1.25,0.43,2,1,8.07,3.18,11.6,10.9
14544.0,1.44,0.68,3,1,8.59,4.49,18.6,7.6
14545.0,1.0,0.0,1,1,12.32,7.26,32.8,10.9
14546.0,1.17,0.37,2,1,11.38,3.78,19.8,9.9
14556.0,1.0,0.0,1,1,9.63,3.02,13.9,7.5
14564.0,1.33,0.47,2,1,12.13,1.6,14.4,11.0
14570.0,1.0,0.0,1,1,28.05,5.45,36.8,26.8
14571.0,1.0,0.0,1,1,7.9,0.0,7.9,7.9
14573.0,2.75,1.56,6,3,7.0,2.19,12.0,7.0
14579.0,1.5,0.5,2,2,10.8,1.0,11.8,11.8
14580.0,2.67,1.25,4,3,24.67,10.87,35.2,29.1
14581.0,1.5,0.5,2,2,14.35,5.45,19.8,19.8
14585.0,3.0,0.0,3,3,25.5,0.0,25.5,25.5
14591.0,1.5,0.5,2,2,8.15,0.75,8.9,8.9
14592.0,1.0,0.0,1,1,98.0,0.0,98.0,98.0
14601.0,1.0,0.0,1,1,9.9,0.0,9.9,9.9
14612.0,1.0,0.0,1,1,6.0,0.0,6.0,6.0
14615.0,1.25,0.43,2,1,10.12,4.3,15.98,12.0
14618.0,1.0,0.0,1,1,6.5,0.0,6.5,6.5
14622.0,1.75,1.11,7,1,38.17,37.75,198.0,26.5
14623.0,1.0,0.0,1,1,26.8,0.0,26.8,26.8
14626.0,2.5,1.5,4,4,21.2,6.4,27.6,27.6
14627.0,1.0,0.0,1,1,4.5,0.0,4.5,4.5
14630.0,1.0,0.0,1,1,16.43,3.85,19.8,18.5
14648.0,2.0,0.0,2,2,13.8,0.0,13.8,13.8
14650.0,1.4,0.8,3,1,12.17,7.14,21.9,13.99
14651.0,1.44,0.86,4,1,11.83,5.12,19.4,13.8
14652.0,1.0,0.0,1,1,3.8,0.0,3.8,3.8
14661.0,1.5,0.5,2,2,15.95,6.95,22.9,22.9
14665.0,1.0,0.0,1,1,33.8,0.0,33.8,33.8
14667.0,1.33,0.47,2,1,12.13,1.25,13.8,11.8
14674.0,2.0,0.0,2,2,45.6,0.0,45.6,45.6
14677.0,1.0,0.0,1,1,8.0,0.0,8.0,8.0
14678.0,1.25,0.56,3,1,13.22,5.39,24.7,14.2
14682.0,1.0,0.0,1,1,6.9,0.0,6.9,6.9
14686.0,1.0,0.0,1,1,5.3,0.0,5.3,5.3
14688.0,1.0,0.0,1,1,9.5,0.0,9.5,9.5
14689.0,1.0,0.0,1,1,13.8,0.0,13.8,13.8
14691.0,1.0,0.0,1,1,10.8,0.0,10.8,10.8
14693.0,1.0,0.0,1,1,9.87,5.08,17.0,7.0
14694.0,1.0,0.0,1,1,10.0,3.54,12.5,12.5
14703.0,1.0,0.0,1,1,9.3,0.5,9.8,9.8
14705.0,2.25,2.2,9,1,17.5,13.38,58.5,15.8
14712.0,2.0,1.41,4,1,17.2,12.16,34.4,8.6
14714.0,1.2,0.4,2,1,33.7,20.56,72.0,19.3
14717.0,1.0,0.0,1,1,5.9,0.0,5.9,5.9
14719.0,1.0,0.0,1,1,4.5,0.0,4.5,4.5
14721.0,1.0,0.0,1,1,35.0,0.0,35.0,35.0
14722.0,1.0,0.0,1,1,19.05,3.75,22.8,22.8
14723.0,1.0,0.0,1,1,9.13,4.71,15.8,5.8
14724.0,1.0,0.0,1,1,10.9,0.0,10.9,10.9
14726.0,1.0,0.0,1,1,9.23,0.94,9.9,9.9
14727.0,1.5,0.5,2,2,7.25,2.36,11.0,7.0
14729.0,1.5,0.5,2,2,11.85,3.95,15.8,15.8
14730.0,1.0,0.0,1,1,4.5,0.0,4.5,4.5
14731.0,1.0,0.0,1,1,1.99,0.0,1.99,1.99
14732.0,1.25,0.43,2,1,12.15,4.45,19.6,10.6
14736.0,1.0,0.0,1,1,6.0,0.0,6.0,6.0
14737.0,1.86,1.73,6,1,24.23,28.97,94.8,15.5
14738.0,1.0,0.0,1,1,168.0,0.0,168.0,168.0
14739.0,1.0,0.0,1,1,5.9,0.0,5.9,5.9
14740.0,1.3,0.64,3,1,22.52,27.25,99.0,11.5
14742.0,4.33,3.4,9,3,22.0,19.9,50.0,10.5
14743.0,1.0,0.0,1,1,22.0,0.0,22.0,22.0
14746.0,1.0,0.0,1,1,10.8,0.0,10.8,10.8
14747.0,1.0,0.0,1,1,35.0,0.0,35.0,35.0
14752.0,1.6,1.8,7,1,14.42,12.67,51.3,9.9
14753.0,1.0,0.0,1,1,8.9,0.0,8.9,8.9
14757.0,1.0,0.0,1,1,24.8,0.0,24.8,24.8
14758.0,1.0,0.0,1,1,30.0,15.0,45.0,45.0
14759.0,1.43,0.73,3,1,10.81,3.68,16.5,10.9
14764.0,1.0,0.0,1,1,218.0,0.0,218.0,218.0
14767.0,1.0,0.0,1,1,32.0,0.0,32.0,32.0
14768.0,1.0,0.0,1,1,45.15,17.35,62.5,62.5
14770.0,1.0,0.0,1,1,17.5,0.0,17.5,17.5
14777.0,1.0,0.0,1,1,8.9,0.0,8.9,8.9
14779.0,1.33,0.47,2,1,7.87,2.78,11.8,5.9
14780.0,1.25,0.43,2,1,22.03,17.53,49.6,24.8
14781.0,1.0,0.0,1,1,7.7,0.2,7.9,7.9
14783.0,1.0,0.0,1,1,9.83,2.93,13.8,8.9
14784.0,1.67,0.94,3,1,30.77,27.08,69.0,13.5
14785.0,1.25,0.43,2,1,13.12,3.38,18.8,11.9
14786.0,1.0,0.0,1,1,19.9,0.0,19.9,19.9
14788.0,2.0,1.0,3,3,33.3,14.4,47.7,47.7
14789.0,1.44,0.68,3,1,11.63,4.86,21.7,11.9
14790.0,1.0,0.0,1,1,13.9,0.0,13.9,13.9
14792.0,1.0,0.0,1,1,8.8,0.0,8.8,8.8
14793.0,1.17,0.37,2,1,10.84,2.2,13.3,12.9
14794.0,1.52,0.58,3,1,32.09,21.44,76.0,24.28
14795.0,1.0,0.0,1,1,18.3,5.5,23.8,23.8
14797.0,1.0,0.0,1,1,23.8,0.0,23.8,23.8
14798.0,1.0,0.0,1,1,15.8,9.17,35.5,9.9
14799.0,1.0,0.0,1,1,32.8,0.0,32.8,32.8
14803.0,1.6,1.2,4,1,13.0,6.63,23.6,14.8
14804.0,1.0,0.0,1,1,13.45,3.85,16.5,15.9
14805.0,1.45,0.78,3,1,17.53,9.03,35.4,12.8
14807.0,1.14,0.35,2,1,10.39,4.08,19.0,10.9
14809.0,2.0,1.22,4,2,12.65,7.39,24.6,13.0
14810.0,1.68,1.18,6,1,4.22,3.17,16.8,2.8
14811.0,1.0,0.0,1,1,5.9,0.0,5.9,5.9
14818.0,1.0,0.0,1,1,25.8,0.0,25.8,25.8
14820.0,1.0,0.0,1,1,7.9,0.0,7.9,7.9
14821.0,1.0,0.0,1,1,168.0,0.0,168.0,168.0
14826.0,1.0,0.0,1,1,18.8,0.0,18.8,18.8
15001.0,1.86,1.36,5,1,30.63,30.53,98.4,18.0
15002.0,1.29,0.7,3,1,19.82,13.07,59.4,18.0
15007.0,1.0,0.0,1,1,32.8,0.0,32.8,32.8
15009.0,2.38,3.2,23,2,11.46,11.26,65.0,7.0
15011.0,1.35,0.68,3,1,26.11,30.78,139.0,17.6
15012.0,2.21,2.04,18,1,22.5,21.95,165.3,16.8
15015.0,8.0,0.0,8,8,164.0,0.0,164.0,164.0
15026.0,1.3,0.46,2,1,10.39,11.35,33.6,4.6
15028.0,1.67,0.94,3,1,88.67,32.25,128.0,89.0
15031.0,1.0,0.0,1,1,20.25,7.35,27.6,27.6
15032.0,1.0,0.0,1,1,36.8,0.0,36.8,36.8
15033.0,2.0,0.0,2,2,23.8,0.0,23.8,23.8
15036.0,1.0,0.0,1,1,7.84,1.64,9.9,6.5
15037.0,1.0,0.0,1,1,17.9,0.0,17.9,17.9
15038.0,1.56,0.96,5,1,7.67,4.75,15.8,8.9
15039.0,1.67,1.14,6,1,22.43,20.87,96.0,13.6
15042.0,1.0,0.0,1,1,14.72,8.28,32.8,10.9
15045.0,1.61,1.01,5,1,12.67,8.09,29.7,10.5
15048.0,1.0,0.0,1,1,17.9,2.83,19.9,19.9
15049.0,1.0,0.0,1,1,22.23,8.01,27.9,27.9
15052.0,1.76,1.42,11,1,21.63,22.24,126.5,14.9
15057.0,1.9,1.51,6,1,26.1,25.37,91.5,26.5
15060.0,1.45,0.67,3,1,20.56,11.49,57.0,19.8
15061.0,1.0,0.0,1,1,9.9,0.0,9.9,9.9
15063.0,1.0,0.0,1,1,12.07,8.89,20.9,20.9
15065.0,1.0,0.0,1,1,38.9,0.0,38.9,38.9
15066.0,2.03,1.98,9,1,11.35,11.5,62.5,9.8
15067.0,1.33,0.55,3,1,16.45,7.16,33.8,16.8
15073.0,1.29,0.8,4,1,8.71,5.83,28.0,7.5
15074.0,1.29,0.59,3,1,33.7,20.63,98.4,32.8
15077.0,1.0,0.0,1,1,33.65,4.1,39.5,35.5
15078.0,1.43,0.73,3,1,21.36,24.82,81.0,9.0
15081.0,1.0,0.0,1,1,12.8,0.0,12.8,12.8
15083.0,1.56,0.68,3,1,25.31,49.02,178.0,8.5
15092.0,1.5,0.68,3,1,16.75,7.48,33.0,12.0
15094.0,2.01,1.69,11,1,40.1,44.86,276.0,23.6
15100.0,1.0,0.0,1,1,4.8,0.0,4.8,4.8
15123.0,1.85,1.65,7,1,35.5,35.37,148.0,22.9
15542.0,1.0,0.0,1,1,48.45,29.55,78.0,78.0
15545.0,1.0,0.0,1,1,29.21,20.91,76.4,21.0
15546.0,1.0,0.0,1,1,59.0,0.0,59.0,59.0
15548.0,1.67,0.47,2,2,9.73,0.09,9.8,9.8
15552.0,1.0,0.0,1,1,16.7,12.68,38.5,11.8
15554.0,1.0,0.0,1,1,9.8,0.0,9.8,9.8
15557.0,1.5,0.5,2,2,48.8,11.0,59.8,59.8
15564.0,1.0,0.0,1,1,15.13,4.99,21.8,13.8
15570.0,2.67,2.36,6,1,16.5,11.88,33.0,11.0
15572.0,1.5,0.5,2,2,24.85,7.95,32.8,32.8
15576.0,1.0,0.0,1,1,2.0,0.0,2.0,2.0
15577.0,1.22,0.42,2,1,33.23,12.2,60.4,29.6
15583.0,1.0,0.0,1,1,37.8,0.0,37.8,37.8
15584.0,1.0,0.0,1,1,32.8,0.0,32.8,32.8
15585.0,1.0,0.0,1,1,19.5,0.0,19.5,19.5
15588.0,1.0,0.0,1,1,11.8,0.0,11.8,11.8
15589.0,11.0,0.0,11,11,78.4,0.0,78.4,78.4
15590.0,1.35,0.68,3,1,33.69,25.04,78.0,30.0
15600.0,1.0,0.0,1,1,21.2,0.0,21.2,21.2
15616.0,1.33,0.47,2,1,18.53,10.8,33.8,10.9
15629.0,1.0,0.0,1,1,15.8,0.0,15.8,15.8
15631.0,2.07,1.92,14,2,45.86,214.72,1632.3,13.2
15632.0,2.25,2.59,9,1,23.12,23.35,80.1,15.8
15633.0,1.0,0.0,1,1,12.5,0.0,12.5,12.5
15635.0,1.67,0.47,2,2,33.0,9.33,39.6,39.6
15641.0,2.5,0.5,3,3,25.75,15.95,41.7,41.7
15647.0,1.33,0.47,2,1,18.73,7.69,29.6,13.8
15648.0,1.5,0.5,2,2,12.3,4.1,16.4,16.4
15649.0,1.0,0.0,1,1,14.35,5.65,20.0,20.0
15653.0,2.0,0.82,3,2,35.6,14.53,53.4,35.6
15655.0,1.0,0.0,1,1,37.6,22.77,69.8,21.5
15665.0,1.0,0.0,1,1,19.8,0.0,19.8,19.8
15667.0,1.33,0.47,2,1,22.4,7.92,33.6,16.8
15669.0,1.0,0.0,1,1,13.5,0.0,13.5,13.5
30004.0,1.0,0.0,1,1,79.0,0.0,79.0,79.0
30007.0,1.0,0.0,1,1,7.8,0.0,7.8,7.8
30017.0,1.6,1.2,4,1,14.64,8.8,29.6,8.9
30027.0,1.0,0.0,1,1,7.9,0.0,7.9,7.9
30033.0,1.0,0.0,1,1,24.9,0.0,24.9,24.9
30040.0,2.0,0.0,2,2,35.6,0.0,35.6,35.6
30046.0,1.0,0.0,1,1,28.27,14.75,49.0,19.9
30049.0,1.0,0.0,1,1,64.8,0.0,64.8,64.8
30053.0,1.0,0.0,1,1,80.0,0.0,80.0,80.0
30060.0,1.0,0.0,1,1,22.85,20.77,58.0,15.0
30063.0,1.0,0.0,1,1,6.9,0.0,6.9,6.9
30077.0,1.0,0.0,1,1,10.0,0.0,10.0,10.0
30080.0,2.0,0.0,2,2,23.8,10.0,33.8,33.8
30083.0,2.0,0.0,2,2,59.8,0.0,59.8,59.8
30105.0,1.5,0.5,2,2,20.15,5.65,25.8,25.8
30120.0,2.5,1.5,4,4,52.25,47.35,99.6,99.6
30123.0,1.0,0.0,1,1,7.9,2.83,9.9,9.9
30131.0,1.5,0.5,2,2,14.3,8.5,22.8,22.8
30139.0,1.0,0.0,1,1,48.0,0.0,48.0,48.0
30152.0,1.0,0.0,1,1,79.9,0.0,79.9,79.9
30170.0,1.3,0.51,3,1,13.45,10.47,45.7,11.9
30172.0,1.67,0.47,2,2,42.53,26.82,79.8,30.0
30180.0,1.0,0.0,1,1,5.0,3.0,8.0,8.0
30186.0,1.0,0.0,1,1,19.9,0.0,19.9,19.9
30192.0,1.14,0.35,2,1,8.69,2.11,11.0,9.5
30198.0,1.0,0.0,1,1,5.9,0.0,5.9,5.9
30204.0,1.0,0.0,1,1,9.9,5.9,15.8,15.8
30216.0,1.25,0.56,3,1,29.42,37.26,159.0,14.9
30228.0,1.0,0.0,1,1,163.0,78.46,289.0,169.0
30241.0,1.0,0.0,1,1,14.9,0.0,14.9,14.9
30248.0,2.22,1.5,9,2,0.53,0.38,2.3,0.4
30252.0,1.0,0.0,1,1,23.4,6.5,29.9,29.9
30253.0,1.0,0.0,1,1,13.4,3.5,16.9,16.9
30256.0,1.0,0.0,1,1,16.72,10.75,32.9,12.9
30258.0,2.0,0.0,2,2,19.7,0.0,19.7,19.7
30262.0,1.0,0.0,1,1,11.65,10.57,29.9,6.9
30269.0,1.0,0.0,1,1,4.65,0.43,4.9,4.9
30288.0,1.0,0.0,1,1,19.95,12.95,32.9,32.9
30307.0,3.0,0.0,3,3,80.8,0.0,80.8,80.8
30310.0,1.0,0.0,1,1,8.9,0.0,8.9,8.9
30337.0,1.0,0.0,1,1,13.9,0.0,13.9,13.9
30340.0,1.0,0.0,1,1,99.0,0.0,99.0,99.0
30355.0,1.6,1.2,4,1,29.84,16.72,59.6,25.9
30562.0,1.0,0.0,1,1,1.6,0.0,1.6,1.6
30564.0,1.0,0.0,1,1,4.9,0.0,4.9,4.9
30721.0,1.5,0.5,2,2,19.65,15.15,34.8,34.8
30723.0,1.0,0.0,1,1,78.0,0.0,78.0,78.0
30727.0,1.4,0.49,2,1,9.26,5.94,19.8,5.9
30734.0,1.0,0.0,1,1,18.9,0.0,18.9,18.9
30742.0,1.0,0.0,1,1,37.7,25.35,79.0,38.0
30750.0,1.0,0.0,1,1,6.9,0.0,6.9,6.9
30762.0,1.5,0.5,2,2,27.35,1.55,28.9,28.9
30764.0,12.0,0.0,12,12,140.0,0.0,140.0,140.0
30778.0,1.0,0.0,1,1,29.0,0.0,29.0,29.0
30789.0,1.0,0.0,1,1,28.4,5.5,33.9,33.9
30790.0,1.5,0.5,2,2,79.2,39.6,118.8,118.8
30793.0,1.0,0.0,1,1,7.4,3.5,10.9,10.9
30798.0,1.12,0.33,2,1,23.26,11.66,49.8,24.9
30804.0,1.0,0.0,1,1,25.9,0.0,25.9,25.9
30812.0,1.33,0.47,2,1,12.53,5.97,20.8,9.9
30814.0,1.0,0.0,1,1,21.9,0.0,21.9,21.9
30815.0,1.0,0.0,1,1,29.0,0.0,29.0,29.0
30819.0,1.0,0.0,1,1,9.9,1.58,11.9,10.9
30822.0,2.0,0.0,2,2,13.0,0.0,13.0,13.0
30825.0,6.0,0.0,6,6,107.4,0.0,107.4,107.4
30829.0,1.0,0.0,1,1,23.9,6.0,29.9,29.9
30831.0,1.0,0.0,1,1,17.9,0.0,17.9,17.9
30832.0,1.33,0.47,2,1,24.87,12.64,39.8,25.9
30833.0,1.15,0.36,2,1,29.74,43.37,179.0,19.8
30835.0,1.0,0.0,1,1,25.0,0.0,25.0,25.0
30838.0,2.0,0.0,2,2,49.8,0.0,49.8,49.8
31008.0,1.0,0.0,1,1,13.9,0.0,13.9,13.9
31017.0,1.25,0.43,2,1,6.58,3.19,10.5,8.9
31019.0,1.0,0.0,1,1,6.0,0.0,6.0,6.0
31027.0,1.38,0.48,2,1,20.31,18.0,63.8,18.4
31035.0,1.0,0.0,1,1,6.37,1.03,7.5,6.6
31037.0,1.0,0.0,1,1,2.9,0.0,2.9,2.9
31059.0,1.0,0.0,1,1,29.5,0.0,29.5,29.5
31067.0,1.0,0.0,1,1,11.8,0.0,11.8,11.8
31070.0,1.0,0.0,1,1,5.9,0.0,5.9,5.9
31094.0,1.0,0.0,1,1,14.9,0.0,14.9,14.9
31095.0,1.0,0.0,1,1,8.9,0.0,8.9,8.9
31133.0,1.33,0.47,2,1,7.9,8.43,19.8,2.6
31148.0,1.67,0.94,3,1,18.37,13.0,36.3,12.9
31160.0,1.0,0.0,1,1,15.9,0.0,15.9,15.9
31166.0,1.0,0.0,1,1,7.0,0.0,7.0,7.0
32006.0,1.0,0.0,1,1,90.6,48.96,179.0,68.0
32012.0,1.0,0.0,1,1,49.0,0.0,49.0,49.0
32047.0,1.0,0.0,1,1,35.8,0.0,35.8,35.8
32053.0,1.0,0.0,1,1,12.63,2.45,15.9,12.0
32116.0,1.0,0.0,1,1,99.0,0.0,99.0,99.0
32133.0,1.44,0.96,4,1,24.76,33.29,116.0,12.8
32169.0,1.0,0.0,1,1,11.9,0.0,11.9,11.9
32183.0,1.0,0.0,1,1,41.5,6.5,48.0,48.0
32188.0,1.0,0.0,1,1,32.0,4.06,37.0,35.0
32196.0,1.0,0.0,1,1,3.0,0.0,3.0,3.0
32215.0,1.5,0.5,2,2,21.5,5.5,27.0,27.0
32295.0,1.1,0.3,2,1,52.3,47.63,156.0,35.0
32322.0,1.0,0.0,1,1,29.2,0.0,29.2,29.2
32381.0,1.0,0.0,1,1,23.0,0.0,23.0,23.0
32395.0,1.0,0.0,1,1,13.0,0.0,13.0,13.0
32402.0,1.0,0.0,1,1,15.0,7.0,22.0,22.0
33009.0,1.0,0.0,1,1,12.9,0.0,12.9,12.9
33033.0,1.0,0.0,1,1,269.0,30.0,299.0,299.0
33046.0,1.5,0.71,3,1,12.06,7.11,28.0,9.8
33054.0,1.0,0.0,1,1,9.0,0.71,10.0,8.5
33080.0,1.0,0.0,1,1,279.0,0.0,279.0,279.0
34001.0,1.67,0.94,3,1,15.53,9.89,29.5,9.1
34005.0,1.0,0.0,1,1,62.9,0.0,62.9,62.9
34017.0,1.0,0.0,1,1,9.9,0.0,9.9,9.9
34020.0,1.0,0.0,1,1,35.0,0.0,35.0,35.0
34039.0,1.0,0.0,1,1,35.4,8.85,49.9,32.9
34040.0,1.0,0.0,1,1,240.0,0.0,240.0,240.0
34048.0,1.0,0.0,1,1,199.0,0.0,199.0,199.0
34074.0,1.0,0.0,1,1,42.9,7.0,49.9,49.9
34077.0,1.0,0.0,1,1,14.9,0.0,14.9,14.9
34079.0,4.5,3.5,8,8,104.5,71.5,176.0,176.0
34099.0,1.0,0.0,1,1,16.9,0.0,16.9,16.9
34106.0,1.0,0.0,1,1,48.9,0.0,48.9,48.9
34111.0,1.0,0.0,1,1,10.9,0.0,10.9,10.9
34119.0,1.0,0.0,1,1,39.0,0.0,39.0,39.0
34122.0,1.25,0.43,2,1,18.62,7.75,31.8,15.9
34129.0,1.33,0.47,2,1,26.87,17.12,59.9,27.8
34175.0,2.0,0.0,2,2,15.8,0.0,15.8,15.8
34194.0,1.0,0.0,1,1,12.9,0.0,12.9,12.9
34195.0,2.0,0.0,2,2,92.0,0.0,92.0,92.0
34214.0,1.83,1.46,5,1,64.32,65.55,199.5,39.9
34241.0,1.0,0.0,1,1,8.9,0.0,8.9,8.9
34384.0,1.0,0.0,1,1,14.9,0.0,14.9,14.9
34763.0,1.0,0.0,1,1,15.57,2.62,17.9,16.9
34764.0,1.33,0.47,2,1,18.87,10.63,33.8,12.9
34801.0,1.0,0.0,1,1,39.0,0.0,39.0,39.0
34811.0,1.0,0.0,1,1,89.0,0.0,89.0,89.0
34815.0,1.0,0.0,1,1,13.9,0.0,13.9,13.9
34818.0,1.0,0.0,1,1,6.9,0.0,6.9,6.9
34846.0,1.0,0.0,1,1,9.9,0.0,9.9,9.9
