b,b_agg_count_max,b_agg_count_median,b_agg_count_mean,b_agg_count_std,b_agg_amount_max,b_agg_amount_median,b_agg_amount_mean,b_agg_amount_std
10003.0,1.0,0.0,0.3333333333333333,0.4714045207910317,5.0,0.0,1.6666666666666667,2.357022603955158
10007.0,14.0,10.0,10.666666666666666,2.494438257849294,43.0,40.60000000000001,40.233333333333334,2.4225789747475495
10010.0,1.0,0.0,0.3333333333333333,0.4714045207910317,47.0,0.0,15.666666666666666,22.15601247717849
10012.0,5.0,2.0,2.6666666666666665,1.699673171197595,431.0,77.8,188.9333333333333,171.35774145207318
10015.0,3.0,1.0,1.3333333333333333,1.247219128924647,18.5,3.5,7.333333333333333,8.024268744807149
10033.0,21.0,5.0,10.333333333333334,7.542472332656507,127.0,34.0,63.666666666666664,44.81319250201019
10038.0,2.0,0.0,0.6666666666666666,0.9428090415820634,11.2,0.0,3.733333333333333,5.279730632859555
10043.0,1.0,0.0,0.3333333333333333,0.4714045207910317,10.0,0.0,3.3333333333333335,4.714045207910316
10045.0,10.0,2.0,4.666666666666667,3.7712361663282534,116.4,11.2,44.53333333333334,50.86172977352969
10047.0,2.0,0.0,0.6666666666666666,0.9428090415820634,30.4,0.0,10.133333333333333,14.330697432047364
10049.0,2.0,0.0,0.6666666666666666,0.9428090415820634,20.0,0.0,6.666666666666667,9.428090415820632
10053.0,2.0,1.0,1.0,0.816496580927726,5.8,2.9,2.9,2.3678400846904055
10060.0,18.0,9.0,11.0,5.0990195135927845,46.79999999999999,21.9,27.366666666666664,14.172822192100229
10062.0,13.0,12.0,11.333333333333334,1.699673171197595,54.00000000000001,46.2,48.40000000000001,3.9899874686519974
10063.0,1.0,0.0,0.3333333333333333,0.4714045207910317,2.7,0.0,0.9,1.2727922061357857
10064.0,9.0,2.0,4.333333333333333,3.299831645537222,72.60000000000002,8.9,30.133333333333344,30.028467974388725
10066.0,5.0,3.0,2.6666666666666665,2.0548046676563256,16.900000000000002,9.9,8.933333333333335,6.933173075070959
10068.0,18.0,5.0,8.666666666666666,6.649979114420002,56.2,10.5,24.333333333333332,22.59827918719083
10069.0,8.0,7.0,5.666666666666667,2.6246692913372702,30.3,28.0,22.7,9.169878225291034
10075.0,1.0,0.0,0.3333333333333333,0.4714045207910317,4.5,0.0,1.5,2.1213203435596424
10080.0,16.0,8.0,8.666666666666666,5.734883511361751,75.99999999999999,34.2,39.86666666666667,27.483004849462063
10083.0,14.0,1.0,5.0,6.377042156569663,308.0,17.0,108.33333333333333,141.3561302369146
10084.0,6.0,0.0,2.0,2.8284271247461903,94.8,0.0,31.599999999999998,44.6891485709898
10085.0,2.0,0.0,0.6666666666666666,0.9428090415820634,23.0,0.0,7.666666666666667,10.842303978193728
10086.0,33.0,28.0,27.666666666666668,4.496912521077347,176.0,100.5,124.7,36.29389296654007
10087.0,1.0,0.0,0.3333333333333333,0.4714045207910317,7.5,0.0,2.5,3.5355339059327378
10091.0,37.0,4.0,13.666666666666666,16.579773487261185,276.8,22.0,99.60000000000001,125.62080507092234
10094.0,10.0,3.0,4.666666666666667,3.8586123009300755,48.00000000000001,12.0,20.666666666666668,19.754043186705406
10097.0,1.0,1.0,0.6666666666666666,0.4714045207910317,4.9,3.9,2.9333333333333336,2.1139746660943906
10098.0,7.0,0.0,2.3333333333333335,3.2998316455372216,345.0,0.0,115.0,162.63455967290594
10104.0,23.0,20.0,15.666666666666666,8.339997335464535,380.0,373.0,266.6666666666667,155.35407586828512
10106.0,13.0,8.0,8.333333333333334,3.6817870057290873,66.2,39.3,41.5,19.332011449062062
10107.0,37.0,9.0,18.0,13.4412301024373,100.6,18.5,44.96666666666666,39.354147035463605
10109.0,4.0,3.0,2.6666666666666665,1.247219128924647,15.2,11.4,10.133333333333333,4.7394326899136585
10116.0,1.0,1.0,0.6666666666666666,0.4714045207910317,24.0,24.0,16.0,11.313708498984761
10119.0,2.0,0.0,0.6666666666666666,0.9428090415820634,11.0,0.0,3.6666666666666665,5.185449728701348
10123.0,23.0,4.0,10.0,9.201449161228174,91.07,15.47,39.203333333333326,36.71923504407767
10124.0,16.0,13.0,11.333333333333334,4.642796092394707,72.9,52.5,48.46666666666667,21.78383702554616
10125.0,1.0,1.0,1.0,0.0,11.9,11.9,8.933333333333334,4.195500235040182
10127.0,26.0,0.0,8.666666666666666,12.256517540566824,78.7,0.0,26.233333333333334,37.099535786254194
10129.0,1.0,0.0,0.3333333333333333,0.4714045207910317,1.5,0.0,0.5,0.7071067811865476
10130.0,1.0,0.0,0.3333333333333333,0.4714045207910317,23.0,0.0,7.666666666666667,10.842303978193728
10133.0,5.0,1.0,2.0,2.160246899469287,407.0,125.0,177.33333333333334,170.22795174575637
10137.0,3.0,2.0,1.6666666666666667,1.247219128924647,21.9,17.8,13.233333333333334,9.505904597786694
10154.0,5.0,2.0,2.3333333333333335,2.0548046676563256,19.5,7.8,9.1,8.013738203859669
10161.0,2.0,1.0,1.0,0.816496580927726,13.0,4.5,5.833333333333333,5.390320542932076
10163.0,6.0,1.0,2.6666666666666665,2.3570226039551585,19.500000000000004,5.8,9.333333333333334,7.299467256055215
10185.0,2.0,0.0,0.6666666666666666,0.9428090415820634,146.0,0.0,48.666666666666664,68.82506003549064
10190.0,1.0,0.0,0.3333333333333333,0.4714045207910317,59.0,0.0,19.666666666666668,27.812866726670865
10198.0,4.0,0.0,1.3333333333333333,1.8856180831641267,94.9,0.0,31.633333333333336,44.736289023068906
10199.0,3.0,1.0,1.3333333333333333,1.247219128924647,10.0,7.1,5.7,4.200793575821915
10208.0,1.0,0.0,0.3333333333333333,0.4714045207910317,9.8,0.0,3.266666666666667,4.619764303752111
10211.0,12.0,6.0,7.666666666666667,3.0912061651652345,37.0,17.400000000000002,23.8,9.33523790091429
10214.0,2.0,0.0,0.6666666666666666,0.9428090415820634,327.0,0.0,109.0,154.14927829866735
10608.0,11.0,3.0,4.666666666666667,4.642796092394707,64.9,17.700000000000006,27.533333333333335,27.392496945128773
10616.0,4.0,0.0,1.3333333333333333,1.8856180831641267,52.0,0.0,17.333333333333332,24.513035081133648
10617.0,1.0,0.0,0.3333333333333333,0.4714045207910317,8.7,0.0,2.9,4.101219330881975
10624.0,4.0,1.0,1.6666666666666667,1.699673171197595,35.2,8.8,14.666666666666666,14.957123906538836
10628.0,1.0,0.0,0.3333333333333333,0.4714045207910317,5.5,0.0,1.8333333333333333,2.592724864350674
10632.0,6.0,4.0,4.333333333333333,1.247219128924647,138.9,38.5,71.8,47.447304103254034
10637.0,4.0,3.0,3.3333333333333335,0.4714045207910317,16.4,12.3,13.666666666666666,1.932758535243229
10652.0,3.0,2.0,2.3333333333333335,0.4714045207910317,23.9,14.9,14.933333333333332,7.307682411149393
10656.0,1.0,0.0,0.3333333333333333,0.4714045207910317,3.8,0.0,1.2666666666666666,1.7913371790059205
10659.0,7.0,4.0,5.0,1.4142135623730951,21.0,12.0,15.0,4.242640687119285
10669.0,2.0,0.0,0.6666666666666666,0.9428090415820634,186.0,0.0,62.0,87.68124086713189
10676.0,1.0,0.0,0.3333333333333333,0.4714045207910317,14.8,0.0,4.933333333333334,6.97678690770727
10678.0,1.0,0.0,0.3333333333333333,0.4714045207910317,12.8,0.0,4.266666666666667,6.033977866125206
10679.0,4.0,1.0,2.0,1.4142135623730951,31.6,9.9,16.466666666666665,10.731987493263098
10685.0,5.0,0.0,1.6666666666666667,2.357022603955158,17.5,0.0,5.833333333333333,8.249579113843055
10691.0,2.0,0.0,0.6666666666666666,0.9428090415820634,8.3,0.0,2.766666666666667,3.9126575225655627
10692.0,6.0,5.0,4.0,2.160246899469287,11.0,6.0,7.0,2.943920288775949
10697.0,3.0,1.0,1.3333333333333333,1.247219128924647,3.0,2.5,1.8333333333333333,1.3123346456686351
10701.0,5.0,3.0,3.0,1.632993161855452,14.5,8.7,8.7,4.735680169380811
10702.0,4.0,1.0,1.6666666666666667,1.699673171197595,16.0,4.0,6.666666666666667,6.79869268479038
10703.0,4.0,4.0,3.0,1.4142135623730951,34.6,22.0,20.7,11.915536076903969
10704.0,2.0,0.0,0.6666666666666666,0.9428090415820634,10.0,0.0,3.3333333333333335,4.714045207910316
10705.0,4.0,1.0,2.0,1.4142135623730951,45.0,13.0,21.333333333333332,16.97710877099579
10706.0,45.0,20.0,25.0,14.719601443879744,547.6000000000003,250.60000000000008,300.7333333333334,184.53591038662978
10710.0,3.0,3.0,2.0,1.4142135623730951,22.4,17.4,13.266666666666666,9.600462951800235
10714.0,2.0,1.0,1.0,0.816496580927726,30.0,15.0,15.0,12.24744871391589
10715.0,1.0,0.0,0.3333333333333333,0.4714045207910317,21.3,0.0,7.1000000000000005,10.040916292848975
10717.0,1.0,0.0,0.3333333333333333,0.4714045207910317,6.8,0.0,2.2666666666666666,3.205550741379015
10719.0,28.0,4.0,12.0,11.313708498984761,289.7000000000001,44.8,126.43333333333338,115.44696714172369
10721.0,1.0,0.0,0.3333333333333333,0.4714045207910317,168.0,0.0,56.0,79.19595949289332
10722.0,6.0,1.0,2.3333333333333335,2.6246692913372702,502.0,88.0,196.66666666666666,218.8718549491663
10724.0,13.0,8.0,8.666666666666666,3.2998316455372216,102.94999999999996,74.0,72.37999999999998,25.647257163291346
10726.0,1.0,1.0,0.6666666666666666,0.4714045207910317,6.8,6.8,4.533333333333333,3.205550741379015
10727.0,2.0,1.0,1.0,0.816496580927726,9.8,4.9,4.9,4.0008332465458585
10729.0,9.0,0.0,3.0,4.242640687119285,58.5,0.0,19.5,27.577164466275352
10730.0,5.0,0.0,1.6666666666666667,2.357022603955158,39.5,0.0,13.166666666666666,18.62047857124575
10732.0,1.0,0.0,0.3333333333333333,0.4714045207910317,22.5,0.0,7.5,10.606601717798213
10741.0,3.0,0.0,1.0,1.4142135623730951,17.4,0.0,5.8,8.20243866176395
11004.0,2.0,0.0,0.6666666666666666,0.9428090415820634,13.1,0.0,4.366666666666666,6.175399222362515
11006.0,1.0,0.0,0.3333333333333333,0.4714045207910317,8.8,0.0,2.9333333333333336,4.148359782961079
11014.0,1.0,0.0,0.3333333333333333,0.4714045207910317,3.5,0.0,1.1666666666666667,1.6499158227686108
11026.0,8.0,4.0,4.666666666666667,2.494438257849294,144.6,108.8,103.73333333333333,35.61660037429488
11032.0,4.0,0.0,1.3333333333333333,1.8856180831641267,18.4,0.0,6.133333333333333,8.673843182554982
11036.0,10.0,6.0,6.0,3.265986323710904,194.5,166.0,135.1,64.90315862883718
11039.0,1.0,1.0,0.6666666666666666,0.4714045207910317,23.8,23.8,15.866666666666667,11.219427594826554
11046.0,1.0,0.0,0.3333333333333333,0.4714045207910317,7.4,0.0,2.466666666666667,3.4883934538536345
11048.0,4.0,3.0,3.0,0.816496580927726,46.90000000000001,21.9,29.400000000000006,12.416387021459457
11049.0,1.0,0.0,0.3333333333333333,0.4714045207910317,5.9,0.0,1.9666666666666668,2.781286672667087
11052.0,1.0,1.0,0.6666666666666666,0.4714045207910317,49.7,49.7,33.13333333333333,23.428804683314276
11057.0,4.0,2.0,2.6666666666666665,0.9428090415820634,30.8,17.4,21.866666666666664,6.316820578599826
11069.0,1.0,0.0,0.3333333333333333,0.4714045207910317,24.5,0.0,8.166666666666666,11.549410759380278
11075.0,1.0,1.0,0.6666666666666666,0.4714045207910317,27.0,18.0,15.0,11.224972160321824
11079.0,5.0,2.0,2.6666666666666665,1.699673171197595,63.4,18.8,31.033333333333335,23.112815108121772
11081.0,1.0,1.0,0.6666666666666666,0.4714045207910317,11.7,11.7,7.8,5.5154328932550705
11085.0,1.0,0.0,0.3333333333333333,0.4714045207910317,23.6,0.0,7.866666666666667,11.125146690668348
11091.0,1.0,0.0,0.3333333333333333,0.4714045207910317,12.5,0.0,4.166666666666667,5.892556509887896
11094.0,3.0,1.0,1.3333333333333333,1.247219128924647,32.9,9.5,14.133333333333333,13.82517831912325
11097.0,1.0,0.0,0.3333333333333333,0.4714045207910317,19.8,0.0,6.6000000000000005,9.333809511662428
11106.0,2.0,1.0,1.0,0.816496580927726,14.9,10.0,8.299999999999999,6.200537611100078
11107.0,1.0,0.0,0.3333333333333333,0.4714045207910317,29.8,0.0,9.933333333333334,14.047854719572744
11110.0,1.0,1.0,0.6666666666666666,0.4714045207910317,25.0,16.6,13.866666666666667,10.387599444636967
11112.0,2.0,0.0,0.6666666666666666,0.9428090415820634,31.0,0.0,10.333333333333334,14.613540144521982
11114.0,8.0,2.0,4.0,2.8284271247461903,96.9,20.0,44.800000000000004,36.85439819976263
11115.0,1.0,1.0,0.6666666666666666,0.4714045207910317,25.8,25.8,17.2,12.162236636408617
11116.0,2.0,0.0,0.6666666666666666,0.9428090415820634,98.0,0.0,32.666666666666664,46.19764303752111
11119.0,1.0,0.0,0.3333333333333333,0.4714045207910317,34.9,0.0,11.633333333333333,16.452017775607004
11121.0,1.0,0.0,0.3333333333333333,0.4714045207910317,27.9,0.0,9.299999999999999,13.152186130069785
11123.0,6.0,3.0,3.6666666666666665,1.699673171197595,68.30000000000001,32.7,41.6,19.226197405276658
11127.0,1.0,0.0,0.3333333333333333,0.4714045207910317,25.9,0.0,8.633333333333333,12.20937708848772
11128.0,2.0,2.0,1.6666666666666667,0.4714045207910317,19.4,17.4,17.266666666666666,1.7987650084309383
11129.0,11.0,6.0,6.666666666666667,3.299831645537222,212.4,65.6,108.46666666666665,73.86660649817044
11130.0,1.0,1.0,1.0,0.0,46.5,46.5,39.833333333333336,9.428090415820632
11133.0,2.0,1.0,1.0,0.816496580927726,23.4,6.5,9.966666666666667,9.862499119842235
11137.0,1.0,0.0,0.3333333333333333,0.4714045207910317,59.0,0.0,19.666666666666668,27.812866726670865
11140.0,2.0,0.0,0.6666666666666666,0.9428090415820634,23.6,0.0,7.866666666666667,11.125146690668348
11144.0,2.0,1.0,1.0,0.816496580927726,138.0,69.0,69.0,56.3382640840131
11146.0,1.0,0.0,0.3333333333333333,0.4714045207910317,25.9,0.0,8.633333333333333,12.20937708848772
11148.0,1.0,0.0,0.3333333333333333,0.4714045207910317,36.9,0.0,12.299999999999999,17.39482681718907
11149.0,2.0,0.0,0.6666666666666666,0.9428090415820634,20.1,0.0,6.7,9.475230867899738
11150.0,1.0,1.0,0.6666666666666666,0.4714045207910317,19.8,7.5,9.1,8.162107570964745
11151.0,1.0,0.0,0.3333333333333333,0.4714045207910317,28.5,0.0,9.5,13.435028842544403
11154.0,8.0,5.0,5.0,2.449489742783178,107.0,38.5,54.43333333333334,38.1187909333733
11156.0,4.0,1.0,1.6666666666666667,1.699673171197595,4.0,4.0,2.6666666666666665,1.8856180831641267
11159.0,11.0,11.0,8.666666666666666,3.2998316455372216,204.7,134.0,133.4,58.462694657932644
11164.0,1.0,0.0,0.3333333333333333,0.4714045207910317,69.4,0.0,23.133333333333336,32.7154737428976
11165.0,1.0,1.0,0.6666666666666666,0.4714045207910317,7.0,7.0,4.666666666666667,3.299831645537222
11168.0,1.0,0.0,0.3333333333333333,0.4714045207910317,98.0,0.0,32.666666666666664,46.19764303752111
11201.0,1.0,1.0,0.6666666666666666,0.4714045207910317,9.9,9.9,6.6000000000000005,4.666904755831214
11204.0,2.0,1.0,1.3333333333333333,0.4714045207910317,63.0,49.6,45.13333333333333,16.71273632759027
11209.0,1.0,1.0,0.6666666666666666,0.4714045207910317,15.9,12.8,9.566666666666668,6.882021666794011
11210.0,2.0,1.0,1.0,0.816496580927726,55.6,27.8,27.8,22.698604949790784
11213.0,1.0,1.0,0.6666666666666666,0.4714045207910317,9.9,7.5,5.8,4.216633728461603
11215.0,2.0,1.0,1.0,0.816496580927726,110.0,39.0,49.666666666666664,45.536310297997964
11217.0,1.0,1.0,0.6666666666666666,0.4714045207910317,3.8,3.8,2.533333333333333,1.7913371790059203
11219.0,2.0,0.0,0.6666666666666666,0.9428090415820634,33.6,0.0,11.200000000000001,15.839191898578665
11220.0,1.0,0.0,0.3333333333333333,0.4714045207910317,35.0,0.0,11.666666666666666,16.49915822768611
11221.0,4.0,1.0,2.0,1.4142135623730951,153.5,39.0,75.8,54.967687477887104
11224.0,5.0,5.0,4.666666666666667,0.4714045207910317,368.0,211.7,232.30000000000004,103.41963063171325
11225.0,3.0,0.0,1.0,1.4142135623730951,144.8,0.0,48.26666666666667,68.25937461054139
11227.0,1.0,0.0,0.3333333333333333,0.4714045207910317,7.9,0.0,2.6333333333333333,3.7240957142491506
11228.0,2.0,0.0,0.6666666666666666,0.9428090415820634,74.8,0.0,24.933333333333334,35.26105815516917
11233.0,1.0,0.0,0.3333333333333333,0.4714045207910317,10.0,0.0,3.3333333333333335,4.714045207910316
11234.0,2.0,0.0,0.6666666666666666,0.9428090415820634,57.5,0.0,19.166666666666668,27.10575994548432
11235.0,1.0,0.0,0.3333333333333333,0.4714045207910317,18.0,0.0,6.0,8.48528137423857
11241.0,3.0,2.0,2.0,0.816496580927726,19.0,18.4,14.066666666666668,6.557099629832962
11258.0,1.0,1.0,1.0,0.0,18.5,18.5,18.5,0.0
11260.0,4.0,1.0,1.6666666666666667,1.699673171197595,165.0,29.0,64.66666666666667,71.92743256613262
11263.0,1.0,0.0,0.3333333333333333,0.4714045207910317,2.9,0.0,0.9666666666666667,1.3670731102939917
11265.0,2.0,2.0,1.3333333333333333,0.9428090415820634,31.8,12.4,14.733333333333334,13.086719307077013
11276.0,1.0,0.0,0.3333333333333333,0.4714045207910317,35.0,0.0,11.666666666666666,16.49915822768611
11281.0,2.0,1.0,1.0,0.816496580927726,179.8,89.9,89.90000000000002,73.40304262540258
11286.0,1.0,0.0,0.3333333333333333,0.4714045207910317,6.0,0.0,2.0,2.8284271247461903
11288.0,2.0,1.0,1.0,0.816496580927726,19.8,9.9,9.9,8.083316151184487
11291.0,3.0,1.0,1.3333333333333333,1.247219128924647,53.7,22.9,25.53333333333333,22.001868607512005
11301.0,2.0,1.0,1.0,0.816496580927726,63.8,35.9,33.23333333333333,26.11440641144696
11305.0,1.0,0.0,0.3333333333333333,0.4714045207910317,33.0,0.0,11.0,15.556349186104045
11306.0,1.0,0.0,0.3333333333333333,0.4714045207910317,24.5,0.0,8.166666666666666,11.549410759380278
11310.0,1.0,0.0,0.3333333333333333,0.4714045207910317,15.0,0.0,5.0,7.0710678118654755
11312.0,1.0,0.0,0.3333333333333333,0.4714045207910317,8.9,0.0,2.966666666666667,4.195500235040182
11313.0,1.0,0.0,0.3333333333333333,0.4714045207910317,39.9,0.0,13.299999999999999,18.809040379562163
11314.0,2.0,0.0,0.6666666666666666,0.9428090415820634,107.0,0.0,35.666666666666664,50.440283724640395
11317.0,1.0,0.0,0.3333333333333333,0.4714045207910317,25.0,0.0,8.333333333333334,11.785113019775793
11318.0,1.0,0.0,0.3333333333333333,0.4714045207910317,22.0,0.0,7.333333333333333,10.370899457402697
11321.0,1.0,0.0,0.3333333333333333,0.4714045207910317,39.0,0.0,13.0,18.384776310850235
11327.0,11.0,3.0,4.666666666666667,4.642796092394706,127.10000000000002,29.700000000000006,52.26666666666668,54.28654427101517
11334.0,1.0,1.0,0.6666666666666666,0.4714045207910317,22.9,22.9,15.266666666666666,10.795163526114624
11337.0,1.0,0.0,0.3333333333333333,0.4714045207910317,26.9,0.0,8.966666666666667,12.680781609278752
11338.0,2.0,0.0,0.6666666666666666,0.9428090415820634,60.4,0.0,20.133333333333333,28.472833055778313
11342.0,1.0,0.0,0.3333333333333333,0.4714045207910317,19.9,0.0,6.633333333333333,9.38094996374153
11344.0,2.0,1.0,1.3333333333333333,0.4714045207910317,19.8,18.0,15.9,4.305810028322197
11345.0,1.0,0.0,0.3333333333333333,0.4714045207910317,39.8,0.0,13.266666666666666,18.76189992748306
11351.0,1.0,0.0,0.3333333333333333,0.4714045207910317,16.8,0.0,5.6000000000000005,7.919595949289333
11352.0,1.0,0.0,0.3333333333333333,0.4714045207910317,39.0,0.0,13.0,18.384776310850235
11356.0,1.0,0.0,0.3333333333333333,0.4714045207910317,59.0,0.0,19.666666666666668,27.812866726670865
11365.0,1.0,0.0,0.3333333333333333,0.4714045207910317,19.0,0.0,6.333333333333333,8.956685895029603
11375.0,2.0,0.0,0.6666666666666666,0.9428090415820634,34.7,0.0,11.566666666666668,16.3577368714488
11376.0,1.0,0.0,0.3333333333333333,0.4714045207910317,22.0,0.0,7.333333333333333,10.370899457402697
11378.0,1.0,1.0,0.6666666666666666,0.4714045207910317,59.0,39.5,32.833333333333336,24.54361197723124
11379.0,5.0,2.0,2.6666666666666665,1.699673171197595,70.4,22.700000000000006,34.66666666666667,25.722407006775676
11381.0,1.0,0.0,0.3333333333333333,0.4714045207910317,14.8,0.0,4.933333333333334,6.976786907707269
11383.0,2.0,1.0,1.0,0.816496580927726,106.0,16.0,40.666666666666664,46.65714188512718
11384.0,1.0,1.0,0.6666666666666666,0.4714045207910317,18.5,18.5,12.333333333333334,8.720983634634086
11385.0,8.0,6.0,5.0,2.943920288775949,88.7,76.60000000000002,60.73333333333335,31.38601953453516
11387.0,1.0,0.0,0.3333333333333333,0.4714045207910317,29.0,0.0,9.666666666666666,13.67073110293992
14001.0,2.0700000000000003,0.0,0.6900000000000001,0.9758073580374358,61.71000000000001,0.0,20.570000000000004,29.090372978014567
14002.0,4.0,0.0,1.3333333333333333,1.8856180831641267,53.0,0.0,17.666666666666668,24.984439601924677
14005.0,5.0,3.0,3.3333333333333335,1.247219128924647,31.5,23.0,20.5,10.157099323461727
14008.0,14.0,7.0,9.0,3.559026084010437,21.0,10.0,13.0,5.715476066494082
14010.0,2.0,2.0,1.3333333333333333,0.9428090415820634,10.0,7.0,5.666666666666667,4.189935029992179
14016.0,3.0,1.0,1.3333333333333333,1.247219128924647,43.5,39.8,27.766666666666666,19.69201755929431
14019.0,2.0,0.0,0.6666666666666666,0.9428090415820634,8.0,0.0,2.6666666666666665,3.7712361663282534
14020.0,2.0,2.0,1.3333333333333333,0.9428090415820634,15.8,11.0,8.933333333333334,6.613790306792485
14022.0,2.0,0.0,0.6666666666666666,0.9428090415820634,21.6,0.0,7.2,10.182337649086286
14024.0,1.0,1.0,1.0,0.0,12.9,6.0,8.299999999999999,3.252691193458119
14031.0,3.0,1.0,1.6666666666666667,0.9428090415820634,19.39,2.7,8.263333333333334,7.867741452002319
14032.0,9.0,5.0,6.333333333333333,1.8856180831641267,83.0,54.2,62.099999999999994,14.924476540234165
14033.0,4.0,2.0,2.0,1.632993161855452,17.700000000000006,7.2,8.300000000000002,7.267736924242652
14034.0,1.0,0.0,0.3333333333333333,0.4714045207910317,68.0,0.0,22.666666666666668,32.05550741379015
14035.0,6.0,1.0,2.3333333333333335,2.6246692913372702,54.9,19.9,24.933333333333334,22.69366039717309
14036.0,2.0,0.0,0.6666666666666666,0.9428090415820634,8.6,0.0,2.8666666666666667,4.054078878802872
14038.0,2.0,1.0,1.0,0.816496580927726,9.2,4.6,4.6,3.755884272267539
14039.0,1.0,1.0,0.6666666666666666,0.4714045207910317,8.0,8.0,5.333333333333333,3.7712361663282534
14041.0,2.0,1.3419999999999999,1.1139999999999999,0.8322611769550871,28.3,14.4,14.233333333333334,11.554027676769499
14042.0,1.0,1.0,1.0,0.0,15.8,5.5,8.733333333333334,5.002888054802835
14043.0,4.0,3.0,2.6666666666666665,1.247219128924647,51.0,39.1,33.333333333333336,17.267374502865867
14044.0,12.0,6.0,7.333333333333333,3.39934634239519,88.99999999999999,41.90000000000001,52.833333333333336,26.231575544666683
14045.0,1.368,1.0,0.7893333333333334,0.5780088426851464,30.43,15.0,15.143333333333333,12.423408907739006
14049.0,1.0,0.0,0.3333333333333333,0.4714045207910317,9.8,0.0,3.266666666666667,4.619764303752111
14051.0,16.0,5.0,8.0,5.715476066494082,86.69999999999997,66.8,65.56666666666666,17.780201223708215
14067.0,7.0,4.0,4.666666666666667,1.699673171197595,77.69999999999997,57.4,54.83333333333332,19.801739541991974
14069.0,2.0,1.0,1.0,0.816496580927726,21.6,12.5,11.366666666666667,8.85450293479099
14070.0,2.0,1.0,1.0,0.816496580927726,66.8,26.9,31.23333333333333,27.442586531804096
14071.0,2.0,1.0,1.3333333333333333,0.4714045207910317,12.6,6.3,8.4,2.9698484809834995
14079.0,5.0,5.0,5.0,0.0,45.0,41.3,40.699999999999996,3.7797707161502108
14080.0,4.0,1.0,2.0,1.4142135623730951,37.2,12.5,19.866666666666667,12.302393624367939
14082.0,15.0,7.0,9.666666666666666,3.7712361663282534,89.9,42.3,57.56666666666666,22.87492562222274
14084.0,1.0,1.0,0.6666666666666666,0.4714045207910317,29.8,25.8,18.533333333333335,13.206395756938715
14088.0,1.0,1.0,0.6666666666666666,0.4714045207910317,6.9,6.5,4.466666666666667,3.1626290048347787
14092.0,6.0,1.0,2.3333333333333335,2.6246692913372702,33.0,5.5,12.833333333333334,14.435681102354987
14097.0,1.0,0.0,0.3333333333333333,0.4714045207910317,3.0,0.0,1.0,1.4142135623730951
14098.0,16.0,13.0,13.0,2.449489742783178,130.28,126.79000000000002,116.95666666666666,16.436107270951428
14102.0,5.0,4.0,4.0,0.816496580927726,42.8,34.1,34.13333333333333,7.062734755193785
14104.0,10.0,7.0,6.333333333333333,3.299831645537222,106.0,72.4,66.23333333333333,35.25756026096468
14108.0,2.0,1.0,1.0,0.816496580927726,47.6,25.0,24.2,19.440850461506738
14110.0,3.0,3.0,2.6666666666666665,0.4714045207910317,14.4,14.4,12.799999999999999,2.2627416997969525
14112.0,6.0,4.0,4.0,1.632993161855452,92.5,31.6,46.71666666666667,32.99025950522702
14116.0,1.0,1.0,0.6666666666666666,0.4714045207910317,6.8,5.6,4.133333333333333,2.963481436119049
14117.0,3.0,1.0,1.3333333333333333,1.247219128924647,25.8,4.5,10.1,11.252555265360842
14118.0,1.0,1.0,0.6666666666666666,0.4714045207910317,3.9,3.9,2.6,1.8384776310850235
14119.0,2.0,1.0,1.0,0.816496580927726,13.0,7.5,6.833333333333333,5.328122454381926
14121.0,3.0,2.0,2.0,0.816496580927726,320.7000000000001,252.6,234.4,78.94973084184647
14123.0,6.0,5.0,4.666666666666667,1.247219128924647,28.2,24.4,22.233333333333334,5.956695579112821
14126.0,5.0,5.0,4.0,1.4142135623730951,27.6,27.5,25.3,3.1822423959633666
14127.0,1.0,1.0,0.6666666666666666,0.4714045207910317,24.9,24.9,16.599999999999998,11.737972567696689
14129.0,2.0,0.0,0.6666666666666666,0.9428090415820634,76.0,0.0,25.333333333333332,35.82674358011841
14133.0,2.0,0.0,0.6666666666666666,0.9428090415820634,25.0,0.0,8.333333333333334,11.785113019775793
14134.0,0.574,0.0,0.19133333333333333,0.27058619493405217,17.91,0.0,5.97,8.442854967367378
14145.0,5.0,3.0,3.0,1.632993161855452,39.6,26.4,25.266666666666666,12.19216506158315
14146.0,2.0,1.0,1.3333333333333333,0.4714045207910317,8.9,7.1,6.7,1.9798989873223334
14148.0,2.0,0.0,0.6666666666666666,0.9428090415820634,11.3,0.0,3.766666666666667,5.326871084938658
14149.0,3.0,2.0,2.3333333333333335,0.4714045207910317,29.700000000000006,19.8,21.533333333333335,6.085136718997275
14151.0,11.0,2.0,4.666666666666667,4.4969125210773475,41.99999999999999,11.1,19.299999999999997,16.25607578722491
14152.0,3.0,2.0,2.0,0.816496580927726,44.5,28.0,28.0,13.47219358530748
14153.0,2.0,0.0,0.6666666666666666,0.9428090415820634,656.0,0.0,218.66666666666666,309.2413656389168
14156.0,2.0,0.0,0.6666666666666666,0.9428090415820634,21.6,0.0,7.2,10.182337649086286
14157.0,1.0,0.0,0.3333333333333333,0.4714045207910317,5.9,0.0,1.9666666666666668,2.781286672667087
14159.0,2.0,0.0,0.6666666666666666,0.9428090415820634,13.2,0.0,4.3999999999999995,6.222539674441618
14160.0,12.0,5.0,7.333333333333333,3.299831645537222,265.57000000000005,73.68,128.45000000000002,97.61005720040671
14162.0,1.0,1.0,0.6666666666666666,0.4714045207910317,6.9,6.8,4.566666666666666,3.2293790252754304
14167.0,5.0,2.0,2.6666666666666665,1.699673171197595,33.0,13.2,17.599999999999998,11.217842929904126
14168.0,4.0,4.0,3.0,1.4142135623730951,46.8,40.2,32.300000000000004,16.066735822811054
14173.0,11.0,10.0,9.666666666666666,1.247219128924647,114.3,69.1,78.63333333333334,26.11478933903588
14177.0,30.0,24.0,25.333333333333332,3.39934634239519,207.1,194.49000000000004,187.1966666666667,19.90807262282202
14179.0,2.0,1.0,1.3333333333333333,0.4714045207910317,19.2,9.6,12.799999999999999,4.525483399593904
14189.0,5.0,2.0,2.6666666666666665,1.699673171197595,32.5,15.0,17.733333333333334,11.110455536215525
14191.0,7.0,2.0,3.3333333333333335,2.6246692913372702,72.69999999999997,19.200000000000006,35.23333333333333,26.584498407070896
14196.0,22.0,11.0,12.333333333333334,7.408703590297623,93.7,74.50000000000001,65.60000000000001,27.31190216737018
14197.0,1.0,0.0,0.3333333333333333,0.4714045207910317,4.0,0.0,1.3333333333333333,1.8856180831641267
14200.0,7.0,3.0,4.0,2.160246899469287,67.9,24.3,36.56666666666667,22.329253358667316
14203.0,1.0,0.0,0.3333333333333333,0.4714045207910317,6.8,0.0,2.2666666666666666,3.205550741379015
14208.0,10.0,10.0,9.0,1.4142135623730951,71.1,63.7,57.5,14.322941969674618
14210.0,2.0,1.0,1.3333333333333333,0.4714045207910317,31.6,15.8,20.066666666666666,8.246750201678774
14212.0,3.0,2.0,2.0,0.816496580927726,159.8,51.7,75.13333333333334,61.8252555370556
14213.0,7.0,4.0,4.0,2.449489742783178,17.4,13.8,11.0,6.669332800213226
14224.0,13.0,5.0,7.0,4.320493798938574,212.80000000000007,74.0,108.9666666666667,74.71422592489037
14225.0,7.0,5.0,5.666666666666667,0.9428090415820634,86.4,51.8,56.599999999999994,22.62800624594811
14229.0,3.0,1.0,1.3333333333333333,1.247219128924647,22.8,14.6,12.466666666666667,9.429504523332897
14230.0,14.0,2.0,5.333333333333333,6.18241233033047,17.7,2.5,6.733333333333333,7.821480394116931
14231.0,8.0,6.0,5.0,2.943920288775949,95.20000000000002,79.4,61.50000000000001,37.05248529676069
14233.0,3.0,1.0,1.6666666666666667,0.9428090415820634,16.2,4.2,8.2,5.656854249492381
14236.0,3.0,3.0,2.3333333333333335,0.9428090415820634,48.8,40.1,31.76666666666667,18.285209566447108
14238.0,2.0,1.0,1.0,0.816496580927726,41.1,23.5,21.53333333333333,16.8365343491138
14241.0,4.0,2.0,2.0,1.632993161855452,65.8,59.90000000000001,41.900000000000006,29.725522142876933
14245.0,1.0,1.0,1.0,0.0,8.6,8.6,8.166666666666666,0.6128258770283411
14246.0,1.0,0.0,0.3333333333333333,0.4714045207910317,12.9,0.0,4.3,6.08111831820431
14247.0,0.4860000000000001,0.0,0.16200000000000003,0.22910259710444145,21.19,0.0,7.0633333333333335,9.989061795561962
14249.0,2.0,0.0,0.6666666666666666,0.9428090415820634,22.5,0.0,7.5,10.606601717798213
14251.0,3.0,1.0,1.3333333333333333,1.247219128924647,19.9,14.9,11.6,8.452613008216256
14258.0,4.0,4.0,3.0,1.4142135623730951,35.6,13.4,18.433333333333334,12.479939458542614
14261.0,4.0,0.0,1.3333333333333333,1.8856180831641267,32.3,0.0,10.766666666666666,15.226366021550321
14265.0,20.0,10.0,13.0,4.96655480858378,68.2,40.2,48.166666666666664,14.264252132126973
14267.0,7.0,3.0,3.3333333333333335,2.8674417556808756,74.3,32.90000000000001,35.73333333333334,30.398940040000664
14268.0,7.0,3.0,3.3333333333333335,2.8674417556808756,117.9,46.2,54.70000000000001,48.50628825214314
14279.0,4.0,2.0,2.6666666666666665,0.9428090415820634,22.6,16.4,16.0,5.559376463837169
14281.0,14.0,8.0,8.666666666666666,4.109609335312651,64.1,33.49999999999999,38.5,19.18958050609757
14284.0,1.0,0.0,0.3333333333333333,0.4714045207910317,38.0,0.0,12.666666666666666,17.913371790059205
14291.0,4.0,3.0,2.3333333333333335,1.699673171197595,35.4,27.000000000000004,20.8,15.10231770292229
14293.0,3.0,2.0,2.0,0.816496580927726,36.6,20.8,23.433333333333337,9.853031118504713
14301.0,6.0,4.0,3.3333333333333335,2.494438257849294,34.1,22.7,18.933333333333334,14.173762928578832
14306.0,1.0,0.0,0.3333333333333333,0.4714045207910317,22.8,0.0,7.6000000000000005,10.748023074035522
14307.0,2.0,0.0,0.6666666666666666,0.9428090415820634,23.8,0.0,7.933333333333334,11.219427594826556
14313.0,29.0,10.0,14.666666666666666,10.338708279513881,157.39999999999995,85.1,105.96666666666665,36.583815486572114
14314.0,2.0,1.0,1.0,0.816496580927726,6.6,4.0,3.533333333333333,2.7145697428669773
14315.0,1.0,0.0,0.3333333333333333,0.4714045207910317,33.0,0.0,11.0,15.556349186104045
14318.0,3.0,1.0,1.3333333333333333,1.247219128924647,7.199999999999998,3.5,3.5666666666666664,2.9397656747132443
14319.0,6.0,6.0,5.333333333333333,0.9428090415820634,41.0,37.99,35.56333333333334,5.694385148742768
14321.0,1.0,1.0,1.0,0.0,7.8,7.8,6.7,1.5556349186104046
14322.0,28.0,13.0,16.666666666666668,8.178562764256865,185.5,148.89999999999995,138.23333333333332,43.604994617079754
14328.0,1.0,0.0,0.3333333333333333,0.4714045207910317,18.9,0.0,6.3,8.909545442950497
14330.0,353.0,12.0,123.66666666666667,162.1816539837009,708.2999999999997,68.0,271.03333333333325,309.45647333492445
14331.0,4.0,3.0,2.3333333333333335,1.699673171197595,21.200000000000006,12.9,11.366666666666669,8.72251238017019
14333.0,13.0,10.0,9.0,3.7416573867739413,39.38999999999999,26.9,24.496666666666666,13.250937912297209
14338.0,15.0,13.0,13.0,1.632993161855452,38.48,34.17,29.98,9.144072761448621
14341.0,5.0,1.0,2.0,2.160246899469287,73.2,6.0,26.400000000000002,33.18312824312982
14344.0,1.0,0.0,0.3333333333333333,0.4714045207910317,20.0,0.0,6.666666666666667,9.428090415820632
14345.0,4.0,2.0,2.3333333333333335,1.247219128924647,137.5,39.6,67.33333333333333,49.97695024264241
14346.0,2.0,1.0,1.0,0.816496580927726,124.9,35.0,53.300000000000004,52.60652684474301
14350.0,7.522,6.856,5.792666666666666,1.9933438126814844,46.14,40.45,32.696666666666665,15.16724614277607
14353.0,1.0,0.0,0.3333333333333333,0.4714045207910317,13.8,0.0,4.6000000000000005,6.505382386916237
14354.0,5.0,5.0,4.666666666666667,0.4714045207910317,239.4,237.1,194.20000000000002,62.3031834392647
14355.0,7.0,4.0,3.6666666666666665,2.8674417556808756,48.5,15.0,21.166666666666668,20.274505063146563
14356.0,6.0,6.0,4.333333333333333,2.357022603955158,14.4,6.0,7.133333333333333,5.528913897764089
14357.0,6.0,5.0,3.6666666666666665,2.6246692913372702,17.8,10.0,9.266666666666667,7.285297218065682
14362.0,16.0,13.0,11.333333333333334,4.642796092394707,68.59999999999998,38.5,46.666666666666664,15.676805230091427
14366.0,20.0,16.0,16.666666666666668,2.494438257849294,314.3,203.70000000000005,230.06333333333336,60.93757479767489
14372.0,9.078,7.0,6.026,2.970524981660088,250.73,46.49999999999999,102.21,106.10606423134666
14376.0,1.0,0.0,0.3333333333333333,0.4714045207910317,15.0,0.0,5.0,7.0710678118654755
14377.0,1.0,0.0,0.3333333333333333,0.4714045207910317,8.0,0.0,2.6666666666666665,3.7712361663282534
14386.0,6.0,5.0,4.333333333333333,1.699673171197595,104.3,48.8,64.36666666666667,28.4647540341072
14393.0,2.0,1.0,1.0,0.816496580927726,6.6,3.5,3.3666666666666667,2.6960877005188255
14395.0,5.0,0.0,1.6666666666666667,2.357022603955158,74.0,0.0,24.666666666666668,34.883934538536344
14396.0,3.0,1.0,1.6666666666666667,0.9428090415820634,15.3,8.5,9.566666666666668,4.312256434345661
14404.0,2.0,0.0,0.6666666666666666,0.9428090415820634,6.0,0.0,2.0,2.8284271247461903
14408.0,1.0,1.0,0.6666666666666666,0.4714045207910317,13.5,4.0,5.833333333333333,5.661762583821009
14418.0,1.0,0.0,0.3333333333333333,0.4714045207910317,3.8,0.0,1.2666666666666666,1.7913371790059205
14420.0,1.0,0.0,0.3333333333333333,0.4714045207910317,6.3,0.0,2.1,2.9698484809834995
14421.0,2.0,1.0,1.3333333333333333,0.4714045207910317,23.6,11.8,15.733333333333334,5.562573345334174
14423.0,1.0,0.0,0.3333333333333333,0.4714045207910317,38.0,0.0,12.666666666666666,17.913371790059205
14425.0,1.0,1.0,0.6666666666666666,0.4714045207910317,6.5,6.5,4.333333333333333,3.064129385141706
14431.0,3.0,2.0,2.3333333333333335,0.4714045207910317,28.8,19.2,18.53333333333333,8.667692247010672
14435.0,6.0,1.0,2.6666666666666665,2.3570226039551585,99.6,16.6,44.26666666666667,39.12657522565563
14436.0,2.0,1.0,1.0,0.816496580927726,43.8,4.0,15.933333333333332,19.77225890540133
14440.0,5.0,3.0,2.6666666666666665,2.0548046676563256,21.6,14.6,12.066666666666668,8.998271438942531
14442.0,21.0,15.0,17.0,2.8284271247461903,161.30000000000004,131.09000000000003,122.23000000000003,36.06590911095964
14443.0,4.0,2.0,2.0,1.632993161855452,19.3,10.4,9.9,7.887120302535436
14444.0,5.0,3.0,3.3333333333333335,1.247219128924647,22.5,13.5,15.0,5.612486080160912
14445.0,6.0,4.0,4.333333333333333,1.247219128924647,39.4,19.6,25.566666666666663,9.812350494260905
14446.0,1.0,1.0,0.6666666666666666,0.4714045207910317,4.5,4.5,3.0,2.1213203435596424
14447.0,2.0,0.0,0.6666666666666666,0.9428090415820634,19.8,0.0,6.6000000000000005,9.333809511662428
14449.0,5.0,2.0,3.0,1.4142135623730951,32.5,22.0,24.833333333333332,5.482294734466175
14454.0,1.0,0.0,0.3333333333333333,0.4714045207910317,55.0,0.0,18.333333333333332,25.927248643506744
14455.0,6.0,3.0,3.6666666666666665,1.699673171197595,35.4,21.8,24.96666666666667,7.564977785088918
14456.0,1.0,0.0,0.3333333333333333,0.4714045207910317,5.5,0.0,1.8333333333333333,2.592724864350674
14458.0,1.0,1.0,0.6666666666666666,0.4714045207910317,6.2,6.2,4.133333333333334,2.9227080289043967
14460.0,4.0,3.0,3.3333333333333335,0.4714045207910317,33.6,13.7,20.099999999999998,9.550218147595722
14461.0,7.0,2.0,3.3333333333333335,2.6246692913372702,15.8,4.2,7.0,6.358196809368728
14475.0,13.0,12.37,11.865333333333334,1.1873739465260673,482.2,264.20000000000005,316.81333333333333,119.4971925286206
14504.0,2.0,0.0,0.6666666666666666,0.9428090415820634,338.0,0.0,112.66666666666667,159.3347280273687
14507.0,3.0,1.0,1.6666666666666667,0.9428090415820634,22.700000000000006,15.5,15.700000000000003,5.635601121442151
14509.0,7.0,3.0,3.6666666666666665,2.494438257849294,49.1,15.5,23.133333333333336,18.873673610496596
14510.0,1.0,0.0,0.3333333333333333,0.4714045207910317,53.9,0.0,17.966666666666665,25.40870367063661
14519.0,3.0,2.0,2.0,0.816496580927726,105.0,27.0,47.4,41.30278440977073
14524.0,1.0,0.0,0.3333333333333333,0.4714045207910317,6.9,0.0,2.3000000000000003,3.2526911934581184
14531.0,1.0,0.0,0.3333333333333333,0.4714045207910317,10.9,0.0,3.6333333333333333,5.138309276622246
14539.0,3.0,2.0,1.6666666666666667,1.247219128924647,21.6,10.7,10.766666666666666,8.818289075678015
14544.0,20.0,5.0,8.666666666666666,8.178562764256865,126.70000000000002,24.4,51.53333333333334,53.831362193014925
14545.0,5.0,3.0,3.3333333333333335,1.247219128924647,70.3,26.700000000000006,41.06666666666667,20.67209606100831
14546.0,5.0,2.0,2.3333333333333335,2.0548046676563256,48.5,19.8,22.766666666666666,19.910856893218387
14556.0,2.0,1.0,1.0,0.816496580927726,21.4,7.5,9.633333333333333,8.86578943028889
14564.0,2.0,1.0,1.3333333333333333,0.4714045207910317,22.0,11.0,12.133333333333333,7.6355891863183825
14570.0,2.0,1.0,1.3333333333333333,0.4714045207910317,48.6,36.8,37.4,8.90991956566762
14571.0,1.0,0.0,0.3333333333333333,0.4714045207910317,7.9,0.0,2.6333333333333333,3.7240957142491506
14573.0,11.0,11.0,7.333333333333333,5.185449728701348,28.5,27.5,18.666666666666668,13.205638526360204
14579.0,2.0,1.0,1.0,0.816496580927726,11.8,9.8,7.2,5.156226010045202
14580.0,5.0,3.0,2.6666666666666665,2.0548046676563256,44.90000000000001,29.1,24.66666666666667,18.59647517377659
14581.0,2.0,1.0,1.0,0.816496580927726,19.8,8.9,9.566666666666668,8.097050217345958
14585.0,2.0,1.0,1.0,0.816496580927726,17.0,8.5,8.5,6.940220937885671
14591.0,2.0,1.0,1.0,0.816496580927726,8.9,7.4,5.433333333333334,3.8904441334577156
14592.0,1.0,0.0,0.3333333333333333,0.4714045207910317,98.0,0.0,32.666666666666664,46.19764303752111
14601.0,2.0,0.0,0.6666666666666666,0.9428090415820634,19.8,0.0,6.6000000000000005,9.333809511662428
14612.0,1.0,0.0,0.3333333333333333,0.4714045207910317,6.0,0.0,2.0,2.8284271247461903
14615.0,3.0,1.0,1.6666666666666667,0.9428090415820634,20.48,12.0,13.490000000000002,5.206732820749176
14618.0,1.0,0.0,0.3333333333333333,0.4714045207910317,6.5,0.0,2.1666666666666665,3.064129385141706
14622.0,29.0,27.0,25.666666666666668,3.39934634239519,710.5999999999997,542.1000000000001,559.8333333333333,116.53744271930596
14623.0,1.0,0.0,0.3333333333333333,0.4714045207910317,26.8,0.0,8.933333333333334,12.63364115719965
14626.0,3.0,2.0,1.6666666666666667,1.247219128924647,21.700000000000006,20.700000000000006,14.133333333333338,10.00211088831864
14627.0,2.0,1.0,1.0,0.816496580927726,9.0,4.5,4.5,3.6742346141747673
14630.0,2.0,1.0,1.3333333333333333,0.4714045207910317,38.3,17.5,21.900000000000002,12.004443621703865
14648.0,2.0,0.0,0.6666666666666666,0.9428090415820634,13.8,0.0,4.6000000000000005,6.505382386916237
14650.0,3.0,2.0,2.3333333333333335,0.4714045207910317,38.89,13.99,20.286666666666665,13.381405838783241
14651.0,16.0,4.0,7.666666666666667,5.9066817155564495,111.4,55.90000000000001,63.06666666666667,36.88796852934873
14652.0,1.0,0.0,0.3333333333333333,0.4714045207910317,3.8,0.0,1.2666666666666666,1.7913371790059205
14661.0,2.0,1.0,1.0,0.816496580927726,22.9,9.0,10.633333333333333,9.419955178001409
14665.0,1.0,1.0,0.6666666666666666,0.4714045207910317,33.8,33.8,22.53333333333333,15.933472802736869
14667.0,3.0,1.0,1.3333333333333333,1.247219128924647,22.6,13.8,12.133333333333335,9.301373853122751
14674.0,2.0,0.0,0.6666666666666666,0.9428090415820634,45.6,0.0,15.200000000000001,21.496046148071045
14677.0,1.0,0.0,0.3333333333333333,0.4714045207910317,8.0,0.0,2.6666666666666665,3.7712361663282534
14678.0,11.0,5.0,6.666666666666667,3.0912061651652345,126.5,44.6,70.49999999999999,39.635085467297785
14682.0,2.0,1.0,1.0,0.816496580927726,13.8,6.9,6.900000000000001,5.633826408401309
14686.0,1.0,1.0,1.0,0.0,5.3,5.3,5.3,0.0
14688.0,1.0,0.0,0.3333333333333333,0.4714045207910317,9.5,0.0,3.1666666666666665,4.478342947514801
14689.0,1.0,0.0,0.3333333333333333,0.4714045207910317,13.8,0.0,4.6000000000000005,6.505382386916237
14691.0,2.0,0.0,0.6666666666666666,0.9428090415820634,21.6,0.0,7.2,10.182337649086286
14693.0,3.0,0.0,1.0,1.4142135623730951,29.6,0.0,9.866666666666667,13.953573815414538
14694.0,2.0,1.0,1.0,0.816496580927726,25.0,5.0,10.0,10.801234497346433
14703.0,2.0,2.0,1.3333333333333333,0.9428090415820634,18.6,18.6,12.4,8.76812408671319
14705.0,19.0,5.0,9.333333333333334,6.847546194724712,123.6,53.1,69.99999999999999,38.75332243821167
14712.0,4.0,1.0,2.0,1.4142135623730951,34.4,8.6,17.2,12.162236636408617
14714.0,5.0,1.0,2.0,2.160246899469287,149.2,19.3,56.166666666666664,66.25467698375883
14717.0,1.0,0.0,0.3333333333333333,0.4714045207910317,5.9,0.0,1.9666666666666668,2.781286672667087
14719.0,2.0,0.0,0.6666666666666666,0.9428090415820634,9.0,0.0,3.0,4.242640687119285
14721.0,1.0,0.0,0.3333333333333333,0.4714045207910317,35.0,0.0,11.666666666666666,16.49915822768611
14722.0,1.0,1.0,0.6666666666666666,0.4714045207910317,22.8,15.3,12.700000000000001,9.487887014504336
14723.0,2.0,1.0,1.0,0.816496580927726,21.6,5.8,9.133333333333335,9.127735510823896
14724.0,1.0,0.0,0.3333333333333333,0.4714045207910317,10.9,0.0,3.6333333333333333,5.138309276622246
14726.0,1.0,1.0,1.0,0.0,9.9,9.9,9.233333333333334,0.9428090415820634
14727.0,3.0,2.0,2.0,0.816496580927726,13.5,9.0,9.666666666666666,2.896357866163794
14729.0,1.0,1.0,1.0,0.0,7.9,7.9,7.900000000000001,8.881784197001252e-16
14730.0,1.0,0.0,0.3333333333333333,0.4714045207910317,4.5,0.0,1.5,2.1213203435596424
14731.0,1.0,0.0,0.3333333333333333,0.4714045207910317,1.99,0.0,0.6633333333333333,0.9380949963741531
14732.0,5.0,0.0,1.6666666666666667,2.357022603955158,48.60000000000001,0.0,16.200000000000003,22.910259710444144
14736.0,1.0,0.0,0.3333333333333333,0.4714045207910317,6.0,0.0,2.0,2.8284271247461903
14737.0,7.0,3.0,4.333333333333333,1.8856180831641267,102.7,47.40000000000001,56.53333333333334,34.57478207531546
14738.0,1.0,0.0,0.3333333333333333,0.4714045207910317,168.0,0.0,56.0,79.19595949289332
14739.0,1.0,0.0,0.3333333333333333,0.4714045207910317,5.9,0.0,1.9666666666666668,2.781286672667087
14740.0,11.0,1.0,4.333333333333333,4.714045207910317,118.68,99.0,75.06,48.4430304584674
14742.0,7.0,6.0,4.333333333333333,3.0912061651652345,33.5,32.5,22.0,15.561705133649932
14743.0,1.0,0.0,0.3333333333333333,0.4714045207910317,22.0,0.0,7.333333333333333,10.370899457402697
14746.0,1.0,0.0,0.3333333333333333,0.4714045207910317,10.8,0.0,3.6,5.091168824543143
14747.0,1.0,0.0,0.3333333333333333,0.4714045207910317,35.0,0.0,11.666666666666666,16.49915822768611
14752.0,11.0,4.0,5.333333333333333,4.189935029992179,89.00000000000001,45.3,48.06666666666667,32.3516442996162
14753.0,1.0,0.0,0.3333333333333333,0.4714045207910317,8.9,0.0,2.966666666666667,4.195500235040182
14757.0,1.0,0.0,0.3333333333333333,0.4714045207910317,24.8,0.0,8.266666666666667,11.690832115617583
14758.0,1.0,1.0,0.6666666666666666,0.4714045207910317,45.0,15.0,20.0,18.708286933869708
14759.0,4.0,3.0,3.3333333333333335,0.4714045207910317,27.8,25.9,25.233333333333334,2.414309194964243
14764.0,1.0,0.0,0.3333333333333333,0.4714045207910317,218.0,0.0,72.66666666666667,102.76618553244491
14767.0,1.0,0.0,0.3333333333333333,0.4714045207910317,32.0,0.0,10.666666666666666,15.084944665313014
14768.0,1.0,1.0,0.6666666666666666,0.4714045207910317,62.5,27.8,30.099999999999998,25.56729681970049
14770.0,1.0,1.0,0.6666666666666666,0.4714045207910317,17.5,17.5,11.666666666666666,8.249579113843053
14777.0,1.0,0.0,0.3333333333333333,0.4714045207910317,8.9,0.0,2.966666666666667,4.195500235040182
14779.0,3.0,1.0,1.3333333333333333,1.247219128924647,17.700000000000006,5.9,7.86666666666667,7.3585928606554205
14780.0,4.0,1.0,1.6666666666666667,1.699673171197595,81.2,6.9,29.36666666666667,36.75979083485408
14781.0,1.0,1.0,0.6666666666666666,0.4714045207910317,7.9,7.5,5.133333333333334,3.6334862353148143
14783.0,1.0,1.0,1.0,0.0,13.8,8.9,9.833333333333334,2.932954520994525
14784.0,4.0,3.0,2.3333333333333335,1.699673171197595,54.9,37.40000000000001,30.76666666666667,22.898374517759017
14785.0,3.0,1.0,1.6666666666666667,0.9428090415820634,30.700000000000006,11.9,17.500000000000004,9.369453915072462
14786.0,2.0,0.0,0.6666666666666666,0.9428090415820634,39.8,0.0,13.266666666666666,18.76189992748306
14788.0,4.0,0.0,1.3333333333333333,1.8856180831641267,66.6,0.0,22.2,31.39554108468271
14789.0,7.0,6.0,4.333333333333333,3.0912061651652345,54.3,50.4,34.9,24.729334807066685
14790.0,1.0,0.0,0.3333333333333333,0.4714045207910317,13.9,0.0,4.633333333333334,6.55252283899534
14792.0,1.0,0.0,0.3333333333333333,0.4714045207910317,8.8,0.0,2.9333333333333336,4.148359782961079
14793.0,3.0,2.162,2.054,0.8200601603947522,34.6,25.96,21.686666666666667,12.654341371859523
14794.0,8.8,8.296,7.205333333333333,1.9099328667666713,322.45,258.12,246.01999999999998,67.88597253237714
14795.0,1.0,1.0,0.6666666666666666,0.4714045207910317,23.8,12.8,12.200000000000001,9.72556767837573
14797.0,3.0,0.0,1.0,1.4142135623730951,71.4,0.0,23.8,33.65828278447967
14798.0,4.0,2.0,2.6666666666666665,0.9428090415820634,75.10000000000002,33.7,42.13333333333335,24.219872465028022
14799.0,1.0,0.0,0.3333333333333333,0.4714045207910317,32.8,0.0,10.933333333333332,15.462068281945838
14803.0,6.0,1.0,2.6666666666666665,2.3570226039551585,44.3,14.8,21.666666666666668,16.411445870353884
14804.0,4.0,0.0,1.3333333333333333,1.8856180831641267,53.8,0.0,17.933333333333334,25.361563218557503
14805.0,9.0,5.0,5.333333333333333,2.8674417556808756,107.2,60.0,64.26666666666667,33.44939793512317
14807.0,3.0,3.0,2.6666666666666665,0.4714045207910317,37.1,18.1,24.233333333333334,9.101404043088932
14809.0,5.0,2.0,2.6666666666666665,1.699673171197595,31.1,13.0,16.866666666666667,10.40843674888576
14810.0,31.0,14.0,19.0,8.524474568362947,73.99999999999999,36.8,47.86666666666667,18.551070648946975
14811.0,1.0,0.0,0.3333333333333333,0.4714045207910317,5.9,0.0,1.9666666666666668,2.781286672667087
14818.0,1.0,0.0,0.3333333333333333,0.4714045207910317,25.8,0.0,8.6,12.16223663640862
14820.0,1.0,0.0,0.3333333333333333,0.4714045207910317,7.9,0.0,2.6333333333333333,3.7240957142491506
14821.0,1.0,0.0,0.3333333333333333,0.4714045207910317,168.0,0.0,56.0,79.19595949289332
14826.0,1.0,0.0,0.3333333333333333,0.4714045207910317,18.8,0.0,6.266666666666667,8.862404990871397
15001.0,7.0,3.0,4.333333333333333,1.8856180831641267,106.5,81.4,71.46666666666667,33.40661943720469
15002.0,8.0,7.0,6.0,2.160246899469287,124.7,100.5,92.5,30.093631662972594
15007.0,1.0,0.0,0.3333333333333333,0.4714045207910317,32.8,0.0,10.933333333333332,15.462068281945838
15009.0,77.0,56.0,53.0,20.92844953645635,337.0,268.0,248.33333333333334,81.61835305588784
15011.0,14.0,13.0,11.666666666666666,2.6246692913372702,416.0,182.2,226.26666666666665,140.4271895166871
15012.0,228.0,227.0,216.33333333333334,15.797327481430381,1113.6099999999997,812.3999999999997,877.4933333333329,172.46951698456436
15015.0,8.0,0.0,2.6666666666666665,3.7712361663282534,164.0,0.0,54.666666666666664,77.3103414097292
15026.0,28.0,9.0,13.333333333333334,10.656244908763853,72.1,23.7,34.63333333333333,27.247670644580893
15028.0,4.0,1.0,1.6666666666666667,1.699673171197595,246.5,19.5,88.66666666666667,111.88858545694264
15031.0,1.0,1.0,0.6666666666666666,0.4714045207910317,27.6,12.9,13.5,11.27563745426395
15032.0,1.0,0.0,0.3333333333333333,0.4714045207910317,36.8,0.0,12.266666666666666,17.347686365109965
15033.0,2.0,0.0,0.6666666666666666,0.9428090415820634,23.8,0.0,7.933333333333334,11.219427594826556
15036.0,4.0,1.0,1.6666666666666667,1.699673171197595,29.4,9.8,13.066666666666668,12.222747463461541
15037.0,1.0,0.0,0.3333333333333333,0.4714045207910317,17.9,0.0,5.966666666666666,8.438140922159466
15038.0,18.0,9.0,11.0,5.0990195135927845,56.8,43.87000000000001,46.02,8.068618221232182
15039.0,81.0,77.0,66.33333333333333,17.98765008430939,456.91,425.08999999999986,403.79999999999995,54.18885555782357
15042.0,6.0,0.0,2.0,2.8284271247461903,88.3,0.0,29.433333333333334,41.625019185848096
15045.0,24.0,10.0,12.666666666666666,8.379870059984357,104.10999999999996,100.1,75.99666666666666,36.95903347702094
15048.0,2.0,1.0,1.0,0.816496580927726,39.8,13.9,17.9,16.49262461425308
15049.0,2.0,1.0,1.0,0.816496580927726,38.8,27.9,22.23333333333333,16.33897861624839
15052.0,167.0,160.0,138.66666666666666,35.23571420527127,863.9000000000003,673.4999999999998,713.7333333333332,109.93041233232775
15057.0,7.0,6.0,6.333333333333333,0.4714045207910317,101.5,84.5,87.0,10.962055768270233
15060.0,32.634,7.0,13.878,13.418659943029581,434.5,122.2,198.70000000000002,170.12777551005598
15061.0,1.0,0.0,0.3333333333333333,0.4714045207910317,9.9,0.0,3.3000000000000003,4.666904755831214
15063.0,2.0,1.0,1.3333333333333333,0.4714045207910317,22.6,20.9,16.099999999999998,8.020390680426152
15065.0,1.0,0.0,0.3333333333333333,0.4714045207910317,38.9,0.0,12.966666666666667,18.33763585877113
15066.0,34.0,18.0,23.0,7.788880963698615,188.3,102.4,121.10000000000002,49.050246346646084
15067.0,20.0,9.0,10.666666666666666,7.039570693980959,248.50000000000009,102.8,131.5666666666667,86.16705996041775
15073.0,7.0,7.0,6.333333333333333,0.9428090415820634,43.40000000000001,42.90000000000001,40.63333333333335,3.564952859280039
15074.0,12.0,4.0,6.333333333333333,4.0276819911981905,275.20000000000005,120.2,157.26666666666668,85.28701868136532
15077.0,3.0,1.0,1.3333333333333333,1.247219128924647,95.1,39.5,44.86666666666667,39.00942905959475
15078.0,11.0,4.0,6.0,3.559026084010437,99.0,26.5,49.833333333333336,34.78106125784868
15081.0,1.0,0.0,0.3333333333333333,0.4714045207910317,12.8,0.0,4.266666666666667,6.033977866125206
15083.0,13.0,9.0,9.333333333333334,2.8674417556808756,353.4,61.6,151.86666666666667,142.76323834314707
15092.0,18.0,13.0,14.0,2.943920288775949,205.0,143.0,156.33333333333334,35.56527644893104
15094.0,379.0,364.0,342.3333333333333,41.69998667732268,2155.88,1756.63,1871.256666666667,202.52455099457816
15100.0,1.0,0.0,0.3333333333333333,0.4714045207910317,4.8,0.0,1.5999999999999999,2.262741699796952
15123.0,17.0,17.0,14.0,4.242640687119285,314.2,242.5,236.66666666666666,65.81652950099658
15542.0,1.0,1.0,0.6666666666666666,0.4714045207910317,78.0,18.9,32.300000000000004,33.223184675765204
15545.0,3.0,2.0,2.3333333333333335,0.4714045207910317,86.5,70.9,68.16666666666667,16.20068585653775
15546.0,1.0,0.0,0.3333333333333333,0.4714045207910317,59.0,0.0,19.666666666666668,27.812866726670865
15548.0,4.0,1.0,1.6666666666666667,1.699673171197595,19.6,9.6,9.733333333333334,8.002221913665952
15552.0,2.0,1.0,1.3333333333333333,0.4714045207910317,38.5,19.5,22.266666666666666,12.281784162825133
15554.0,1.0,0.0,0.3333333333333333,0.4714045207910317,9.8,0.0,3.266666666666667,4.619764303752111
15557.0,2.0,1.0,1.0,0.816496580927726,59.8,37.8,32.53333333333333,24.695658637816393
15564.0,3.0,0.0,1.0,1.4142135623730951,45.40000000000001,0.0,15.133333333333338,21.40176524391284
15570.0,6.0,2.0,2.6666666666666665,2.494438257849294,33.0,16.5,16.5,13.47219358530748
15572.0,3.0,0.0,1.0,1.4142135623730951,49.7,0.0,16.566666666666666,23.42880468331428
15576.0,1.0,0.0,0.3333333333333333,0.4714045207910317,2.0,0.0,0.6666666666666666,0.9428090415820634
15577.0,4.0,4.0,3.6666666666666665,0.4714045207910317,108.4,104.2,99.7,9.48999473129464
15583.0,1.0,0.0,0.3333333333333333,0.4714045207910317,37.8,0.0,12.6,17.819090885900994
15584.0,1.0,0.0,0.3333333333333333,0.4714045207910317,32.8,0.0,10.933333333333332,15.462068281945838
15585.0,1.0,0.0,0.3333333333333333,0.4714045207910317,19.5,0.0,6.5,9.192388155425117
15588.0,1.0,0.0,0.3333333333333333,0.4714045207910317,11.8,0.0,3.9333333333333336,5.562573345334174
15589.0,14.0,14.0,9.333333333333334,6.599663291074444,39.2,39.2,26.133333333333336,18.479057215008442
15590.0,34.0,31.0,28.666666666666668,5.557777333511022,242.1,199.8,190.9,45.871777815994875
15600.0,1.0,0.0,0.3333333333333333,0.4714045207910317,21.2,0.0,7.066666666666666,9.993775840769871
15616.0,2.0,1.0,1.3333333333333333,0.4714045207910317,33.8,10.9,18.53333333333333,10.795163526114624
15629.0,1.0,0.0,0.3333333333333333,0.4714045207910317,15.8,0.0,5.266666666666667,7.448191428498301
15631.0,808.0,168.0,358.0,319.4787421201396,1921.200000000001,390.79999999999984,856.0000000000003,755.2178670202841
15632.0,9.0,9.0,6.0,4.242640687119285,106.9,78.10000000000002,61.66666666666668,45.16225070663429
15633.0,1.0,0.0,0.3333333333333333,0.4714045207910317,12.5,0.0,4.166666666666667,5.892556509887896
15635.0,3.0,2.0,1.6666666666666667,1.247219128924647,59.40000000000001,39.6,33.00000000000001,24.69493875270802
15641.0,3.0,2.0,1.6666666666666667,1.247219128924647,41.7,9.8,17.166666666666668,17.803058413904306
15647.0,2.0,1.0,1.3333333333333333,0.4714045207910317,29.6,13.8,18.733333333333334,7.694731242148026
15648.0,3.0,0.0,1.0,1.4142135623730951,24.6,0.0,8.200000000000001,11.59655121145938
15649.0,1.0,1.0,0.6666666666666666,0.4714045207910317,20.0,8.7,9.566666666666666,8.187931498383595
15653.0,5.0,1.0,2.0,2.160246899469287,89.0,17.8,35.6,38.45239481055331
15655.0,2.0,1.0,1.0,0.816496580927726,91.3,21.5,37.6,38.97289656500613
15665.0,1.0,0.0,0.3333333333333333,0.4714045207910317,19.8,0.0,6.6000000000000005,9.333809511662428
15667.0,4.0,0.0,1.3333333333333333,1.8856180831641267,67.2,0.0,22.400000000000002,31.67838379715733
15669.0,1.0,0.0,0.3333333333333333,0.4714045207910317,13.5,0.0,4.5,6.363961030678928
30004.0,2.0,0.0,0.6666666666666666,0.9428090415820634,158.0,0.0,52.666666666666664,74.481914284983
30007.0,1.0,0.0,0.3333333333333333,0.4714045207910317,7.8,0.0,2.6,3.6769552621700465
30017.0,4.0,3.0,3.0,0.816496580927726,36.6,20.700000000000006,24.400000000000006,8.846468221838588
30027.0,1.0,0.0,0.3333333333333333,0.4714045207910317,7.9,0.0,2.6333333333333333,3.7240957142491506
30033.0,1.0,0.0,0.3333333333333333,0.4714045207910317,24.9,0.0,8.299999999999999,11.737972567696689
30040.0,2.0,0.0,0.6666666666666666,0.9428090415820634,35.6,0.0,11.866666666666667,16.782000940160728
30046.0,1.0,1.0,1.0,0.0,49.0,19.9,28.26666666666667,14.751346454551946
30049.0,6.0,0.0,2.0,2.8284271247461903,64.8,0.0,21.599999999999998,30.547012947258853
30053.0,1.0,0.0,0.3333333333333333,0.4714045207910317,80.0,0.0,26.666666666666668,37.71236166328253
30060.0,2.0,1.0,1.3333333333333333,0.4714045207910317,58.0,18.9,30.46666666666667,19.551697851820666
30063.0,1.0,0.0,0.3333333333333333,0.4714045207910317,6.9,0.0,2.3000000000000003,3.2526911934581184
30077.0,1.0,0.0,0.3333333333333333,0.4714045207910317,10.0,0.0,3.3333333333333335,4.714045207910316
30080.0,4.0,0.0,1.3333333333333333,1.8856180831641267,47.6,0.0,15.866666666666667,22.438855189653108
30083.0,2.0,0.0,0.6666666666666666,0.9428090415820634,59.8,0.0,19.933333333333334,28.18999034330369
30105.0,2.0,1.0,1.0,0.816496580927726,25.8,14.5,13.433333333333332,10.55977693367094
30120.0,3.0,2.0,1.6666666666666667,1.247219128924647,54.7,49.8,34.833333333333336,24.711985396204454
30123.0,3.0,0.0,1.0,1.4142135623730951,23.7,0.0,7.8999999999999995,11.17228714274745
30131.0,2.0,1.0,1.0,0.816496580927726,22.8,5.8,9.533333333333333,9.675168674958018
30139.0,1.0,0.0,0.3333333333333333,0.4714045207910317,48.0,0.0,16.0,22.627416997969522
30152.0,1.0,0.0,0.3333333333333333,0.4714045207910317,79.9,0.0,26.633333333333336,37.66522121120344
30170.0,23.0,14.0,16.0,5.0990195135927845,268.40000000000003,134.9,165.83333333333334,74.40458468550325
30172.0,2.0,2.0,2.0,0.0,79.8,30.0,42.53333333333333,26.818070193227715
30180.0,4.0,1.0,1.6666666666666667,1.699673171197595,8.0,2.0,3.3333333333333335,3.39934634239519
30186.0,1.0,1.0,0.6666666666666666,0.4714045207910317,19.9,19.9,13.266666666666666,9.38094996374153
30192.0,4.0,3.0,2.6666666666666665,1.247219128924647,32.4,18.9,20.266666666666666,9.398699673654626
30198.0,1.0,0.0,0.3333333333333333,0.4714045207910317,5.9,0.0,1.9666666666666668,2.781286672667087
30204.0,3.0,0.0,1.0,1.4142135623730951,19.8,0.0,6.6000000000000005,9.333809511662428
30216.0,11.0,6.0,6.666666666666667,3.2998316455372216,308.99999999999994,90.4,156.9333333333333,107.80678189345149
30228.0,2.0,2.0,1.3333333333333333,0.9428090415820634,458.0,194.0,217.33333333333334,187.70425911227716
30241.0,1.0,0.0,0.3333333333333333,0.4714045207910317,14.9,0.0,4.966666666666667,7.023927359786373
30248.0,193.0,191.0,188.66666666666666,4.784233364802441,45.99999999999997,42.200000000000045,42.9,2.299275248130728
30252.0,2.0,0.0,0.6666666666666666,0.9428090415820634,46.8,0.0,15.6,22.06173157302028
30253.0,1.0,1.0,0.6666666666666666,0.4714045207910317,16.9,9.9,8.933333333333332,6.933173075070958
30256.0,4.0,1.0,1.6666666666666667,1.699673171197595,58.7,24.9,27.866666666666664,24.055814727882787
30258.0,2.0,0.0,0.6666666666666666,0.9428090415820634,19.700000000000006,0.0,6.566666666666669,9.286669059583327
30262.0,2.0,2.0,1.3333333333333333,0.9428090415820634,36.8,9.8,15.533333333333331,15.560919710037133
30269.0,6.0,1.0,2.6666666666666665,2.3570226039551585,27.4,4.9,12.399999999999999,10.606601717798213
30288.0,1.0,1.0,0.6666666666666666,0.4714045207910317,32.9,7.0,13.299999999999999,14.150853920052551
30307.0,3.0,0.0,1.0,1.4142135623730951,80.8,0.0,26.933333333333334,38.08948527991536
30310.0,1.0,0.0,0.3333333333333333,0.4714045207910317,8.9,0.0,2.966666666666667,4.195500235040182
30337.0,1.0,0.0,0.3333333333333333,0.4714045207910317,13.9,0.0,4.633333333333334,6.55252283899534
30340.0,1.0,0.0,0.3333333333333333,0.4714045207910317,99.0,0.0,33.0,46.66904755831214
30355.0,7.0,1.0,2.6666666666666665,3.091206165165235,123.3,25.9,49.73333333333333,53.083226059546234
30562.0,1.0,0.0,0.3333333333333333,0.4714045207910317,1.6,0.0,0.5333333333333333,0.7542472332656508
30564.0,1.0,0.0,0.3333333333333333,0.4714045207910317,4.9,0.0,1.6333333333333335,2.3098821518760553
30721.0,13.0,0.0,4.333333333333333,6.128258770283412,39.3,0.0,13.1,18.526197667087544
30723.0,1.0,0.0,0.3333333333333333,0.4714045207910317,78.0,0.0,26.0,36.76955262170047
30727.0,6.0,1.0,2.3333333333333335,2.6246692913372702,42.4,3.9,15.433333333333332,19.13466894293067
30734.0,1.0,0.0,0.3333333333333333,0.4714045207910317,18.9,0.0,6.3,8.909545442950497
30742.0,4.0,0.0,1.3333333333333333,1.8856180831641267,150.8,0.0,50.26666666666667,71.08780173528758
30750.0,1.0,1.0,0.6666666666666666,0.4714045207910317,6.9,6.9,4.6000000000000005,3.2526911934581184
30762.0,3.0,0.0,1.0,1.4142135623730951,54.7,0.0,18.233333333333334,25.785827287269434
30764.0,12.0,0.0,4.0,5.656854249492381,140.0,0.0,46.666666666666664,65.99663291074444
30778.0,1.0,0.0,0.3333333333333333,0.4714045207910317,29.0,0.0,9.666666666666666,13.67073110293992
30789.0,2.0,0.0,0.6666666666666666,0.9428090415820634,56.8,0.0,18.933333333333334,26.775776780930595
30790.0,6.0,2.0,2.6666666666666665,2.494438257849294,118.8,39.6,52.800000000000004,49.38987750541603
30793.0,1.0,1.0,0.6666666666666666,0.4714045207910317,10.9,3.9,4.933333333333334,4.509496153181146
30798.0,4.0,3.0,3.0,0.816496580927726,84.6,51.7,62.033333333333324,15.975884604268046
30804.0,1.0,0.0,0.3333333333333333,0.4714045207910317,25.9,0.0,8.633333333333333,12.20937708848772
30812.0,4.0,0.0,1.3333333333333333,1.8856180831641267,37.6,0.0,12.533333333333333,17.724809981742794
30814.0,1.0,0.0,0.3333333333333333,0.4714045207910317,21.9,0.0,7.3,10.323759005323593
30815.0,1.0,0.0,0.3333333333333333,0.4714045207910317,29.0,0.0,9.666666666666666,13.67073110293992
30819.0,2.0,2.0,1.3333333333333333,0.9428090415820634,19.8,19.8,13.200000000000001,9.333809511662428
30822.0,2.0,0.0,0.6666666666666666,0.9428090415820634,13.0,0.0,4.333333333333333,6.128258770283412
30825.0,6.0,0.0,2.0,2.8284271247461903,107.4,0.0,35.800000000000004,50.6288455329568
30829.0,1.0,1.0,0.6666666666666666,0.4714045207910317,29.9,17.9,15.933333333333332,12.285583240349462
30831.0,1.0,0.0,0.3333333333333333,0.4714045207910317,17.9,0.0,5.966666666666666,8.438140922159466
30832.0,2.0,2.0,1.3333333333333333,0.9428090415820634,39.8,34.8,24.866666666666664,17.701475142547363
30833.0,11.0,4.0,5.0,4.546060565661952,322.0,64.6,128.86666666666667,139.08906818614068
30835.0,1.0,0.0,0.3333333333333333,0.4714045207910317,25.0,0.0,8.333333333333334,11.785113019775793
30838.0,2.0,0.0,0.6666666666666666,0.9428090415820634,49.8,0.0,16.599999999999998,23.475945135393378
31008.0,1.0,0.0,0.3333333333333333,0.4714045207910317,13.9,0.0,4.633333333333334,6.55252283899534
31017.0,7.0,2.0,3.3333333333333335,2.6246692913372702,27.7,14.4,17.53333333333333,7.3631213188128
31019.0,1.0,0.0,0.3333333333333333,0.4714045207910317,6.0,0.0,2.0,2.8284271247461903
31027.0,5.0,5.0,3.6666666666666665,1.8856180831641267,86.4,48.3,54.166666666666664,24.280353283170236
31035.0,3.0,0.0,1.0,1.4142135623730951,19.1,0.0,6.366666666666667,9.003826347108706
31037.0,1.0,0.0,0.3333333333333333,0.4714045207910317,2.9,0.0,0.9666666666666667,1.3670731102939917
31059.0,1.0,0.0,0.3333333333333333,0.4714045207910317,29.5,0.0,9.833333333333334,13.906433363335433
31067.0,1.0,0.0,0.3333333333333333,0.4714045207910317,11.8,0.0,3.9333333333333336,5.562573345334174
31070.0,1.0,0.0,0.3333333333333333,0.4714045207910317,5.9,0.0,1.9666666666666668,2.781286672667087
31094.0,1.0,0.0,0.3333333333333333,0.4714045207910317,14.9,0.0,4.966666666666667,7.023927359786373
31095.0,1.0,0.0,0.3333333333333333,0.4714045207910317,8.9,0.0,2.966666666666667,4.195500235040182
31133.0,2.0,1.0,1.3333333333333333,0.4714045207910317,19.8,2.6,7.900000000000001,8.431290925277496
31148.0,5.0,0.0,1.6666666666666667,2.357022603955158,55.1,0.0,18.366666666666667,25.974389095585845
31160.0,1.0,0.0,0.3333333333333333,0.4714045207910317,15.9,0.0,5.3,7.495331880577404
31166.0,1.0,0.0,0.3333333333333333,0.4714045207910317,7.0,0.0,2.3333333333333335,3.2998316455372216
32006.0,3.0,2.0,1.6666666666666667,1.247219128924647,327.0,126.0,151.0,134.662541190934
32012.0,1.0,0.0,0.3333333333333333,0.4714045207910317,49.0,0.0,16.333333333333332,23.098821518760555
32047.0,1.0,0.0,0.3333333333333333,0.4714045207910317,35.8,0.0,11.933333333333332,16.87628184431893
32053.0,2.0,1.0,1.0,0.816496580927726,27.9,10.0,12.633333333333333,11.541326709794772
32116.0,1.0,0.0,0.3333333333333333,0.4714045207910317,99.0,0.0,33.0,46.66904755831214
32133.0,7.0,4.0,4.333333333333333,2.0548046676563256,135.70000000000002,52.50000000000001,74.26666666666667,44.05029953234018
32169.0,1.0,0.0,0.3333333333333333,0.4714045207910317,11.9,0.0,3.966666666666667,5.609713797413278
32183.0,1.0,1.0,0.6666666666666666,0.4714045207910317,48.0,35.0,27.666666666666668,20.27039439401436
32188.0,3.0,1.0,1.3333333333333333,1.247219128924647,100.0,28.0,42.666666666666664,42.1215173304835
32196.0,1.0,0.0,0.3333333333333333,0.4714045207910317,3.0,0.0,1.0,1.4142135623730951
32215.0,3.0,0.0,1.0,1.4142135623730951,43.0,0.0,14.333333333333334,20.27039439401436
32295.0,8.0,2.0,3.6666666666666665,3.091206165165235,360.0,128.0,174.33333333333334,136.66585365611834
32322.0,1.0,0.0,0.3333333333333333,0.4714045207910317,29.2,0.0,9.733333333333333,13.765012007098127
32381.0,1.0,0.0,0.3333333333333333,0.4714045207910317,23.0,0.0,7.666666666666667,10.842303978193728
32395.0,1.0,0.0,0.3333333333333333,0.4714045207910317,13.0,0.0,4.333333333333333,6.128258770283412
32402.0,2.0,0.0,0.6666666666666666,0.9428090415820634,30.0,0.0,10.0,14.142135623730951
33009.0,1.0,0.0,0.3333333333333333,0.4714045207910317,12.9,0.0,4.3,6.081118318204309
33033.0,2.0,0.0,0.6666666666666666,0.9428090415820634,538.0,0.0,179.33333333333334,253.615632185575
33046.0,7.0,3.0,4.0,2.160246899469287,43.4,38.3,32.166666666666664,12.4553424503526
33054.0,1.0,1.0,1.0,0.0,10.0,8.5,9.0,0.7071067811865476
33080.0,1.0,0.0,0.3333333333333333,0.4714045207910317,279.0,0.0,93.0,131.52186130069785
34001.0,4.0,1.0,1.6666666666666667,1.699673171197595,37.5,9.1,15.533333333333333,15.970876271792005
34005.0,1.0,0.0,0.3333333333333333,0.4714045207910317,62.9,0.0,20.966666666666665,29.651344357755896
34017.0,1.0,0.0,0.3333333333333333,0.4714045207910317,9.9,0.0,3.3000000000000003,4.666904755831214
34020.0,1.0,0.0,0.3333333333333333,0.4714045207910317,35.0,0.0,11.666666666666666,16.49915822768611
34039.0,2.0,2.0,1.3333333333333333,0.9428090415820634,75.8,65.8,47.199999999999996,33.62419763602794
34040.0,2.0,0.0,0.6666666666666666,0.9428090415820634,240.0,0.0,80.0,113.13708498984761
34048.0,1.0,0.0,0.3333333333333333,0.4714045207910317,199.0,0.0,66.33333333333333,93.80949963741531
34074.0,1.0,1.0,0.6666666666666666,0.4714045207910317,49.9,35.9,28.599999999999998,21.015391185192502
34077.0,1.0,0.0,0.3333333333333333,0.4714045207910317,14.9,0.0,4.966666666666667,7.023927359786372
34079.0,8.0,1.0,3.0,3.559026084010437,176.0,33.0,69.66666666666667,76.38644440533209
34099.0,1.0,0.0,0.3333333333333333,0.4714045207910317,16.9,0.0,5.633333333333333,7.9667364013684345
34106.0,1.0,0.0,0.3333333333333333,0.4714045207910317,48.9,0.0,16.3,23.051681066681446
34111.0,1.0,0.0,0.3333333333333333,0.4714045207910317,10.9,0.0,3.6333333333333333,5.138309276622246
34119.0,1.0,0.0,0.3333333333333333,0.4714045207910317,39.0,0.0,13.0,18.384776310850235
34122.0,4.0,1.0,1.6666666666666667,1.699673171197595,59.6,14.9,24.833333333333332,25.325130250844165
34129.0,5.0,2.0,2.6666666666666665,1.699673171197595,113.5,34.8,53.73333333333333,43.196784859781204
34175.0,2.0,0.0,0.6666666666666666,0.9428090415820634,15.8,0.0,5.266666666666667,7.448191428498301
34194.0,1.0,0.0,0.3333333333333333,0.4714045207910317,12.9,0.0,4.3,6.08111831820431
34195.0,2.0,0.0,0.6666666666666666,0.9428090415820634,92.0,0.0,30.666666666666668,43.36921591277491
34214.0,6.0,5.0,3.6666666666666665,2.6246692913372702,199.5,186.4,128.63333333333333,91.11459207442509
34241.0,1.0,0.0,0.3333333333333333,0.4714045207910317,8.9,0.0,2.966666666666667,4.195500235040182
34384.0,1.0,0.0,0.3333333333333333,0.4714045207910317,14.9,0.0,4.966666666666667,7.023927359786373
34763.0,3.0,0.0,1.0,1.4142135623730951,46.7,0.0,15.566666666666668,22.01459112094118
34764.0,4.0,0.0,1.3333333333333333,1.8856180831641267,56.6,0.0,18.866666666666667,26.681495876772395
34801.0,1.0,0.0,0.3333333333333333,0.4714045207910317,39.0,0.0,13.0,18.384776310850235
34811.0,1.0,0.0,0.3333333333333333,0.4714045207910317,89.0,0.0,29.666666666666668,41.95500235040182
34815.0,1.0,0.0,0.3333333333333333,0.4714045207910317,13.9,0.0,4.633333333333334,6.55252283899534
34818.0,1.0,0.0,0.3333333333333333,0.4714045207910317,6.9,0.0,2.3000000000000003,3.2526911934581184
34846.0,1.0,0.0,0.3333333333333333,0.4714045207910317,9.9,0.0,3.3000000000000003,4.666904755831214
