c,c_agg_count_max,c_agg_count_median,c_agg_count_mean,c_agg_count_std,c_agg_amount_max,c_agg_amount_median,c_agg_amount_mean,c_agg_amount_std
10000.0,25.0,18.0,19.0,4.546060565661952,83.0,80.80000000000005,81.50000000000001,1.0614455552060276
10001.0,9.0,2.0,4.333333333333333,3.299831645537222,72.60000000000002,8.9,30.133333333333344,30.028467974388725
10002.0,15.0,9.0,9.666666666666666,4.109609335312651,107.2,65.7,65.13333333333334,34.58095172522327
10008.0,9.0,6.0,5.0,3.7416573867739413,49.99999999999999,38.0,29.333333333333332,21.312489817527705
10100.0,1.0,0.0,0.3333333333333333,0.4714045207910317,16.8,0.0,5.6000000000000005,7.919595949289333
10101.0,1.0,0.0,0.3333333333333333,0.4714045207910317,11.9,0.0,3.966666666666667,5.609713797413278
10102.0,3.0,0.0,1.0,1.4142135623730951,44.40000000000001,0.0,14.800000000000004,20.930360723121815
10103.0,2.0,0.0,0.6666666666666666,0.9428090415820634,29.0,0.0,9.666666666666666,13.67073110293992
10109.0,7.0,4.0,3.6666666666666665,2.8674417556808756,112.6,67.2,59.93333333333334,46.25504176723753
10110.0,13.0,4.0,6.666666666666667,4.4969125210773475,74.5,18.6,35.666666666666664,27.526270280507593
10111.0,1.0,1.0,0.6666666666666666,0.4714045207910317,6.8,6.8,4.533333333333333,3.205550741379015
10112.0,6.0,0.0,2.0,2.8284271247461903,41.4,0.0,13.799999999999999,19.516147160748712
10113.0,12.0,3.0,5.0,5.0990195135927845,54.0,19.5,24.5,22.327113561766108
10114.0,4.0,3.0,3.3333333333333335,0.4714045207910317,20.8,13.5,15.266666666666666,3.996943276499625
10116.0,35.0,15.0,20.333333333333332,10.498677165349081,202.15,93.39,126.58,53.56760650492672
10117.0,4.0,0.0,1.3333333333333333,1.8856180831641267,10.0,0.0,3.3333333333333335,4.714045207910316
10119.0,83.0,25.0,40.666666666666664,30.26916289265731,535.7999999999998,199.00000000000003,278.2333333333333,186.56659817758248
10130.0,4.0,3.0,3.0,0.816496580927726,18.8,11.9,13.366666666666667,3.975200903378623
10131.0,2.0,2.0,1.6666666666666667,0.4714045207910317,11.0,7.6,8.033333333333333,2.266176417571138
10132.0,4.0,3.0,2.6666666666666665,1.247219128924647,13.0,8.9,8.133333333333333,4.32075096353503
10133.0,1.0,0.0,0.3333333333333333,0.4714045207910317,6.0,0.0,2.0,2.8284271247461903
10135.0,10.0,3.0,4.666666666666667,3.8586123009300755,32.0,8.7,14.533333333333333,12.575726177397824
10136.0,8.0,4.0,5.333333333333333,1.8856180831641267,117.2,15.2,49.099999999999994,48.15412754894434
10137.0,7.0,5.0,4.666666666666667,2.0548046676563256,36.0,25.9,23.3,11.577852420318141
10140.0,9.0,8.0,7.666666666666667,1.247219128924647,22.0,14.6,15.200000000000001,5.324158775493709
10141.0,74.0,49.0,54.333333333333336,14.383632673594278,549.3999999999999,211.7,313.09999999999997,167.64810367751448
10150.0,23.0,22.0,22.333333333333332,0.4714045207910317,85.10000000000002,74.8,76.36666666666667,6.584999789082944
10151.0,21.0,5.0,10.333333333333334,7.542472332656507,127.0,34.0,63.666666666666664,44.81319250201019
10152.0,14.0,3.0,6.0,5.715476066494082,69.30000000000001,19.8,33.7,25.373608336222112
10153.0,1.0,0.0,0.3333333333333333,0.4714045207910317,6.8,0.0,2.2666666666666666,3.205550741379015
10200.0,13.0,5.0,6.333333333333333,4.988876515698588,69.49999999999999,25.1,33.199999999999996,26.947727176888215
10201.0,51.0,41.0,35.333333333333336,15.627610892974722,210.47,166.87,144.57,64.85712502621949
10202.0,1.0,0.0,0.3333333333333333,0.4714045207910317,5.5,0.0,1.8333333333333333,2.592724864350674
10300.0,39.0,14.0,18.333333333333332,15.412837362262522,283.8,60.5,118.43333333333334,118.66525280056595
10309.0,3.0,3.0,2.0,1.4142135623730951,9.9,9.9,6.6000000000000005,4.666904755831214
10310.0,2.0,1.0,1.0,0.816496580927726,15.8,9.8,8.533333333333333,6.51221075280038
10312.0,3.0,0.0,1.0,1.4142135623730951,23.700000000000006,0.0,7.900000000000002,11.172287142747454
10319.0,1.0,0.0,0.3333333333333333,0.4714045207910317,9.9,0.0,3.3000000000000003,4.666904755831214
10400.0,4.0,0.0,1.3333333333333333,1.8856180831641267,300.0,0.0,100.0,141.4213562373095
10401.0,12.0,3.0,5.0,5.0990195135927845,336.8,152.49999999999997,163.1,137.70216652858687
10410.0,1.0,1.0,0.6666666666666666,0.4714045207910317,7.9,7.5,5.133333333333334,3.6334862353148143
10411.0,1.0,0.0,0.3333333333333333,0.4714045207910317,22.5,0.0,7.5,10.606601717798213
10420.0,6.0,1.0,2.3333333333333335,2.6246692913372702,502.0,88.0,196.66666666666666,218.8718549491663
10421.0,5.0,1.0,2.0,2.160246899469287,138.0,22.5,53.5,60.45246066125018
10422.0,4.0,1.0,2.0,1.4142135623730951,21.3,14.8,13.666666666666666,6.74306227828936
10435.0,10.0,4.0,5.666666666666667,3.0912061651652345,190.9,38.5,89.13333333333333,71.96018961126276
10439.0,2.0,1.0,1.0,0.816496580927726,296.0,26.0,107.33333333333333,133.82907838815234
10440.0,4.0,2.0,2.0,1.632993161855452,442.0,193.0,211.66666666666666,180.9278554808211
10441.0,3.0,1.0,1.3333333333333333,1.247219128924647,114.0,58.0,57.333333333333336,46.54269246855216
10443.0,1.0,0.0,0.3333333333333333,0.4714045207910317,316.0,0.0,105.33333333333333,148.963828569966
10450.0,1.0,0.0,0.3333333333333333,0.4714045207910317,99.0,0.0,33.0,46.66904755831214
10454.0,2.0,1.0,1.0,0.816496580927726,168.0,95.6,87.86666666666667,68.80335909112448
10501.0,36.0,22.0,20.0,13.9522996909709,735.0,362.0,379.3333333333333,283.5892961465381
10502.0,6.0,2.0,3.0,2.160246899469287,68.0,20.0,33.0,25.019992006393608
10603.0,1.0,0.0,0.3333333333333333,0.4714045207910317,108.0,0.0,36.0,50.91168824543142
11000.0,1.0,0.0,0.3333333333333333,0.4714045207910317,11.5,0.0,3.8333333333333335,5.421151989096864
11002.0,1.0,0.0,0.3333333333333333,0.4714045207910317,19.0,0.0,6.333333333333333,8.956685895029603
11003.0,1.0,0.0,0.3333333333333333,0.4714045207910317,18.0,0.0,6.0,8.48528137423857
11004.0,4.0,1.0,1.6666666666666667,1.699673171197595,11.3,2.9,4.733333333333333,4.791891299082464
11005.0,2.0,1.0,1.0,0.816496580927726,69.4,54.5,41.300000000000004,29.830297797150244
11008.0,1.0,1.0,0.6666666666666666,0.4714045207910317,11.7,11.7,7.8,5.5154328932550705
11010.0,1.0,0.0,0.3333333333333333,0.4714045207910317,3.5,0.0,1.1666666666666667,1.6499158227686108
11011.0,7.0,7.0,5.333333333333333,2.357022603955158,66.39999999999999,57.2,46.833333333333336,21.49671809576729
11020.0,3.0,1.0,1.3333333333333333,1.247219128924647,63.3,29.8,31.03333333333333,25.856828025795345
11022.0,7.0,5.0,5.333333333333333,1.247219128924647,87.50000000000001,65.39999999999999,66.0,17.314926123627178
11023.0,1.0,0.0,0.3333333333333333,0.4714045207910317,23.6,0.0,7.866666666666667,11.125146690668348
11030.0,2.0,0.0,0.6666666666666666,0.9428090415820634,13.1,0.0,4.366666666666666,6.175399222362515
11034.0,1.0,0.0,0.3333333333333333,0.4714045207910317,10.9,0.0,3.6333333333333333,5.138309276622246
11044.0,1.0,0.0,0.3333333333333333,0.4714045207910317,19.6,0.0,6.533333333333334,9.239528607504221
11046.0,1.0,0.0,0.3333333333333333,0.4714045207910317,2.7,0.0,0.9,1.2727922061357857
11052.0,4.0,2.0,2.6666666666666665,0.9428090415820634,75.6,16.200000000000006,35.8,28.143915861159048
11054.0,5.0,5.0,4.0,1.4142135623730951,145.5,119.4,98.93333333333334,48.5825986222319
11055.0,3.0,1.0,1.3333333333333333,1.247219128924647,45.0,18.0,21.0,18.49324200890693
11056.0,48.0,14.0,20.666666666666668,20.154955277107966,133.39999999999998,35.3,56.23333333333333,56.436060182199896
11057.0,11.0,7.0,6.333333333333333,4.109609335312651,279.5,175.8,163.63333333333335,99.94272804405976
11058.0,1.0,1.0,0.6666666666666666,0.4714045207910317,25.6,11.8,12.466666666666669,10.461782299822957
11100.0,1.0,0.0,0.3333333333333333,0.4714045207910317,25.9,0.0,8.633333333333333,12.20937708848772
11101.0,2.0,1.0,1.0,0.816496580927726,39.8,31.7,23.833333333333332,17.17407607089502
11102.0,1.0,0.0,0.3333333333333333,0.4714045207910317,8.5,0.0,2.8333333333333335,4.006938426723769
11104.0,2.0,2.0,1.6666666666666667,0.4714045207910317,44.3,40.5,34.43333333333333,11.372872206361162
11110.0,48.0,13.0,24.333333333333332,16.73983937265296,969.8,759.1999999999997,748.9,184.71269582787207
11111.0,3.0,2.0,2.0,0.816496580927726,121.0,62.0,69.26666666666667,39.60819219415207
11112.0,2.0,2.0,1.3333333333333333,0.9428090415820634,58.9,19.8,26.233333333333334,24.472342665865796
11114.0,3.0,1.0,1.6666666666666667,0.9428090415820634,70.39999999999998,35.9,37.4,26.353367906208867
11115.0,2.0,0.0,0.6666666666666666,0.9428090415820634,49.0,0.0,16.333333333333332,23.098821518760552
11120.0,1.0,0.0,0.3333333333333333,0.4714045207910317,68.0,0.0,22.666666666666668,32.05550741379015
11121.0,2.0,0.0,0.6666666666666666,0.9428090415820634,27.9,0.0,9.299999999999999,13.152186130069785
11141.0,4.0,2.0,2.3333333333333335,1.247219128924647,49.6,42.8,34.1,17.335704965955863
11200.0,2.0,1.0,1.3333333333333333,0.4714045207910317,58.8,36.9,40.833333333333336,13.356729473273843
11201.0,2.0,1.0,1.0,0.816496580927726,55.8,16.6,24.133333333333336,23.394776245041445
11204.0,1.0,0.0,0.3333333333333333,0.4714045207910317,26.9,0.0,8.966666666666667,12.680781609278752
11205.0,2.0,0.0,0.6666666666666666,0.9428090415820634,54.0,0.0,18.0,25.45584412271571
11210.0,2.0,0.0,0.6666666666666666,0.9428090415820634,44.8,0.0,14.933333333333332,21.11892253143822
11220.0,14.0,5.0,7.666666666666667,4.4969125210773475,85.7,35.1,50.1,25.276603147311285
11221.0,11.0,3.0,4.666666666666667,4.642796092394707,189.29999999999995,50.3,79.86666666666666,80.05940849699607
11222.0,3.0,2.0,1.6666666666666667,1.247219128924647,52.1,29.6,27.233333333333334,21.335468643135595
11230.0,9.0,8.0,6.666666666666667,2.6246692913372702,388.0,266.40000000000003,258.1333333333334,109.56658046847842
11231.0,4.0,3.0,3.0,0.816496580927726,214.7,166.7,170.1,35.11011250337999
11232.0,1.0,0.0,0.3333333333333333,0.4714045207910317,63.0,0.0,21.0,29.698484809834994
11233.0,3.0,3.0,3.0,0.0,171.9,107.4,109.60000000000001,49.993799615552334
11234.0,1.0,0.0,0.3333333333333333,0.4714045207910317,39.0,0.0,13.0,18.384776310850235
11240.0,3.0,2.0,2.3333333333333335,0.4714045207910317,47.8,46.7,44.666666666666664,3.680881536926839
11241.0,3.0,2.0,2.0,0.816496580927726,236.0,111.0,138.66666666666666,70.92875925101812
11300.0,20.0,12.0,14.333333333333334,4.027681991198191,186.3,169.3,164.0,20.713441690522288
11301.0,10.0,7.0,6.333333333333333,3.2998316455372216,217.90000000000003,152.20000000000005,133.30000000000004,77.94575036523801
11302.0,4.0,2.0,2.3333333333333335,1.247219128924647,34.7,33.5,24.900000000000002,13.019984639007836
11303.0,20.0,17.0,16.666666666666668,2.8674417556808756,302.6,218.6,238.93333333333337,45.98792111945145
11304.0,5.0,3.0,3.0,1.632993161855452,102.2,25.700000000000006,45.63333333333333,40.57555366911899
11305.0,2.0,1.0,1.0,0.816496580927726,53.9,22.9,25.599999999999998,22.08725122478274
11311.0,1.0,0.0,0.3333333333333333,0.4714045207910317,58.0,0.0,19.333333333333332,27.34146220587984
11312.0,1.0,0.0,0.3333333333333333,0.4714045207910317,79.0,0.0,26.333333333333332,37.2409571424915
11400.0,3.0,3.0,2.6666666666666665,0.4714045207910317,114.9,106.0,105.96666666666665,7.307682411149396
11413.0,1.0,0.0,0.3333333333333333,0.4714045207910317,6.0,0.0,2.0,2.8284271247461903
11500.0,20.0,15.0,14.0,5.354126134736337,226.10000000000005,127.3,136.3,69.93730525739943
11501.0,15.0,14.0,13.0,2.160246899469287,198.90000000000003,143.4,145.03333333333333,43.330538371402184
11502.0,6.0,5.0,5.0,0.816496580927726,77.3,33.0,45.13333333333333,22.972785832129478
11504.0,4.0,4.0,2.6666666666666665,1.8856180831641267,53.5,43.2,32.233333333333334,23.177048033680986
11507.0,2.0,0.0,0.6666666666666666,0.9428090415820634,8.5,0.0,2.8333333333333335,4.006938426723769
11508.0,4.0,2.0,2.3333333333333335,1.247219128924647,95.6,47.8,55.76666666666666,29.808537181299066
11511.0,4.0,2.0,2.3333333333333335,1.247219128924647,161.8,84.0,96.26666666666667,49.26941805578341
11513.0,1.0,0.0,0.3333333333333333,0.4714045207910317,39.0,0.0,13.0,18.384776310850235
11521.0,7.0,6.0,5.333333333333333,1.699673171197595,159.1,117.5,110.06666666666666,43.38973252843221
11522.0,4.0,3.0,2.3333333333333335,1.699673171197595,104.4,86.19999999999997,63.533333333333324,45.535139056435185
11530.0,1.0,1.0,0.6666666666666666,0.4714045207910317,20.5,12.9,11.133333333333333,8.461809630464527
11531.0,10.0,9.0,7.666666666666667,2.6246692913372702,112.7,112.1,91.96666666666668,28.89813527240507
11532.0,15.0,4.0,7.666666666666667,5.185449728701348,83.4,31.7,44.46666666666667,28.068289739292794
11533.0,20.0,12.0,11.0,7.788880963698615,48.4,29.0,27.0,18.344118040033067
11540.0,2.0,0.0,0.6666666666666666,0.9428090415820634,15.8,0.0,5.266666666666667,7.448191428498301
14000.0,10.0,4.0,5.666666666666667,3.0912061651652345,48.8,42.1,36.333333333333336,13.179866800878106
14001.0,2.0,1.0,1.0,0.816496580927726,15.0,11.6,8.866666666666667,6.421491692399481
14002.0,1.0,1.0,1.0,0.0,7.8,7.8,7.7,0.14142135623730942
14010.0,21.0,12.0,13.666666666666666,5.436502143433363,127.29999999999998,65.69999999999999,76.19999999999999,38.16551672212321
14011.0,1.0,1.0,0.6666666666666666,0.4714045207910317,6.9,6.8,4.566666666666666,3.2293790252754304
14012.0,2.0,0.0,0.6666666666666666,0.9428090415820634,7.6,0.0,2.533333333333333,3.582674358011841
14013.0,11.0,4.0,6.0,3.559026084010437,46.2,26.2,32.46666666666667,9.723282481869086
14014.0,2.0,2.0,1.6666666666666667,0.4714045207910317,36.6,21.8,26.366666666666664,7.249980842886568
14015.0,5.0,4.0,3.6666666666666665,1.247219128924647,38.0,34.9,31.233333333333334,7.485244744755437
14020.0,5.0,4.0,4.0,0.816496580927726,66.8,30.6,40.36666666666667,18.902263238976317
14021.0,5.0,2.0,2.6666666666666665,1.699673171197595,40.8,39.1,27.933333333333334,17.00829862808806
14022.0,4.0,2.0,2.0,1.632993161855452,41.1,14.4,18.5,17.027624614138052
14031.0,2.0,1.0,1.0,0.816496580927726,19.700000000000006,10.2,9.966666666666669,8.044183543958264
14032.0,4.0,3.0,2.6666666666666665,1.247219128924647,41.90000000000001,27.300000000000004,26.26666666666667,13.206648157483249
14033.0,5.0,3.0,3.3333333333333335,1.247219128924647,43.40000000000001,21.8,27.966666666666672,10.986152900608822
14034.0,7.0,3.0,3.6666666666666665,2.494438257849294,126.70000000000003,41.7,59.53333333333334,49.2042229443323
14040.0,1.0,1.0,0.6666666666666666,0.4714045207910317,20.5,4.3,8.266666666666667,8.826601208216495
14041.0,2.0,0.0,0.6666666666666666,0.9428090415820634,9.8,0.0,3.266666666666667,4.619764303752111
14043.0,5.0,4.0,3.3333333333333335,1.699673171197595,98.0,91.5,85.16666666666667,13.8102216572444
14050.0,13.0,5.0,7.0,4.320493798938574,72.30000000000003,28.3,39.433333333333344,23.639702949816353
14051.0,2.0,0.0,0.6666666666666666,0.9428090415820634,11.0,0.0,3.6666666666666665,5.185449728701348
14052.0,13.0,10.0,10.0,2.449489742783178,78.1,59.39999999999999,58.86666666666667,15.92614900791218
14054.0,13.0,8.0,8.0,4.08248290463863,109.1,36.8,59.29999999999999,35.26839945333499
14060.0,6.0,5.0,4.333333333333333,1.699673171197595,83.18999999999998,64.10000000000001,54.43,28.269603227966723
14061.0,3.0,2.0,2.0,0.816496580927726,27.8,25.6,21.400000000000002,7.548951362054644
14064.0,5.0,4.0,3.3333333333333335,1.699673171197595,71.7,64.2,48.13333333333333,28.191763966725382
14070.0,2.0,2.0,2.0,0.0,32.1,13.1,19.433333333333334,8.956685895029603
14072.0,6.0,3.0,3.3333333333333335,2.0548046676563256,53.6,20.700000000000006,26.433333333333337,20.250816170109182
14073.0,7.0,3.0,4.0,2.160246899469287,60.3,25.6,33.03333333333333,19.933946478864193
14074.0,1.0,0.0,0.3333333333333333,0.4714045207910317,11.8,0.0,3.9333333333333336,5.562573345334174
14075.0,3.0,2.0,2.0,0.816496580927726,34.6,17.6,18.900000000000002,12.322607949077447
14076.0,12.0,10.0,9.333333333333334,2.494438257849294,139.80000000000004,113.0,101.66666666666667,36.64945050368728
14077.0,4.0,2.0,2.6666666666666665,0.9428090415820634,43.1,19.6,26.133333333333336,12.102433180517417
14078.0,1.0,0.0,0.3333333333333333,0.4714045207910317,6.0,0.0,2.0,2.8284271247461903
14079.0,2.0,1.0,1.0,0.816496580927726,26.0,7.2,11.066666666666668,10.960940754434459
14080.0,9.0,6.0,6.333333333333333,2.0548046676563256,67.2,58.8,56.53333333333334,9.767064838299968
14081.0,2.0,2.0,1.6666666666666667,0.4714045207910317,14.4,13.0,13.433333333333332,0.6847546194724713
14082.0,31.0,14.0,16.333333333333332,11.14550233153366,86.59999999999998,44.0,49.39666666666667,28.430476996037576
14083.0,6.0,5.0,4.666666666666667,1.247219128924647,28.2,24.4,22.233333333333334,5.956695579112821
14084.0,2.0,1.0,1.3333333333333333,0.4714045207910317,17.8,8.9,11.866666666666667,4.195500235040182
14090.0,13.0,10.0,11.0,1.4142135623730951,128.5,85.19999999999997,98.06666666666666,21.6049891357426
14091.0,36.0,20.0,24.333333333333332,8.339997335464536,150.70000000000005,126.5,131.93333333333337,13.656337560105777
14092.0,24.0,22.0,22.0,1.632993161855452,150.8,136.90000000000003,131.73333333333335,18.050730979350647
14093.0,5.0,5.0,3.3333333333333335,2.3570226039551585,190.0,190.0,126.66666666666667,89.56685895029602
14094.0,1.0,1.0,1.0,0.0,7.9,7.9,7.900000000000001,8.881784197001252e-16
14100.0,11.0,2.0,5.0,4.242640687119285,152.39999999999995,75.9,81.56666666666665,55.66616766243407
14101.0,8.0,5.0,5.666666666666667,1.699673171197595,45.5,34.2,35.9,7.2447682272565945
14103.0,1.0,0.0,0.3333333333333333,0.4714045207910317,3.9,0.0,1.3,1.8384776310850233
14105.0,3.0,3.0,2.3333333333333335,0.9428090415820634,20.0,15.4,13.799999999999999,5.826376804384236
14107.0,5.0,1.0,2.3333333333333335,1.8856180831641267,20.0,4.0,9.333333333333334,7.542472332656507
14108.0,2.0,0.0,0.6666666666666666,0.9428090415820634,48.3,0.0,16.099999999999998,22.76883835420683
14110.0,2.0,1.0,1.3333333333333333,0.4714045207910317,49.6,24.8,29.900000000000002,14.459829413470501
14111.0,2.0,1.0,1.3333333333333333,0.4714045207910317,25.6,12.8,17.066666666666666,6.033977866125206
14112.0,9.0,4.0,5.0,2.943920288775949,104.29999999999998,47.2,52.833333333333336,39.92178464058049
14113.0,1.0,1.0,0.6666666666666666,0.4714045207910317,5.8,5.8,3.8666666666666667,2.7341462205879834
14120.0,3.0,2.0,2.0,0.816496580927726,22.0,14.0,13.133333333333333,7.618107084804962
14121.0,8.0,5.0,5.666666666666667,1.699673171197595,127.6,63.7,84.13333333333334,30.753897675290233
14130.0,23.0,10.0,14.0,6.377042156569663,195.1,101.80000000000004,125.2,50.31838630162933
14131.0,9.0,7.0,7.666666666666667,0.9428090415820634,116.1,108.0,90.8,30.23342521117976
14132.0,5.0,5.0,4.666666666666667,0.4714045207910317,99.5,85.5,84.7,12.423633392315901
14133.0,2.0,1.0,1.0,0.816496580927726,8.9,7.4,5.433333333333334,3.8904441334577156
14140.0,7.0,6.0,5.0,2.160246899469287,75.39999999999998,64.3,64.06666666666666,9.350341645570428
14141.0,2.0,2.0,1.6666666666666667,0.4714045207910317,10.8,4.4,6.400000000000001,3.1155523854794462
14142.0,9.0,4.0,5.333333333333333,2.6246692913372702,77.39999999999998,25.4,39.73333333333333,26.886593106767698
14145.0,4.0,0.0,1.3333333333333333,1.8856180831641267,85.4,0.0,28.46666666666667,40.25794607555411
14200.0,15.0,11.0,11.666666666666666,2.494438257849294,120.49,69.6,81.29666666666667,28.454619230549465
14201.0,3.0,1.0,1.6666666666666667,0.9428090415820634,33.9,8.9,15.633333333333333,13.064285497322674
14202.0,2.0,0.0,0.6666666666666666,0.9428090415820634,26.0,0.0,8.666666666666666,12.256517540566826
14203.0,7.0,4.0,4.0,2.449489742783178,61.20000000000001,34.4,33.13333333333333,23.45056265612595
14207.0,2.0,1.0,1.3333333333333333,0.4714045207910317,33.4,22.8,26.0,5.248491846870552
14208.0,3.0,1.0,1.3333333333333333,1.247219128924647,59.5,12.8,24.099999999999998,25.57120776707011
14209.0,7.0,0.0,2.3333333333333335,3.2998316455372216,66.89,0.0,22.296666666666667,31.53224839571211
14211.0,1.0,0.0,0.3333333333333333,0.4714045207910317,17.5,0.0,5.833333333333333,8.249579113843055
14215.0,1.0,0.0,0.3333333333333333,0.4714045207910317,17.5,0.0,5.833333333333333,8.249579113843055
14216.0,1.0,0.0,0.3333333333333333,0.4714045207910317,14.5,0.0,4.833333333333333,6.83536555146996
14220.0,2.0,1.0,1.0,0.816496580927726,22.4,6.9,9.766666666666666,9.366725978459899
14222.0,6.0,4.0,4.333333333333333,1.247219128924647,67.3,22.7,36.46666666666666,21.844043174793036
14223.0,2.0,1.0,1.0,0.816496580927726,9.0,4.5,4.5,3.6742346141747673
14230.0,1.0,0.0,0.3333333333333333,0.4714045207910317,10.9,0.0,3.6333333333333333,5.138309276622246
14231.0,3.0,2.0,1.6666666666666667,1.247219128924647,21.3,8.8,10.033333333333333,8.739310931392449
14232.0,2.0,1.0,1.0,0.816496580927726,6.5,5.0,3.8333333333333335,2.778888666755511
14233.0,1.0,0.0,0.3333333333333333,0.4714045207910317,5.9,0.0,1.9666666666666668,2.781286672667087
14240.0,6.0,1.0,2.3333333333333335,2.6246692913372702,33.599999999999994,4.9,12.83333333333333,14.819881540987055
14241.0,4.0,2.0,2.0,1.632993161855452,10.0,5.8,5.266666666666667,4.099864496405813
14242.0,1.0,1.0,0.6666666666666666,0.4714045207910317,8.9,3.9,4.266666666666667,3.642648609032841
14243.0,2.0,1.0,1.3333333333333333,0.4714045207910317,6.5,4.0,4.766666666666667,1.2283683848458853
14250.0,3.0,3.0,2.3333333333333335,0.9428090415820634,48.8,34.8,30.0,17.639349950229644
14252.0,1.0,1.0,0.6666666666666666,0.4714045207910317,39.8,20.0,19.933333333333334,16.24835034361608
14253.0,1.0,0.0,0.3333333333333333,0.4714045207910317,18.9,0.0,6.3,8.909545442950497
14255.0,3.0,0.0,1.0,1.4142135623730951,47.7,0.0,15.9,22.485995641732213
14258.0,3.0,1.0,1.6666666666666667,0.9428090415820634,19.9,14.9,12.899999999999999,6.68331255192114
14260.0,4.0,3.0,2.6666666666666665,1.247219128924647,24.4,21.5,18.133333333333333,6.913915115346891
14261.0,3.0,1.0,1.6666666666666667,0.9428090415820634,38.4,16.5,20.466666666666665,13.321744964113705
14270.0,1.0,1.0,1.0,0.0,12.8,7.0,8.9,2.7580186124583475
14271.0,3.0,1.0,1.3333333333333333,1.247219128924647,20.700000000000006,6.9,9.200000000000003,8.605811989580069
14272.0,1.0,0.0,0.3333333333333333,0.4714045207910317,23.8,0.0,7.933333333333334,11.219427594826556
14275.0,8.0,5.0,5.333333333333333,2.0548046676563256,43.7,35.6,37.63333333333333,4.3667938912764015
14276.0,1.0,0.0,0.3333333333333333,0.4714045207910317,14.8,0.0,4.933333333333334,6.976786907707269
14280.0,1.0,1.0,0.6666666666666666,0.4714045207910317,5.8,2.9,2.9,2.3678400846904055
14281.0,1.0,1.0,1.0,0.0,6.9,6.9,6.866666666666667,0.04714045207910342
14283.0,1.0,0.0,0.3333333333333333,0.4714045207910317,15.8,0.0,5.266666666666667,7.448191428498301
14284.0,3.0,2.0,2.0,0.816496580927726,10.8,7.2,7.933333333333334,2.1060758665241757
14300.0,7.0,6.0,5.333333333333333,1.699673171197595,87.6,67.7,67.56666666666666,16.411852085882586
14310.0,5.0,1.0,2.3333333333333335,1.8856180831641267,81.5,17.5,36.300000000000004,32.111472508539165
14340.0,2.0,0.0,0.6666666666666666,0.9428090415820634,76.0,0.0,25.333333333333332,35.82674358011841
14342.0,5.0,2.0,2.3333333333333335,2.0548046676563256,170.6,37.6,69.39999999999999,73.18706625262872
14351.0,2.0,0.0,0.6666666666666666,0.9428090415820634,105.6,0.0,35.199999999999996,49.78031739553295
14352.0,3.0,0.0,1.0,1.4142135623730951,118.8,0.0,39.6,56.00285706997456
14366.0,1.0,0.0,0.3333333333333333,0.4714045207910317,229.0,0.0,76.33333333333333,107.95163526114627
14401.0,6.8020000000000005,0.226,2.3426666666666667,3.1545743858016024,348.08,9.04,119.04,161.99778105476219
14402.0,0.856,0.522,0.45933333333333337,0.35225874328712153,25.34,15.45,13.596666666666666,10.42768856884827
14403.0,0.6659999999999999,0.6480000000000001,0.5366666666666667,0.17033561642305528,37.69,29.55,29.319999999999997,6.929882153880156
14404.0,0.096,0.0,0.032,0.04525483399593904,2.3,0.0,0.7666666666666666,1.0842303978193728
14405.0,0.94,0.18,0.3733333333333333,0.407376429798725,63.21,20.16,27.790000000000003,26.363341973277972
14406.0,0.706,0.162,0.28933333333333333,0.3019595263533766,25.41,9.72,11.71,10.46859111819733
14407.0,0.418,0.238,0.21866666666666665,0.17119449627705777,37.16,26.18,21.113333333333333,15.587810052160059
14409.0,0.426,0.0,0.142,0.2008183258569795,14.48,0.0,4.826666666666667,6.825937461054139
14504.0,2.0,1.0,1.0,0.816496580927726,62.8,15.0,25.933333333333334,26.778266477790446
14513.0,15.0,13.0,11.333333333333334,3.858612300930075,67.1,21.8,35.3,22.571220613870217
14515.0,2.0,1.0,1.0,0.816496580927726,31.0,12.5,14.5,12.734467663262043
14520.0,1.0,0.0,0.3333333333333333,0.4714045207910317,18.5,0.0,6.166666666666667,8.720983634634086
14521.0,4.0,1.0,2.0,1.4142135623730951,107.1,55.0,68.3,27.8841651599374
14525.0,3.0,2.0,2.3333333333333335,0.4714045207910317,38.89,13.99,20.286666666666665,13.381405838783241
14528.0,1.0,0.0,0.3333333333333333,0.4714045207910317,6.3,0.0,2.1,2.9698484809834995
14530.0,4.0,1.0,2.0,1.4142135623730951,48.6,26.8,32.76666666666667,11.308502209498048
14531.0,5.0,2.0,3.0,1.4142135623730951,183.0,54.7,97.46666666666665,60.481200017489364
14532.0,1.0,0.0,0.3333333333333333,0.4714045207910317,56.0,0.0,18.666666666666668,26.398653164297773
14540.0,2.0,1.0,1.0,0.816496580927726,41.1,23.5,21.53333333333333,16.8365343491138
14541.0,1.0,1.0,0.6666666666666666,0.4714045207910317,25.0,23.8,16.266666666666666,11.512698303274616
14543.0,2.0,1.0,1.0,0.816496580927726,41.7,24.9,22.2,17.130674242422568
14550.0,1.0,0.0,0.3333333333333333,0.4714045207910317,18.9,0.0,6.3,8.909545442950497
14551.0,1.0,1.0,0.6666666666666666,0.4714045207910317,18.5,15.0,11.166666666666666,8.024268744807149
14552.0,5.0,0.0,1.6666666666666667,2.357022603955158,74.0,0.0,24.666666666666668,34.883934538536344
14560.0,2.0,1.0,1.3333333333333333,0.4714045207910317,13.3,13.2,11.033333333333331,3.1351058816073323
14561.0,1.0,0.0,0.3333333333333333,0.4714045207910317,15.8,0.0,5.266666666666667,7.448191428498301
14563.0,2.0,0.0,0.6666666666666666,0.9428090415820634,27.700000000000006,0.0,9.233333333333336,13.057905225911579
14570.0,3.0,2.0,2.0,0.816496580927726,221.6,67.8,117.3,73.78297003148265
14572.0,1.0,1.0,0.6666666666666666,0.4714045207910317,33.8,33.8,22.53333333333333,15.933472802736869
14573.0,4.0,1.0,1.6666666666666667,1.699673171197595,40.8,8.5,16.433333333333334,17.575804075173597
14580.0,3.0,2.0,2.0,0.816496580927726,168.0,110.8,107.53333333333335,50.757024691716865
14583.0,1.0,1.0,0.6666666666666666,0.4714045207910317,36.0,36.0,24.0,16.97056274847714
14585.0,2.0,1.0,1.0,0.816496580927726,45.8,28.8,24.866666666666664,18.90349761875358
14590.0,1.0,0.0,0.3333333333333333,0.4714045207910317,32.0,0.0,10.666666666666666,15.084944665313014
14593.0,4.0,3.0,3.0,0.816496580927726,18.9,14.4,14.299999999999999,3.7973675092095047
14594.0,10.0,4.0,5.333333333333333,3.39934634239519,73.99999999999999,43.0,41.36666666666667,27.336219359832633
14596.0,7.0,2.0,3.3333333333333335,2.6246692913372702,45.6,19.8,24.100000000000005,16.089126763127947
14613.0,2.0,0.0,0.6666666666666666,0.9428090415820634,656.0,0.0,218.66666666666666,309.2413656389168
14617.0,1.0,0.0,0.3333333333333333,0.4714045207910317,9.8,0.0,3.266666666666667,4.619764303752111
14620.0,1.0,1.0,0.6666666666666666,0.4714045207910317,35.0,32.0,22.333333333333332,15.839472494022296
14630.0,7.0,5.0,4.666666666666667,2.0548046676563256,57.6,56.60000000000001,43.86666666666667,18.71921175928327
14631.0,4.0,1.0,1.6666666666666667,1.699673171197595,19.200000000000006,4.5,7.900000000000002,8.198780397107855
14632.0,2.0,1.0,1.0,0.816496580927726,29.1,14.5,14.533333333333333,11.880048634393528
14633.0,4.0,1.0,1.6666666666666667,1.699673171197595,19.8,7.6,9.133333333333333,8.155706931686275
14635.0,2.0,0.0,0.6666666666666666,0.9428090415820634,11.6,0.0,3.8666666666666667,5.468292441175967
14636.0,4.0,2.0,2.0,1.632993161855452,13.2,7.5,6.8999999999999995,5.405552700695831
14640.0,1.0,0.0,0.3333333333333333,0.4714045207910317,4.9,0.0,1.6333333333333335,2.3098821518760553
14644.0,3.0,0.0,1.0,1.4142135623730951,12.5,0.0,4.166666666666667,5.892556509887896
14650.0,4.0,2.0,2.0,1.632993161855452,54.9,27.6,27.5,22.41294268943728
14651.0,1.0,1.0,0.6666666666666666,0.4714045207910317,12.5,12.5,8.333333333333334,5.892556509887896
14653.0,2.0,0.0,0.6666666666666666,0.9428090415820634,19.8,0.0,6.6000000000000005,9.333809511662428
14655.0,3.0,1.0,1.3333333333333333,1.247219128924647,34.8,9.9,14.899999999999999,14.640355186948161
14660.0,1.0,0.0,0.3333333333333333,0.4714045207910317,13.8,0.0,4.6000000000000005,6.505382386916237
14661.0,11.0,5.0,6.0,3.7416573867739413,196.80000000000004,74.0,100.13333333333337,70.71620904871969
14663.0,1.0,1.0,0.6666666666666666,0.4714045207910317,10.5,10.5,7.0,4.949747468305833
14700.0,3.0,1.0,1.3333333333333333,1.247219128924647,154.3,33.5,62.6,66.26829307192594
14701.0,3.0,3.0,2.0,1.4142135623730951,168.6,161.70000000000005,110.10000000000002,77.90340172290297
14705.0,2.0,1.0,1.3333333333333333,0.4714045207910317,81.4,53.9,47.43333333333334,30.715938678296794
14710.0,6.0,4.0,4.0,1.632993161855452,186.4,95.4,120.2,47.2984848242168
14714.0,1.0,1.0,0.6666666666666666,0.4714045207910317,26.8,26.8,17.866666666666667,12.63364115719965
14715.0,1.0,1.0,0.6666666666666666,0.4714045207910317,36.8,21.8,19.53333333333333,15.108790671511587
14720.0,4.0,3.0,3.3333333333333335,0.4714045207910317,12.0,9.0,9.833333333333334,1.5456030825826172
14721.0,24.0,23.0,20.666666666666668,4.0276819911981905,398.7000000000001,258.0,289.4666666666667,79.51881678082384
14722.0,27.0,19.0,19.666666666666668,5.734883511361751,124.4,116.4,104.43000000000002,22.819913818125308
14723.0,17.0,5.0,8.333333333333334,6.182412330330469,38.8,19.3,24.0,10.6948585778401
14730.0,2.0,0.0,0.6666666666666666,0.9428090415820634,7.0,0.0,2.3333333333333335,3.2998316455372216
14732.0,2.0,0.0,0.6666666666666666,0.9428090415820634,10.0,0.0,3.3333333333333335,4.714045207910316
14733.0,2.0,0.0,0.6666666666666666,0.9428090415820634,10.5,0.0,3.5,4.949747468305833
14741.0,1.0,0.0,0.3333333333333333,0.4714045207910317,4.5,0.0,1.5,2.1213203435596424
14750.0,21.0,17.0,17.0,3.265986323710904,194.18,164.96999999999997,160.98333333333332,28.870472035551405
14753.0,2.0,1.0,1.0,0.816496580927726,19.8,8.9,9.566666666666668,8.097050217345958
14754.0,4.0,1.0,1.6666666666666667,1.699673171197595,48.2,7.9,18.7,21.10750261557882
14760.0,1.0,0.0,0.3333333333333333,0.4714045207910317,5.6,0.0,1.8666666666666665,2.6398653164297774
14770.0,3.0,2.0,2.3333333333333335,0.4714045207910317,320.7000000000001,254.8,276.03333333333336,31.596870449812354
14771.0,1.0,1.0,0.6666666666666666,0.4714045207910317,44.9,35.0,26.633333333333336,19.261417970186468
14774.0,2.0,1.0,1.0,0.816496580927726,124.9,35.0,53.300000000000004,52.60652684474301
14775.0,1.0,0.0,0.3333333333333333,0.4714045207910317,34.9,0.0,11.633333333333333,16.452017775607004
14777.0,3.0,1.0,1.3333333333333333,1.247219128924647,536.0,218.0,251.33333333333334,220.08685154325377
14800.0,6.0,3.0,4.0,1.4142135623730951,50.8,49.9,45.06666666666666,7.480790213755644
14801.0,4.0,1.0,1.6666666666666667,1.699673171197595,41.9,8.5,16.8,18.0844316102737
14802.0,16.0,11.0,11.0,4.08248290463863,279.1,194.00000000000003,187.10000000000002,78.08717350926892
14804.0,2.0,1.0,1.0,0.816496580927726,20.8,8.9,9.9,8.520954563114785
14810.0,2.0,1.0,1.0,0.816496580927726,9.6,6.5,5.366666666666667,4.000277768133385
14811.0,6.0,4.0,4.333333333333333,1.247219128924647,81.0,43.2,50.0,23.042569301186877
14812.0,7.0,5.0,4.333333333333333,2.494438257849294,96.4,37.1,47.01666666666667,36.94442522973603
14813.0,3.0,2.0,2.0,0.816496580927726,22.700000000000006,15.5,17.666666666666668,3.570558624205589
14814.0,3.0,3.0,2.6666666666666665,0.4714045207910317,25.8,20.5,21.366666666666664,3.3229839334884272
14815.0,5.0,3.0,3.3333333333333335,1.247219128924647,30.89,25.0,24.896666666666665,4.936262643831757
14818.0,1.0,0.0,0.3333333333333333,0.4714045207910317,6.5,0.0,2.1666666666666665,3.064129385141706
14820.0,5.0,2.0,3.0,1.4142135623730951,89.9,45.8,55.63333333333333,24.952532714914714
14821.0,1.0,0.0,0.3333333333333333,0.4714045207910317,6.8,0.0,2.2666666666666666,3.205550741379015
14822.0,7.0,5.0,5.0,1.632993161855452,55.68,50.5,44.68666666666667,12.070794873946323
14823.0,2.0,1.0,1.0,0.816496580927726,19.8,9.9,9.9,8.083316151184487
14826.0,4.0,2.0,2.0,1.632993161855452,39.8,31.3,23.7,17.113931946419168
14827.0,1.0,0.0,0.3333333333333333,0.4714045207910317,9.6,0.0,3.1999999999999997,4.525483399593904
14828.0,3.0,0.0,1.0,1.4142135623730951,31.9,0.0,10.633333333333333,15.03780421323391
14830.0,10.0,6.0,7.0,2.160246899469287,100.4,63.89999999999999,74.56666666666666,18.359072840303124
14831.0,10.0,10.0,9.666666666666666,0.4714045207910317,93.3,77.0,79.43333333333334,10.47101820370026
14832.0,1.0,1.0,0.6666666666666666,0.4714045207910317,8.0,5.5,4.5,3.3416562759605704
14833.0,6.0,4.0,4.0,1.632993161855452,69.6,43.6,42.333333333333336,22.797855649648763
14834.0,30.0,2.0,11.333333333333334,13.199326582148887,166.50000000000009,11.0,62.833333333333364,73.30340298300547
14835.0,15.0,3.0,6.666666666666667,5.9066817155564495,184.10000000000005,27.3,77.10000000000002,75.72071491122274
14836.0,5.0,4.0,4.333333333333333,0.4714045207910317,51.8,29.3,36.233333333333334,11.029153286731587
14837.0,8.0,3.0,3.6666666666666665,3.299831645537222,82.89999999999998,28.2,37.033333333333324,34.41533895744098
14838.0,3.0,0.0,1.0,1.4142135623730951,22.1,0.0,7.366666666666667,10.4180399094818
14839.0,5.0,3.0,3.0,1.632993161855452,66.69999999999999,35.6,38.03333333333333,22.47878011715839
14840.0,3.0,1.0,1.3333333333333333,1.247219128924647,11.8,5.5,5.766666666666667,4.8210187950496755
14841.0,7.0,3.0,3.3333333333333335,2.8674417556808756,51.89,17.2,23.03,21.581391675855073
14842.0,8.0,1.0,3.0,3.559026084010437,75.8,16.9,30.899999999999995,32.49010105657825
14843.0,6.0,3.0,4.0,1.4142135623730951,26.5,18.3,18.966666666666665,5.897645481225726
14844.0,8.0,6.0,5.666666666666667,2.0548046676563256,63.5,41.5,45.666666666666664,13.193011618108867
14845.0,11.0,9.0,7.666666666666667,3.39934634239519,115.9,91.9,81.33333333333334,33.384261095445694
14846.0,10.0,9.0,6.666666666666667,4.0276819911981905,67.39999999999999,61.2,44.03333333333333,28.77294253673444
14847.0,341.0,1.0,114.0,160.51375849648113,615.5,8.3,207.9333333333333,288.21307318641107
14850.0,3.0,2.0,2.3333333333333335,0.4714045207910317,29.700000000000006,19.8,21.533333333333335,6.085136718997275
14851.0,3.0,2.0,2.3333333333333335,0.4714045207910317,28.8,19.2,18.53333333333333,8.667692247010672
14852.0,1.0,0.0,0.3333333333333333,0.4714045207910317,3.5,0.0,1.1666666666666667,1.6499158227686108
14853.0,6.0,0.0,2.0,2.8284271247461903,18.6,0.0,6.2,8.76812408671319
14860.0,35.0,19.0,23.0,8.640987597877148,87.79999999999997,50.19999999999999,58.86666666666665,20.99989417962755
14861.0,4.0,2.0,2.3333333333333335,1.247219128924647,37.5,20.5,22.166666666666668,11.897712198383164
14862.0,2.0,0.0,0.6666666666666666,0.9428090415820634,21.4,0.0,7.133333333333333,10.088056744928078
14863.0,10.0,3.0,5.333333333333333,3.299831645537222,185.0,31.3,79.03333333333333,75.05226327181761
14865.0,1.0,0.0,0.3333333333333333,0.4714045207910317,23.8,0.0,7.933333333333334,11.219427594826554
14870.0,4.0,1.0,1.6666666666666667,1.699673171197595,25.300000000000004,7.9,11.066666666666668,10.568611808348134
14871.0,3.0,2.0,1.6666666666666667,1.247219128924647,7.5,5.0,4.166666666666667,3.118047822311618
14872.0,2.0,1.0,1.0,0.816496580927726,5.0,4.5,3.1666666666666665,2.2484562605386733
14873.0,14.0,7.0,9.0,3.559026084010437,21.0,10.0,13.0,5.715476066494082
14874.0,1.0,1.0,1.0,0.0,5.3,5.3,5.3,0.0
14900.0,20.0,20.0,19.666666666666668,0.4714045207910317,48.56999999999999,45.68,41.78,7.650494537392118
14901.0,6.0,1.0,2.3333333333333335,2.6246692913372702,12.0,2.0,4.666666666666667,5.2493385826745405
14902.0,3.0,0.0,1.0,1.4142135623730951,6.0,0.0,2.0,2.8284271247461903
14903.0,4.0,1.0,1.6666666666666667,1.699673171197595,8.6,3.0,3.8666666666666667,3.5640177078996422
14905.0,10.0,2.0,4.0,4.320493798938574,20.000000000000004,4.0,8.000000000000002,8.64098759787715
14906.0,10.0,2.0,4.333333333333333,4.0276819911981905,35.39,6.4,15.229999999999999,14.291762195987824
14911.0,2.0,1.0,1.0,0.816496580927726,15.98,7.99,7.989999999999999,6.523807681612531
14912.0,2.0,0.0,0.6666666666666666,0.9428090415820634,19.6,0.0,6.533333333333334,9.239528607504221
14914.0,2.0,0.0,0.6666666666666666,0.9428090415820634,21.8,0.0,7.266666666666667,10.276618553244491
14916.0,7.0,6.0,6.0,0.816496580927726,46.5,41.0,40.43333333333333,5.200213670823752
14917.0,4.0,1.0,2.0,1.4142135623730951,27.9,2.7,11.1,11.879393923933995
14920.0,1.0,0.0,0.3333333333333333,0.4714045207910317,35.5,0.0,11.833333333333334,16.734860488081626
14924.0,1.0,0.0,0.3333333333333333,0.4714045207910317,17.0,0.0,5.666666666666667,8.013876853447538
14925.0,1.0,0.0,0.3333333333333333,0.4714045207910317,23.8,0.0,7.933333333333334,11.219427594826556
14926.0,1.0,1.0,0.6666666666666666,0.4714045207910317,19.8,7.7,9.166666666666666,8.149573949327385
14928.0,1.0,0.0,0.3333333333333333,0.4714045207910317,22.8,0.0,7.6000000000000005,10.748023074035522
14930.0,1.0,0.0,0.3333333333333333,0.4714045207910317,11.6,0.0,3.8666666666666667,5.468292441175967
14931.0,2.0,0.0,0.6666666666666666,0.9428090415820634,24.700000000000006,0.0,8.233333333333336,11.643691663538485
14932.0,7.0,2.0,3.6666666666666665,2.3570226039551585,68.1,25.700000000000006,38.53333333333333,20.96732908333555
14933.0,1.0,0.0,0.3333333333333333,0.4714045207910317,10.3,0.0,3.4333333333333336,4.855466564147626
14940.0,2.0,0.0,0.6666666666666666,0.9428090415820634,27.6,0.0,9.200000000000001,13.010764773832474
14943.0,3.0,0.0,1.0,1.4142135623730951,143.6,0.0,47.86666666666667,67.69368918559215
14944.0,1.0,0.0,0.3333333333333333,0.4714045207910317,17.5,0.0,5.833333333333333,8.249579113843055
14956.0,4.0,3.0,2.3333333333333335,1.699673171197595,44.6,31.5,25.366666666666664,18.717252884853472
15000.0,19.0,14.0,12.666666666666666,5.792715732327589,234.70000000000005,189.40000000000003,159.76666666666668,76.21751038238452
15002.0,1.0,0.0,0.3333333333333333,0.4714045207910317,15.9,0.0,5.3,7.495331880577404
15004.0,46.0,38.0,32.333333333333336,14.055445761538678,191.58,142.18,130.75,54.93159807129833
15005.0,2.0,1.0,1.0,0.816496580927726,33.8,19.8,17.866666666666664,13.866346150141915
15010.0,3.0,1.0,1.3333333333333333,1.247219128924647,41.7,12.8,18.166666666666668,17.441776158280316
15012.0,4.0,4.0,2.6666666666666665,1.8856180831641267,35.2,29.9,21.7,15.496020994651069
15019.0,5.0,5.0,3.3333333333333335,2.3570226039551585,88.39999999999998,29.3,39.23333333333333,36.76631912800384
15021.0,4.0,1.0,1.6666666666666667,1.699673171197595,66.39999999999999,10.1,25.499999999999996,29.213124904170492
15022.0,9.0,1.0,3.3333333333333335,4.0276819911981905,183.5,19.5,67.66666666666667,82.29249999578063
15029.0,2.0,0.0,0.6666666666666666,0.9428090415820634,24.3,0.0,8.1,11.45512985522207
15100.0,2.0,0.0,0.6666666666666666,0.9428090415820634,59.6,0.0,19.866666666666667,28.09570943914549
15101.0,4.0,2.0,2.3333333333333335,1.247219128924647,118.3,54.8,65.7,39.26177105871138
15102.0,1.0,1.0,0.6666666666666666,0.4714045207910317,32.9,19.8,17.566666666666666,13.52388832975027
15103.0,1.0,1.0,0.6666666666666666,0.4714045207910317,18.0,18.0,12.0,8.48528137423857
15104.0,9.0,9.0,7.666666666666667,1.8856180831641267,171.8,142.20000000000005,140.5666666666667,26.19418934717308
15105.0,1.0,0.0,0.3333333333333333,0.4714045207910317,5.8,0.0,1.9333333333333333,2.7341462205879834
15110.0,271.0,237.0,240.66666666666666,23.414145771781257,1219.2599999999998,1032.1999999999996,1088.573333333333,92.69920723621229
15111.0,21.0,15.0,16.666666666666668,3.0912061651652345,163.1,118.1,125.7,27.955679208346908
15113.0,21.0,19.0,16.333333333333332,5.2493385826745405,61.5,53.1,51.666666666666664,8.67345887687772
15114.0,100.0,81.0,77.66666666666667,19.737161790783283,298.7399999999999,254.0,243.80666666666662,49.541423296290326
15115.0,86.0,63.0,67.33333333333333,13.816254517375137,832.1999999999997,547.1999999999998,616.3999999999997,155.83093402787517
15116.0,22.0,17.0,14.666666666666666,7.133644853010899,78.23000000000002,56.58000000000001,51.40333333333334,24.29458970406558
15119.0,759.0,145.0,325.3333333333333,308.0934201756921,1796.4999999999993,264.3,737.433333333333,750.2877729393048
15120.0,31.0,21.0,22.333333333333332,6.599663291074443,127.2,108.0,113.0,10.186265262597477
15121.0,5.0,2.0,2.6666666666666665,1.699673171197595,71.0,35.0,39.333333333333336,24.280765135299085
15123.0,1.0,0.0,0.3333333333333333,0.4714045207910317,15.0,0.0,5.0,7.0710678118654755
15130.0,49.0,37.0,38.666666666666664,7.845734863959881,398.5100000000001,300.4,326.8,51.290935521461016
15131.0,5.0,3.0,3.3333333333333335,1.247219128924647,44.5,17.8,26.266666666666666,12.903832333415096
15139.0,11.0,6.0,5.666666666666667,4.4969125210773475,88.30000000000003,60.5,49.6,36.86307999430687
15140.0,6.0,4.0,3.3333333333333335,2.494438257849294,86.1,79.2,55.1,39.06328199217265
15149.0,7.0,3.0,4.333333333333333,1.8856180831641267,108.4,45.5,62.833333333333336,32.52633121368321
15200.0,194.0,192.0,192.0,1.632993161855452,656.1999999999998,539.7,554.5333333333332,77.66630901205201
15201.0,28.0,26.0,18.333333333333332,12.283683848458853,87.0,85.8,58.70000000000001,39.17677883644851
15202.0,169.0,156.0,157.0,9.41629792788369,1017.2,751.9999999999999,838.2333333333332,126.57636254670764
15209.0,10.0,8.0,8.333333333333334,1.247219128924647,170.9,134.2,143.79999999999998,19.432104020580656
15210.0,1.0,0.0,0.3333333333333333,0.4714045207910317,8.0,0.0,2.6666666666666665,3.7712361663282534
15211.0,7.0,3.0,3.3333333333333335,2.8674417556808756,12.6,5.4,6.0,5.1613951602255765
15219.0,4.0,2.0,2.3333333333333335,1.247219128924647,22.8,11.4,14.6,5.844655678480984
15230.0,11.0,9.0,9.0,1.632993161855452,72.0,57.0,58.0,11.045361017187261
15231.0,30.0,18.0,19.666666666666668,7.845734863959881,138.0,87.0,95.5,31.804087787578503
15232.0,25.0,17.0,14.666666666666666,9.533566430716728,121.0,79.5,70.66666666666667,45.13744442133259
15235.0,19.0,6.0,9.666666666666666,6.649979114420002,47.5,15.0,24.166666666666668,16.62494778605
15240.0,2.0,2.0,1.6666666666666667,0.4714045207910317,20.6,12.5,14.366666666666667,4.524255617103093
15241.0,3.0,1.0,1.3333333333333333,1.247219128924647,24.6,13.5,12.700000000000001,10.058826969383658
15242.0,14.0,13.0,13.0,0.816496580927726,142.9,89.6,85.16666666666667,49.04924962615523
15243.0,2.0,0.0,0.6666666666666666,0.9428090415820634,13.0,0.0,4.333333333333333,6.128258770283412
15249.0,1.0,0.0,0.3333333333333333,0.4714045207910317,2.0,0.0,0.6666666666666666,0.9428090415820634
15250.0,1.0,1.0,0.6666666666666666,0.4714045207910317,21.5,21.5,14.333333333333334,10.13519719700718
15261.0,1.0,1.0,0.6666666666666666,0.4714045207910317,20.9,20.9,13.933333333333332,9.852354484532562
15263.0,8.0,1.0,3.3333333333333335,3.2998316455372216,12.0,4.8,6.166666666666667,4.314574782705193
15269.0,1.0,0.0,0.3333333333333333,0.4714045207910317,11.8,0.0,3.9333333333333336,5.562573345334174
15303.0,2.0,1.0,1.0,0.816496580927726,23.8,11.8,11.866666666666667,9.716423667630437
15306.0,1.0,1.0,0.6666666666666666,0.4714045207910317,38.5,36.8,25.099999999999998,17.761944338012846
15320.0,2.0,2.0,1.6666666666666667,0.4714045207910317,38.8,35.6,27.73333333333333,13.45147658148436
15321.0,1.0,0.0,0.3333333333333333,0.4714045207910317,9.9,0.0,3.3000000000000003,4.666904755831214
15323.0,2.0,2.0,1.6666666666666667,0.4714045207910317,29.6,23.6,22.0,6.951258878793107
15333.0,2.0,1.0,1.0,0.816496580927726,33.8,17.9,17.23333333333333,13.80684210414854
15339.0,1.0,1.0,0.6666666666666666,0.4714045207910317,10.9,10.9,7.266666666666667,5.138309276622246
15340.0,2.0,0.0,0.6666666666666666,0.9428090415820634,71.69999999999997,0.0,23.89999999999999,33.79970414071696
15343.0,4.6339999999999995,3.0,2.878,1.4860803028997678,83.60000000000002,29.2,41.50000000000001,30.614484589270276
15401.0,2.0,1.0,1.0,0.816496580927726,23.8,10.9,11.566666666666668,9.727738117820037
15402.0,9.0,6.0,6.666666666666667,1.699673171197595,134.8,105.1,98.8,32.274757938674
15404.0,3.0,2.0,2.0,0.816496580927726,89.69999999999997,76.4,78.59999999999998,8.311838946145825
15405.0,1.0,1.0,1.0,0.0,28.5,28.5,28.5,0.0
15409.0,1.0,0.0,0.3333333333333333,0.4714045207910317,36.8,0.0,12.266666666666666,17.347686365109965
15410.0,30.0,3.0,11.0,13.490737563232042,356.39999999999986,25.5,127.29999999999995,162.33231348071146
15411.0,6.0,0.0,2.0,2.8284271247461903,64.3,0.0,21.433333333333334,30.311310686863337
15412.0,3.0,0.0,1.0,1.4142135623730951,38.40000000000001,0.0,12.800000000000004,18.101933598375624
15415.0,6.0,0.0,2.0,2.8284271247461903,92.1,0.0,30.7,43.41635636485401
15419.0,8.0,4.0,4.0,3.265986323710904,150.8,19.6,56.800000000000004,66.94793997328571
15420.0,1.0,0.0,0.3333333333333333,0.4714045207910317,16.8,0.0,5.6000000000000005,7.919595949289333
15421.0,2.0,1.0,1.0,0.816496580927726,69.6,34.8,34.8,28.41408101628486
15424.0,1.0,0.0,0.3333333333333333,0.4714045207910317,8.7,0.0,2.9,4.101219330881975
15430.0,1.0,0.0,0.3333333333333333,0.4714045207910317,11.8,0.0,3.9333333333333336,5.562573345334174
15432.0,1.0,1.0,1.0,0.0,21.8,21.8,21.8,0.0
15433.0,4.0,1.0,1.6666666666666667,1.699673171197595,59.90000000000001,4.4,21.433333333333337,27.25928995569931
15451.0,1.0,0.0,0.3333333333333333,0.4714045207910317,14.2,0.0,4.733333333333333,6.693944195232649
15459.0,3.0,1.0,1.6666666666666667,0.9428090415820634,92.6,37.8,56.06666666666666,25.832967739348536
15469.0,2.0,2.0,1.6666666666666667,0.4714045207910317,32.8,25.700000000000006,22.7,9.706011882676977
15501.0,2.0,0.0,0.6666666666666666,0.9428090415820634,42.5,0.0,14.166666666666666,20.034692133618847
15502.0,21.0,11.0,14.0,4.96655480858378,182.6,116.3,131.76666666666665,36.85126260463208
15503.0,4.0,3.0,3.3333333333333335,0.4714045207910317,91.3,64.5,72.46666666666665,13.369700403856806
15603.0,1.0,0.0,0.3333333333333333,0.4714045207910317,69.8,0.0,23.266666666666666,32.90403555121401
15604.0,9.0,0.0,3.0,4.242640687119285,1092.8,0.0,364.26666666666665,515.1508603204395
15605.0,11.0,9.0,9.0,1.632993161855452,574.6999999999998,562.0,534.5666666666666,48.05734999860983
20012.0,918.0,812.0,838.0,57.71192828754439,62.05,42.94,44.089999999999996,14.218065972557588
20101.0,2.0,0.22,0.7400000000000001,0.8954700813911466,6.95,3.0,3.3166666666666664,2.8461474936404048
20102.0,0.228,0.0,0.076,0.10748023074035523,9.03,0.0,3.01,4.256782822743015
20103.0,1.662,1.004,1.2113333333333334,0.31900818519627705,26.47,14.73,17.616666666666667,6.385281686990967
20110.0,9.005999999999998,5.356,6.240666666666665,1.9972156173588824,235.21,163.37,159.61,63.31799954725881
20111.0,0.004,0.0,0.0013333333333333333,0.0018856180831641268,16.8,0.0,5.6000000000000005,7.919595949289333
20121.0,2.1,2.0540000000000003,1.7773333333333337,0.4242085441017059,111.47,75.72999999999998,76.63333333333333,28.082500284380345
20130.0,2.998,0.023,1.0106666666666668,1.405265415816133,165.9,23.0,66.63333333333334,70.36288478704917
20201.0,0.326,0.0,0.10866666666666668,0.1536778737778763,14.21,0.0,4.736666666666667,6.69865824044056
20202.0,2.408,1.19,1.3733333333333333,0.7807933287510993,42.38,20.94,24.17,13.740904870737834
21000.0,527.396,0.762,176.0533333333333,248.43697586488386,34.18,20.0,24.613333333333333,6.766078792197312
21011.0,4.372,3.85,2.741,1.9491572537894424,105.24,77.94,66.06,37.78593389080122
21012.0,1.1720000000000002,0.194,0.45533333333333337,0.5129115150025609,25.32,7.72,11.013333333333334,10.595915355561417
21020.0,0.7959999999999999,0.0,0.2653333333333333,0.3752379985496612,20.54,0.0,6.846666666666667,9.68264885704779
21021.0,15.2,2.4,6.545333333333333,6.121577429243399,306.51,64.36,140.03,117.88128972261318
21110.0,0.8680000000000001,0.354,0.5086666666666667,0.25490564703216934,80.9,24.64,42.879999999999995,26.891550097877712
21120.0,1.71,0.0,0.57,0.8061017305526642,34.160000000000004,0.0,11.386666666666668,16.103178430221643
21200.0,9.156,7.700000000000001,6.382000000000001,2.953904986059414,91.74,39.61000000000001,49.75666666666666,30.97917831203547
21400.0,3.148,2.472,2.1713333333333336,0.9444325750888143,68.55,58.72,43.18666666666667,29.195436096912285
21700.0,0.5740000000000001,0.0,0.19133333333333336,0.2705861949340522,35.99,0.0,11.996666666666668,16.96584870326923
21801.0,4.669,2.146,2.753,1.38479673598691,267.79,131.8,174.9466666666667,65.70458651333931
22000.0,16.178,12.993,9.958333333333334,6.671734923457982,127.84,95.61,75.42333333333333,52.99764921411347
22001.0,34.452,31.714000000000002,27.213333333333335,8.375882892102911,186.8,174.25999999999996,175.44999999999996,8.82164383774363
22002.0,0.636,0.002,0.21266666666666667,0.29934298425422,35.62,33.0,22.873333333333335,16.209218227772602
22003.0,0.414,0.0,0.13799999999999998,0.19516147160748712,21.36,0.0,7.12,10.069200564096436
22004.0,0.002,0.0,0.0006666666666666666,0.0009428090415820634,45.7,0.0,15.233333333333334,21.54318660015015
22007.0,12.09,11.253999999999998,9.584333333333332,2.9720677799957538,209.05,175.26000000000005,169.0966666666667,35.40716719661274
22008.0,44.627,43.358000000000004,43.310333333333325,1.0950325210797316,1417.31,910.3100000000003,1028.3633333333335,282.0161325566716
22010.0,10.154,9.75,8.278666666666666,2.3721912982631808,135.9,95.7,99.01333333333334,28.86042888724206
22012.0,28.934,3.352,10.762,12.922207344980448,251.52,36.18,95.89999999999999,111.02683279279833
22013.0,39.08400000000001,19.785999999999998,21.627,13.564605732075915,602.3199999999998,275.36,317.6666666666666,217.21669753701914
22020.0,35.422,15.85,20.881333333333334,10.44306345007164,250.51,198.13,186.6,57.470637720491666
22021.0,25.101999999999997,14.642000000000001,17.031333333333333,5.8629379059383595,354.97,255.68000000000004,257.76000000000005,78.53624937993071
22030.0,4.632,0.001,1.5443333333333333,2.183310076212009,83.56,10.0,31.186666666666667,37.257880896380684
22032.0,8.963999999999997,0.0,2.987999999999999,4.225670124370807,75.75999999999998,0.0,25.253333333333327,35.713606495128545
22034.0,25.703000000000007,11.112000000000002,14.431666666666672,8.191299137228208,460.4,229.82,265.5133333333333,146.73938833486014
22035.0,0.001,0.0,0.0003333333333333333,0.0004714045207910317,15.8,0.0,5.266666666666667,7.448191428498301
22036.0,60.85799999999999,47.27400000000002,48.955333333333336,9.109994706670001,305.5100000000001,237.27,242.75333333333336,49.15519934068244
22040.0,5.946000000000001,2.813,3.3793333333333333,1.906991056321159,226.83,160.34,136.99,84.51513513369464
22041.0,0.282,0.0,0.09399999999999999,0.13293607486307094,1.68,0.0,0.5599999999999999,0.7919595949289333
22071.0,0.18899999999999997,0.037000000000000005,0.07533333333333332,0.08178155184527999,136.6,28.8,55.13333333333333,58.793272479841505
22100.0,7.905,2.8280000000000003,4.031,2.804123511307351,80.18,38.05,50.36333333333334,21.189765349233006
22101.0,11.046,9.576,8.869333333333332,2.125313048836702,130.36000000000004,119.81000000000002,97.26333333333336,39.580812130234136
22102.0,58.783,43.483999999999995,43.92433333333332,11.956340084750948,387.5799999999999,324.71,318.7366666666667,58.800847121637766
22103.0,48.42700000000002,41.36900000000001,39.318333333333335,8.400471468250402,287.74999999999994,232.95,221.48,59.34863491830848
22110.0,6.518,4.098,3.5386666666666664,2.6901947058820026,34.57,28.3,20.956666666666667,15.038054690979445
22111.0,38.762,28.0,30.855333333333334,5.662280891026945,268.29,239.03,226.85000000000002,39.75227624509904
22120.0,278.259,25.037999999999997,102.30533333333335,124.72493201797663,244.3700000000001,115.95,142.20666666666668,75.03017452258054
22130.0,23.563000000000002,19.415999999999997,19.861666666666668,2.857612795479626,148.02,126.15,113.0,35.212080313437895
22131.0,1.624,0.9420000000000001,0.8553333333333334,0.6658214642246241,16.39,11.92,9.436666666666667,6.9177661776681125
22132.0,1.3239999999999998,1.1520000000000001,1.205,0.08431290925277486,15.79,8.469999999999999,10.403333333333332,3.85916513711911
22160.0,1.46,0.5720000000000001,0.8140000000000001,0.46155389717778356,8.77,3.43,4.886666666666667,2.77433876005717
22170.0,4.488,3.092,3.330666666666667,0.8641625361521343,73.51,55.56,55.43,14.815615635763056
22171.0,3.762,1.398,2.000666666666667,1.265966122067341,48.63,17.810000000000006,23.836666666666673,18.286769959606197
22172.0,13.962999999999996,11.201999999999998,10.438999999999998,3.2341466674637163,189.01,89.7,112.31666666666666,55.730502918559374
22180.0,3.466,1.392,1.8713333333333335,1.1571071207493664,12.8,6.68,7.396666666666667,4.150279776379206
22190.0,10.914000000000001,7.292000000000002,7.384000000000001,2.845417836920734,64.22,36.11000000000001,40.31666666666667,18.046459178711174
22500.0,29.799,14.32,16.329,10.276696972601005,281.2900000000001,146.55,189.60000000000002,64.87477218970923
22501.0,0.742,0.0,0.24733333333333332,0.3497821544269455,13.34,0.0,4.446666666666666,6.288536307352363
22503.0,386.0,0.632,128.87733333333333,181.81336427104458,386.0,31.6,139.20000000000002,174.9901330551716
22511.0,1.354,0.616,0.806,0.393517471022571,24.11,11.47,14.246666666666668,7.192961065436743
22520.0,15.0,0.0,5.0,7.0710678118654755,72.0,0.0,24.0,33.94112549695428
22600.0,20.884,14.312,13.213333333333333,6.75641430214446,133.71,85.59,82.59666666666668,43.008000289351855
22601.0,25.034000000000002,22.924,19.772666666666666,6.010698535851628,182.49,149.55,142.1,36.402931200660205
22602.0,1.492,0.33,0.6073333333333334,0.6398965194119715,19.54,3.02,7.52,8.588379746300618
22603.0,2.696,1.354,1.596666666666667,0.8167616271321491,24.7,10.41,13.666666666666666,8.016999993070282
22604.0,0.6,0.438,0.34600000000000003,0.25344032828261565,9.59,7.0,5.53,4.050736558536813
22610.0,2.0180000000000002,1.05,1.1826666666666668,0.6348550140692668,11.760000000000002,6.05,6.8566666666666665,3.71824630108813
22620.0,0.622,0.0,0.20733333333333334,0.2932136119320217,3.46,0.0,1.1533333333333333,1.6310596419369694
22621.0,0.622,0.358,0.32666666666666666,0.2548951854303167,4.95,2.85,2.6,2.0285462775100798
22630.0,3.816,2.58,2.8866666666666667,0.6696811845116218,48.4,36.84,35.949999999999996,10.547514715167107
22631.0,2.7460000000000004,2.54,2.2933333333333334,0.5016036505272089,61.17999999999999,59.33000000000001,46.53666666666667,19.415348453106773
22671.0,4.99,4.1419999999999995,3.856,1.0620972962335733,86.44,64.85000000000001,63.75333333333333,18.987140092412254
22701.0,9.64,6.8340000000000005,7.168,1.8967853507096335,258.57000000000005,216.94,212.77333333333334,39.20472108758788
22702.0,2.292,1.94,1.621333333333333,0.7141714702288862,117.61,87.33000000000001,83.17333333333333,29.95890110727621
22710.0,6.542000000000001,0.0,2.1806666666666668,3.0839283750149296,136.5,0.0,45.5,64.34671708797582
22711.0,4.266,0.442,1.5693333333333335,1.9153501565568165,84.46000000000002,8.75,31.070000000000007,37.92105571666838
22712.0,1.04,0.302,0.5473333333333333,0.3483688977059934,95.47,27.72,50.24333333333333,31.980167117901193
22713.0,7.737999999999999,0.282,2.7366666666666664,3.5366761545584318,713.42,33.78,255.60333333333332,323.7769524774046
22714.0,2.8560000000000003,0.546,1.1340000000000001,1.2378723682189534,48.63,9.61,19.413333333333334,21.028524014353035
22715.0,4.7780000000000005,0.752,1.8433333333333335,2.0977094386232067,89.41999999999999,15.61,35.01,38.99789823396469
22716.0,3.27,2.158,1.8093333333333332,1.3575471344385146,57.91,41.61,33.17333333333333,24.382712910767104
22800.0,2.1580000000000004,0.336,0.936,0.8641311628836602,21.54,3.28,9.293333333333333,8.660166793364253
22801.0,0.522,0.498,0.34,0.24061587645041216,5.21,3.97,3.06,2.2221761106326983
22802.0,2.188,1.734,1.610666666666667,0.5289797307605988,18.74,16.310000000000002,14.103333333333333,4.939610870863772
22821.0,0.468,0.0,0.156,0.22061731573020285,9.17,0.0,3.0566666666666666,4.322779455653761
22830.0,0.878,0.728,0.6986666666666667,0.1597525864857558,90.91,73.45,74.63666666666666,12.830134666306334
22840.0,0.254,0.232,0.162,0.11490285752176344,8.53,7.8,5.4433333333333325,3.8605382468712253
22850.0,0.374,0.0,0.12466666666666666,0.17630529077584586,2.68,0.0,0.8933333333333334,1.2633641157199649
22851.0,0.364,0.0,0.12133333333333333,0.17159124556793554,3.33,0.0,1.11,1.5697770542341354
22870.0,1.2340000000000002,0.17600000000000002,0.47000000000000003,0.5449868499942607,72.0,70.86,47.620000000000005,33.675641048092906
22900.0,0.126,0.116,0.11199999999999999,0.013366625103842282,19.66,2.97,8.456666666666665,7.922509422875781
22901.0,0.086,0.0,0.028666666666666663,0.04054078878802872,4.44,0.0,1.4800000000000002,2.093036072312181
22902.0,0.16399999999999998,0.0,0.05466666666666666,0.07731034140972919,9.18,0.0,3.06,4.327493500861671
23110.0,2429.926,1711.0579999999998,1945.9726666666666,342.25525900739984,1753.79,1383.32,1425.006666666667,253.15394161568082
23112.0,6.0,6.0,6.0,0.0,51.0,50.5,47.166666666666664,5.071708018234313
23113.0,13.0,9.0,9.0,3.265986323710904,171.2,132.8,123.0,43.906263790033414
23120.0,7.2379999999999995,2.8,3.8619999999999997,2.4412985615583085,180.59,105.28,114.69666666666667,50.39913645644691
23121.0,4.662,3.0060000000000002,3.22,1.1004762605345015,140.6,85.41999999999999,101.21333333333332,28.032030885320385
23130.0,3.0,0.0,1.0,1.4142135623730951,40.6,0.0,13.533333333333333,19.139023544115886
23131.0,0.01600000000000001,0.012000000000000005,0.012666666666666673,0.002494438257849298,128.0,96.0,101.33333333333333,19.955506062794353
23132.0,5.226000000000004,3.4579999999999997,3.7940000000000005,1.0590461116810128,267.96000000000004,198.5,217.86,35.72938659796257
23133.0,4.0,0.0,1.3333333333333333,1.8856180831641267,63.2,0.0,21.066666666666666,29.792765713993205
23134.0,5.410000000000003,1.1669999999999998,2.2960000000000007,2.2294888801397224,274.59000000000003,123.81,150.74666666666667,92.11163022236782
23135.0,3.0,1.0,1.6666666666666667,0.9428090415820634,36.0,12.0,19.0,12.083045973594572
23141.0,1.0,0.0,0.3333333333333333,0.4714045207910317,9.8,0.0,3.266666666666667,4.619764303752111
23142.0,0.544,0.312,0.2853333333333334,0.22288611940231323,13.92,7.99,7.303333333333334,5.703521329455651
23150.0,1.0,0.0,0.3333333333333333,0.4714045207910317,6.0,0.0,2.0,2.8284271247461903
23171.0,0.7759999999999999,0.0,0.25866666666666666,0.3658099081338405,15.21,0.0,5.07,7.170062761231593
24000.0,14.172,6.053999999999999,7.698,4.759002416473436,1332.8499999999995,695.5299999999999,794.9899999999998,404.71398592092146
24010.0,20.361999999999988,18.872,17.884666666666664,2.5242769701881382,923.37,922.08,835.9733333333334,122.68651388351076
24011.0,10.146,9.324000000000002,8.425333333333334,1.8823037893909573,539.21,503.28,426.5,134.79017347962227
24012.0,6.482000000000001,2.6439999999999997,3.695333333333334,1.9901586759742445,280.11,168.75,183.8166666666667,73.25112483019554
24030.0,2.798,0.266,1.1073333333333333,1.195486325959254,255.11,23.3,99.65000000000002,109.93259480245156
24032.0,0.266,0.0,0.08866666666666667,0.12539360253041443,2.55,0.0,0.85,1.2020815280171306
24100.0,4.922,3.24,3.4126666666666665,1.1682720383350598,108.22,72.99,71.46,30.658128883978986
24101.0,14.113999999999995,11.212,11.237333333333332,2.3385148183314013,356.6,289.0900000000001,284.51000000000005,60.81730400689156
24102.0,2.068,0.8220000000000001,1.1866666666666668,0.6262786032500941,53.55,19.4,29.936666666666664,16.729316250887905
24112.0,0.284,0.27,0.18499999999999997,0.130233124306632,7.27,6.91,5.723333333333334,1.9383383490906727
24220.0,0.596,0.388,0.328,0.24698717915443844,20.72,9.93,10.216666666666667,8.461332965647644
24400.0,0.202,0.0,0.06733333333333334,0.09522371319978841,10.42,0.0,3.473333333333333,4.91203510664255
24401.0,0.7720000000000001,0.7559999999999999,0.726,0.054135632135098116,90.42,86.97,84.36333333333333,6.2857316377827
24403.0,1.002,0.21600000000000005,0.40599999999999997,0.4305624228843014,61.19,10.28,23.823333333333334,26.753447545233406
25005.0,5.016,3.508,2.8413333333333335,2.1013324873094743,12.0,9.0,7.0,5.0990195135927845
25012.0,3.1239999999999997,0.996,1.4546666666666663,1.219666985515126,62.47999999999999,19.92,29.09333333333333,24.39333971030252
25100.0,1.346,0.56,0.7053333333333334,0.4750195317621746,34.46,29.89,28.423333333333336,5.624128574474646
25101.0,33.492,32.52799999999999,27.060666666666663,8.42282713160426,192.5300000000001,123.17,122.2566666666667,57.75441416511434
25102.0,0.001,0.0,0.0003333333333333333,0.0004714045207910317,2.5,0.0,0.8333333333333334,1.178511301977579
25110.0,6.5,6.0,4.166666666666667,2.953340857778225,15.0,12.5,9.166666666666666,6.561673228343176
25111.0,136.46699999999998,63.13399999999999,80.20033333333332,40.799769789655535,175.8,98.4,113.40000000000002,46.06343452240617
25112.0,1.248,0.506,0.5846666666666667,0.512521435866074,26.96,10.93,12.63,11.071823095889252
25120.0,124.40200000000004,51.03099999999999,62.578666666666685,46.48697239968302,200.5,164.2,170.49999999999997,22.37096332302214
25121.0,27.461,22.898000000000003,18.134333333333334,10.136020334540683,55.39,46.72,40.60666666666666,15.194192604047407
25130.0,2.6060000000000003,1.4660000000000002,1.3573333333333337,1.0666662499999187,36.91,18.69,18.53333333333333,15.068851611482836
25150.0,2.092,0.0,0.6973333333333334,0.9861782574948383,13.6,0.0,4.533333333333333,6.41110148275803
25405.0,0.504,0.0,0.168,0.23758787847867996,10.08,0.0,3.36,4.751757569573599
27000.0,8261.438999999997,3291.4730000000013,4314.647333333333,2896.641071323165,1390.82,969.0099999999996,1045.8933333333332,256.081159574243
27002.0,528.6250000000001,28.03,191.60100000000003,238.34610116802838,1024.9300000000003,927.09,857.0666666666667,172.8886270277938
27030.0,0.74,0.0,0.24666666666666667,0.34883934538536343,29.33,0.0,9.776666666666666,13.82629459480096
27100.0,5.744,4.7780000000000005,4.899333333333334,0.6458572253645192,123.16,100.23,103.68333333333332,14.69708890298423
27200.0,3.0989999999999984,2.9349999999999974,2.5036666666666645,0.729043818222807,273.44,255.33,257.44666666666666,12.285884402661274
27201.0,16.0,0.0,5.333333333333333,7.542472332656507,16.0,0.0,5.333333333333333,7.542472332656507
27240.0,2042.0,1986.0,1685.3333333333333,465.3667609769978,16.04,15.56,13.14,3.7669085468059875
27300.0,61.346,53.78200000000001,54.58533333333333,5.223082699794144,261.88000000000005,239.9,236.67333333333337,22.016977287740698
27400.0,143.11400000000003,2.47,49.32766666666668,66.31695861710052,558.7800000000002,472.03999999999985,486.59666666666675,53.985068511786
27410.0,518.9859999999994,237.69800000000015,315.45533333333316,145.24676306050839,656.54,570.29,591.1933333333333,47.19585457313902
27421.0,0.564,0.0,0.18799999999999997,0.26587214972614187,42.86,0.0,14.286666666666667,20.204397761103618
30000.0,13.0,4.0,5.666666666666667,5.436502143433363,188.1,59.4,82.5,78.50948987224412
30001.0,12.0,0.0,4.0,5.656854249492381,34.8,0.0,11.6,16.4048773235279
30006.0,1.0,0.0,0.3333333333333333,0.4714045207910317,19.9,0.0,6.633333333333333,9.38094996374153
30010.0,8.0,3.0,4.333333333333333,2.6246692913372702,35.6,13.8,21.066666666666666,10.276618553244491
30011.0,2.0,1.0,1.3333333333333333,0.4714045207910317,48.0,32.8,33.56666666666666,11.484579032579104
30012.0,1.0,0.0,0.3333333333333333,0.4714045207910317,29.9,0.0,9.966666666666667,14.094995171651846
30020.0,2.0,1.0,1.0,0.816496580927726,25.9,25.8,17.233333333333334,12.185875247825065
30040.0,1.0,0.0,0.3333333333333333,0.4714045207910317,14.5,0.0,4.833333333333333,6.83536555146996
30042.0,1.0,0.0,0.3333333333333333,0.4714045207910317,49.0,0.0,16.333333333333332,23.098821518760555
30052.0,1.0,0.0,0.3333333333333333,0.4714045207910317,78.0,0.0,26.0,36.76955262170047
30103.0,1.0,0.0,0.3333333333333333,0.4714045207910317,10.9,0.0,3.6333333333333333,5.138309276622246
30120.0,4.0,0.0,1.3333333333333333,1.8856180831641267,30.8,0.0,10.266666666666667,14.519259240363775
30121.0,2.0,0.0,0.6666666666666666,0.9428090415820634,35.8,0.0,11.933333333333332,16.87628184431893
30124.0,2.0,2.0,1.3333333333333333,0.9428090415820634,79.8,30.0,36.6,32.91078850468338
30125.0,4.0,0.0,1.3333333333333333,1.8856180831641267,71.6,0.0,23.866666666666664,33.75256368863786
30126.0,4.0,0.0,1.3333333333333333,1.8856180831641267,36.0,0.0,12.0,16.97056274847714
30133.0,2.0,0.0,0.6666666666666666,0.9428090415820634,49.8,0.0,16.599999999999998,23.475945135393378
30151.0,1.0,0.0,0.3333333333333333,0.4714045207910317,179.0,0.0,59.666666666666664,84.38140922159468
30161.0,15.0,0.0,5.0,7.0710678118654755,205.30000000000004,0.0,68.43333333333335,96.77934811839881
30164.0,1.0,0.0,0.3333333333333333,0.4714045207910317,3.9,0.0,1.3,1.8384776310850235
30165.0,2.0,1.0,1.0,0.816496580927726,20.8,9.9,10.233333333333334,8.494835032078152
30166.0,2.0,1.0,1.0,0.816496580927726,16.8,7.9,8.233333333333334,6.862620166930089
30167.0,1.0,0.0,0.3333333333333333,0.4714045207910317,20.9,0.0,6.966666666666666,9.852354484532562
30169.0,1.0,1.0,0.6666666666666666,0.4714045207910317,42.9,42.9,28.599999999999998,20.22325394193526
30170.0,2.0,1.0,1.0,0.816496580927726,29.8,14.9,14.9,12.165799055823118
30172.0,1.0,0.0,0.3333333333333333,0.4714045207910317,17.9,0.0,5.966666666666666,8.438140922159466
30175.0,2.0,0.0,0.6666666666666666,0.9428090415820634,58.0,0.0,19.333333333333332,27.34146220587984
30202.0,2.0,0.0,0.6666666666666666,0.9428090415820634,194.0,0.0,64.66666666666667,91.45247703346014
30215.0,1.0,0.0,0.3333333333333333,0.4714045207910317,149.0,0.0,49.666666666666664,70.23927359786371
30231.0,2.0,1.0,1.0,0.816496580927726,289.0,158.0,149.0,118.15526508229189
30233.0,1.0,0.0,0.3333333333333333,0.4714045207910317,279.0,0.0,93.0,131.52186130069785
30250.0,1.0,0.0,0.3333333333333333,0.4714045207910317,169.0,0.0,56.333333333333336,79.66736401368435
30300.0,1.0,0.0,0.3333333333333333,0.4714045207910317,19.9,0.0,6.633333333333333,9.38094996374153
30304.0,5.0,1.0,2.0,2.160246899469287,82.6,24.9,35.833333333333336,34.59617833743426
30308.0,1.0,0.0,0.3333333333333333,0.4714045207910317,39.0,0.0,13.0,18.384776310850235
30310.0,1.0,0.0,0.3333333333333333,0.4714045207910317,80.0,0.0,26.666666666666668,37.71236166328253
30314.0,1.0,0.0,0.3333333333333333,0.4714045207910317,45.0,0.0,15.0,21.213203435596427
30320.0,3.0,1.0,1.6666666666666667,0.9428090415820634,27.9,11.9,15.899999999999999,8.640987597877146
30321.0,7.0,4.0,5.0,1.4142135623730951,48.3,43.1,42.96666666666667,4.410089442277659
30322.0,1.0,0.0,0.3333333333333333,0.4714045207910317,13.8,0.0,4.6000000000000005,6.505382386916237
30323.0,3.0,2.0,2.3333333333333335,0.4714045207910317,35.7,23.8,27.766666666666666,5.609713797413278
30330.0,1.0,0.0,0.3333333333333333,0.4714045207910317,3.0,0.0,1.0,1.4142135623730951
30331.0,1.0,0.0,0.3333333333333333,0.4714045207910317,7.0,0.0,2.3333333333333335,3.2998316455372216
30332.0,1.0,0.0,0.3333333333333333,0.4714045207910317,7.9,0.0,2.6333333333333333,3.7240957142491506
30333.0,1.0,0.0,0.3333333333333333,0.4714045207910317,29.0,0.0,9.666666666666666,13.67073110293992
30334.0,3.0,1.0,1.3333333333333333,1.247219128924647,71.69999999999997,19.9,30.53333333333332,30.221662576517662
30335.0,2.0,0.0,0.6666666666666666,0.9428090415820634,208.9,0.0,69.63333333333334,98.47640439324651
30336.0,1.0,0.0,0.3333333333333333,0.4714045207910317,6.9,0.0,2.3000000000000003,3.2526911934581184
30337.0,2.0,0.0,0.6666666666666666,0.9428090415820634,56.8,0.0,18.933333333333334,26.775776780930595
30338.0,1.0,0.0,0.3333333333333333,0.4714045207910317,12.9,0.0,4.3,6.08111831820431
30341.0,1.0,0.0,0.3333333333333333,0.4714045207910317,29.9,0.0,9.966666666666667,14.094995171651846
30348.0,6.0,2.0,2.6666666666666665,2.494438257849294,61.6,28.8,30.133333333333336,25.165761573128588
30350.0,1.0,0.0,0.3333333333333333,0.4714045207910317,32.9,0.0,10.966666666666667,15.509208734024941
30351.0,3.0,1.0,1.3333333333333333,1.247219128924647,37.7,13.9,17.2,15.566845109612503
30352.0,1.0,1.0,0.6666666666666666,0.4714045207910317,24.9,24.9,16.599999999999998,11.737972567696689
30353.0,1.0,0.0,0.3333333333333333,0.4714045207910317,24.9,0.0,8.299999999999999,11.737972567696689
30354.0,1.0,0.0,0.3333333333333333,0.4714045207910317,25.9,0.0,8.633333333333333,12.20937708848772
30355.0,1.0,1.0,0.6666666666666666,0.4714045207910317,24.9,12.9,12.6,10.167595585978034
30356.0,2.0,1.0,1.3333333333333333,0.4714045207910317,49.8,24.9,32.86666666666667,11.980632519009818
30358.0,1.0,0.0,0.3333333333333333,0.4714045207910317,29.9,0.0,9.966666666666667,14.094995171651846
30361.0,1.0,0.0,0.3333333333333333,0.4714045207910317,14.9,0.0,4.966666666666667,7.023927359786373
30362.0,1.0,0.0,0.3333333333333333,0.4714045207910317,13.9,0.0,4.633333333333334,6.55252283899534
30365.0,3.0,2.0,2.0,0.816496580927726,62.7,19.8,32.46666666666667,21.47158328789214
30380.0,193.0,191.0,188.66666666666666,4.784233364802441,45.99999999999997,42.200000000000045,42.9,2.299275248130728
30393.0,1.0,0.0,0.3333333333333333,0.4714045207910317,28.9,0.0,9.633333333333333,13.623590650860814
30420.0,2.0,0.0,0.6666666666666666,0.9428090415820634,14.8,0.0,4.933333333333334,6.976786907707269
30444.0,5.0,3.0,3.3333333333333335,1.247219128924647,37.2,14.7,19.900000000000002,12.553087269671952
30445.0,1.0,1.0,1.0,0.0,12.6,4.9,7.466666666666666,3.6298148100909438
30447.0,1.0,0.0,0.3333333333333333,0.4714045207910317,5.8,0.0,1.9333333333333333,2.7341462205879834
30448.0,1.0,1.0,0.6666666666666666,0.4714045207910317,18.9,6.9,8.6,7.808969202141854
30451.0,2.0,0.0,0.6666666666666666,0.9428090415820634,39.8,0.0,13.266666666666666,18.76189992748306
30500.0,3.0,0.0,1.0,1.4142135623730951,178.8,0.0,59.6,84.28712831743648
30503.0,2.0,0.0,0.6666666666666666,0.9428090415820634,96.0,0.0,32.0,45.254833995939045
30504.0,4.0,3.0,2.6666666666666665,1.247219128924647,85.4,63.6,55.63333333333333,28.12665797582231
30510.0,2.0,2.0,1.3333333333333333,0.9428090415820634,28.8,15.8,14.866666666666667,11.77605857473355
30512.0,2.0,0.0,0.6666666666666666,0.9428090415820634,49.8,0.0,16.599999999999998,23.475945135393378
30514.0,8.0,2.0,3.6666666666666665,3.091206165165235,48.29999999999999,16.7,22.599999999999994,19.03803211118908
30515.0,1.0,1.0,0.6666666666666666,0.4714045207910317,4.2,2.5,2.2333333333333334,1.7249798710580815
30521.0,1.0,0.0,0.3333333333333333,0.4714045207910317,8.9,0.0,2.966666666666667,4.195500235040182
30522.0,3.0,2.0,1.6666666666666667,1.247219128924647,33.8,29.8,21.2,15.07934569756482
30530.0,1.0,0.0,0.3333333333333333,0.4714045207910317,29.9,0.0,9.966666666666667,14.094995171651846
30541.0,2.0,2.0,1.6666666666666667,0.4714045207910317,22.8,16.4,15.133333333333333,6.8358531939245815
30551.0,1.0,0.0,0.3333333333333333,0.4714045207910317,44.9,0.0,14.966666666666667,21.16606298351732
30553.0,2.0,0.0,0.6666666666666666,0.9428090415820634,59.8,0.0,19.933333333333334,28.18999034330369
30602.0,1.0,1.0,0.6666666666666666,0.4714045207910317,79.9,79.0,52.96666666666667,37.454891388026866
30634.0,7.0,1.0,2.6666666666666665,3.091206165165235,47.4,3.9,17.099999999999998,21.484412954511928
30641.0,1.0,0.0,0.3333333333333333,0.4714045207910317,6.5,0.0,2.1666666666666665,3.064129385141706
30700.0,10.0,1.0,3.6666666666666665,4.4969125210773475,128.0,9.9,45.96666666666667,58.14695941224175
30701.0,2.0,1.0,1.0,0.816496580927726,33.8,14.5,16.099999999999998,13.845095401139952
30706.0,1.0,0.0,0.3333333333333333,0.4714045207910317,13.9,0.0,4.633333333333334,6.55252283899534
30710.0,5.0,2.0,2.6666666666666665,1.699673171197595,44.5,39.8,30.433333333333334,16.68059418073056
30723.0,2.0,0.0,0.6666666666666666,0.9428090415820634,19.8,0.0,6.6000000000000005,9.333809511662428
30727.0,3.0,0.0,1.0,1.4142135623730951,19.8,0.0,6.6000000000000005,9.333809511662428
30728.0,1.0,0.0,0.3333333333333333,0.4714045207910317,21.9,0.0,7.3,10.323759005323593
30800.0,1.0,0.0,0.3333333333333333,0.4714045207910317,9.5,0.0,3.1666666666666665,4.478342947514801
30803.0,1.0,0.0,0.3333333333333333,0.4714045207910317,15.0,0.0,5.0,7.0710678118654755
30804.0,2.0,0.0,0.6666666666666666,0.9428090415820634,36.8,0.0,12.266666666666666,17.347686365109965
30812.0,1.0,0.0,0.3333333333333333,0.4714045207910317,8.9,0.0,2.966666666666667,4.195500235040182
30820.0,1.0,1.0,0.6666666666666666,0.4714045207910317,3.9,3.9,2.6,1.8384776310850235
30821.0,5.0,2.0,2.3333333333333335,2.0548046676563256,41.5,19.8,20.433333333333334,16.94822180118676
30822.0,2.0,1.0,1.0,0.816496580927726,16.9,13.4,10.1,7.283314263895707
30832.0,1.0,0.0,0.3333333333333333,0.4714045207910317,11.0,0.0,3.6666666666666665,5.185449728701348
30840.0,1.0,0.0,0.3333333333333333,0.4714045207910317,5.9,0.0,1.9666666666666668,2.781286672667087
30903.0,1.0,0.0,0.3333333333333333,0.4714045207910317,29.9,0.0,9.966666666666667,14.094995171651846
31001.0,3.0,1.0,1.6666666666666667,0.9428090415820634,38.3,19.8,23.666666666666668,10.723908905908432
31003.0,2.0,1.0,1.3333333333333333,0.4714045207910317,13.4,10.5,9.6,3.5279833710870387
31004.0,4.0,1.0,1.6666666666666667,1.699673171197595,5.1,1.3,2.1333333333333333,2.163844315615664
31010.0,2.0,0.0,0.6666666666666666,0.9428090415820634,63.8,0.0,21.266666666666666,30.07560842646782
31012.0,1.0,0.0,0.3333333333333333,0.4714045207910317,8.9,0.0,2.966666666666667,4.195500235040182
31017.0,1.0,0.0,0.3333333333333333,0.4714045207910317,7.0,0.0,2.3333333333333335,3.2998316455372216
31021.0,3.0,2.0,1.6666666666666667,1.247219128924647,21.6,10.2,10.6,8.822698000045111
31022.0,1.0,0.0,0.3333333333333333,0.4714045207910317,5.9,0.0,1.9666666666666668,2.781286672667087
31023.0,1.0,0.0,0.3333333333333333,0.4714045207910317,3.5,0.0,1.1666666666666667,1.6499158227686108
31024.0,1.0,0.0,0.3333333333333333,0.4714045207910317,11.8,0.0,3.9333333333333336,5.562573345334174
31028.0,1.0,0.0,0.3333333333333333,0.4714045207910317,29.5,0.0,9.833333333333334,13.906433363335433
31029.0,1.0,0.0,0.3333333333333333,0.4714045207910317,9.5,0.0,3.1666666666666665,4.478342947514801
31031.0,1.0,0.0,0.3333333333333333,0.4714045207910317,5.0,0.0,1.6666666666666667,2.357022603955158
31032.0,1.0,0.0,0.3333333333333333,0.4714045207910317,7.5,0.0,2.5,3.5355339059327378
31042.0,2.0,2.0,1.6666666666666667,0.4714045207910317,7.0,7.0,5.833333333333333,1.6499158227686108
31047.0,1.0,0.0,0.3333333333333333,0.4714045207910317,27.8,0.0,9.266666666666667,13.10504567799068
31049.0,2.0,0.0,0.6666666666666666,0.9428090415820634,30.8,0.0,10.266666666666667,14.519259240363775
31131.0,1.0,0.0,0.3333333333333333,0.4714045207910317,11.9,0.0,3.966666666666667,5.609713797413278
31133.0,1.0,0.0,0.3333333333333333,0.4714045207910317,6.5,0.0,2.1666666666666665,3.0641293851417064
31135.0,1.0,0.0,0.3333333333333333,0.4714045207910317,12.5,0.0,4.166666666666667,5.892556509887896
31137.0,1.0,0.0,0.3333333333333333,0.4714045207910317,5.9,0.0,1.9666666666666668,2.781286672667087
31302.0,1.0,0.0,0.3333333333333333,0.4714045207910317,6.6,0.0,2.1999999999999997,3.111269837220809
31423.0,1.0,0.0,0.3333333333333333,0.4714045207910317,12.9,0.0,4.3,6.081118318204309
31425.0,19.0,0.0,6.333333333333333,8.956685895029603,98.4,0.0,32.800000000000004,46.38620484583752
32012.0,1.0,0.0,0.3333333333333333,0.4714045207910317,35.8,0.0,11.933333333333332,16.87628184431893
32013.0,1.0,0.0,0.3333333333333333,0.4714045207910317,29.2,0.0,9.733333333333333,13.765012007098127
32030.0,1.0,0.0,0.3333333333333333,0.4714045207910317,11.9,0.0,3.966666666666667,5.609713797413278
32043.0,1.0,0.0,0.3333333333333333,0.4714045207910317,12.0,0.0,4.0,5.656854249492381
32143.0,6.0,1.0,2.3333333333333335,2.6246692913372702,174.0,20.0,64.66666666666667,77.74030843491397
32203.0,1.0,0.0,0.3333333333333333,0.4714045207910317,29.9,0.0,9.966666666666667,14.094995171651846
32214.0,1.0,1.0,0.6666666666666666,0.4714045207910317,156.0,128.0,94.66666666666667,67.90843508398316
32300.0,1.0,0.0,0.3333333333333333,0.4714045207910317,49.0,0.0,16.333333333333332,23.098821518760555
32314.0,1.0,0.0,0.3333333333333333,0.4714045207910317,35.0,0.0,11.666666666666666,16.49915822768611
32316.0,4.0,2.0,2.0,1.632993161855452,71.0,65.0,45.333333333333336,32.14895885647862
32322.0,1.0,1.0,0.6666666666666666,0.4714045207910317,99.0,88.0,62.333333333333336,44.304501903180096
32323.0,1.0,0.0,0.3333333333333333,0.4714045207910317,29.0,0.0,9.666666666666666,13.67073110293992
32325.0,4.0,2.0,2.0,1.632993161855452,426.0,126.0,184.0,178.6840787535364
32350.0,1.0,0.0,0.3333333333333333,0.4714045207910317,3.0,0.0,1.0,1.4142135623730951
32352.0,1.0,1.0,0.6666666666666666,0.4714045207910317,48.0,35.0,27.666666666666668,20.27039439401436
32360.0,2.0,0.0,0.6666666666666666,0.9428090415820634,30.0,0.0,10.0,14.142135623730951
32361.0,1.0,0.0,0.3333333333333333,0.4714045207910317,23.0,0.0,7.666666666666667,10.842303978193728
32368.0,1.0,0.0,0.3333333333333333,0.4714045207910317,13.0,0.0,4.333333333333333,6.128258770283412
32403.0,1.0,0.0,0.3333333333333333,0.4714045207910317,2.0,0.0,0.6666666666666666,0.9428090415820634
32416.0,7.0,4.0,4.333333333333333,2.0548046676563256,135.70000000000002,52.50000000000001,74.26666666666667,44.05029953234018
32736.0,1.0,0.0,0.3333333333333333,0.4714045207910317,2.0,0.0,0.6666666666666666,0.9428090415820634
32821.0,1.0,1.0,0.6666666666666666,0.4714045207910317,15.9,10.0,8.633333333333333,6.562689150713211
32917.0,11.0,3.0,5.666666666666667,3.7712361663282534,129.9,53.0,76.96666666666667,37.485137795605816
33001.0,1.0,0.0,0.3333333333333333,0.4714045207910317,299.0,0.0,99.66666666666667,140.94995171651846
33007.0,1.0,0.0,0.3333333333333333,0.4714045207910317,239.0,0.0,79.66666666666667,112.66568046905657
33018.0,1.0,0.0,0.3333333333333333,0.4714045207910317,279.0,0.0,93.0,131.52186130069785
33060.0,9.0,3.0,5.0,2.8284271247461903,61.19999999999999,23.9,36.133333333333326,17.726502443767316
33064.0,1.0,0.0,0.3333333333333333,0.4714045207910317,28.0,0.0,9.333333333333334,13.199326582148887
34032.0,1.0,0.0,0.3333333333333333,0.4714045207910317,8.0,0.0,2.6666666666666665,3.7712361663282534
34038.0,1.0,0.0,0.3333333333333333,0.4714045207910317,9.1,0.0,3.033333333333333,4.289781139198388
34051.0,3.0,0.0,1.0,1.4142135623730951,29.5,0.0,9.833333333333334,13.906433363335433
34053.0,1.0,0.0,0.3333333333333333,0.4714045207910317,35.0,0.0,11.666666666666666,16.49915822768611
34100.0,1.0,0.0,0.3333333333333333,0.4714045207910317,39.0,0.0,13.0,18.384776310850235
34101.0,1.0,1.0,1.0,0.0,59.9,49.9,48.56666666666666,9.843215373488933
34113.0,1.0,0.0,0.3333333333333333,0.4714045207910317,89.0,0.0,29.666666666666668,41.95500235040182
34121.0,3.0,2.0,1.6666666666666667,1.247219128924647,128.7,98.8,75.83333333333333,54.99408048952986
34127.0,1.0,0.0,0.3333333333333333,0.4714045207910317,25.9,0.0,8.633333333333333,12.20937708848772
34135.0,1.0,0.0,0.3333333333333333,0.4714045207910317,39.0,0.0,13.0,18.384776310850235
34200.0,1.0,0.0,0.3333333333333333,0.4714045207910317,9.9,0.0,3.3000000000000003,4.666904755831214
34203.0,2.0,0.0,0.6666666666666666,0.9428090415820634,33.8,0.0,11.266666666666666,15.933472802736869
34204.0,6.0,3.0,3.6666666666666665,1.699673171197595,85.4,43.8,54.666666666666664,22.040165355298246
34207.0,2.0,0.0,0.6666666666666666,0.9428090415820634,34.8,0.0,11.6,16.404877323527902
34211.0,2.0,1.0,1.0,0.816496580927726,31.8,12.9,14.9,13.05909644653871
34212.0,1.0,1.0,0.6666666666666666,0.4714045207910317,10.9,8.9,6.6000000000000005,4.737791327893903
34220.0,4.0,1.0,1.6666666666666667,1.699673171197595,42.6,9.9,17.5,18.202747045432456
34225.0,5.0,4.0,3.0,2.160246899469287,199.5,165.6,121.7,87.16065626187081
34226.0,1.0,0.0,0.3333333333333333,0.4714045207910317,12.9,0.0,4.3,6.08111831820431
34240.0,2.0,0.0,0.6666666666666666,0.9428090415820634,15.8,0.0,5.266666666666667,7.448191428498301
34250.0,1.0,0.0,0.3333333333333333,0.4714045207910317,6.9,0.0,2.3000000000000003,3.2526911934581184
34304.0,4.0,0.0,1.3333333333333333,1.8856180831641267,184.0,0.0,61.333333333333336,86.73843182554982
34333.0,2.0,0.0,0.6666666666666666,0.9428090415820634,240.0,0.0,80.0,113.13708498984761
34511.0,3.0,1.0,1.3333333333333333,1.247219128924647,38.8,14.9,17.9,15.98144757732123
34513.0,5.0,1.0,2.0,2.160246899469287,74.0,33.0,35.666666666666664,30.26916289265731
34641.0,1.0,0.0,0.3333333333333333,0.4714045207910317,29.0,0.0,9.666666666666666,13.67073110293992
34831.0,1.0,0.0,0.3333333333333333,0.4714045207910317,199.0,0.0,66.33333333333333,93.80949963741531
34900.0,1.0,0.0,0.3333333333333333,0.4714045207910317,11.9,0.0,3.966666666666667,5.609713797413278
36010.0,2.0,1.0,1.3333333333333333,0.4714045207910317,51.8,21.9,31.866666666666664,14.094995171651847
36020.0,1.0,1.0,0.6666666666666666,0.4714045207910317,24.9,14.9,13.266666666666666,10.230781440774154
36022.0,1.0,0.0,0.3333333333333333,0.4714045207910317,29.9,0.0,9.966666666666667,14.094995171651846
36023.0,2.0,0.0,0.6666666666666666,0.9428090415820634,59.8,0.0,19.933333333333334,28.18999034330369
36030.0,4.0,1.0,2.0,1.4142135623730951,78.6,21.9,38.46666666666667,28.522077219040145
36035.0,2.0,0.0,0.6666666666666666,0.9428090415820634,85.8,0.0,28.599999999999998,40.44650788387052
40000.0,8.0,7.0,5.333333333333333,3.0912061651652345,1169.6,776.0,657.8666666666667,473.4830185855549
