c,c_count_all,c_count_2,c_count_3,c_count_4,c_amount_all,c_amount_2,c_amount_3,c_amount_4
10000,65.0,18.0,24.0,23.0,263.8999999999999,79.20000000000002,93.9,90.80000000000003
10001,14.0,5.0,5.0,4.0,41.4,13.5,15.3,12.600000000000001
10002,49.0,17.0,19.0,13.0,282.1,83.00000000000001,96.5,102.6
10008,11.0,6.0,5.0,0.0,52.4,29.6,22.8,0.0
10100,16.0,6.0,5.0,5.0,191.40000000000003,32.3,82.0,77.1
10102,1.0,0.0,1.0,0.0,15.8,0.0,15.8,0.0
10103,4.0,1.0,0.0,3.0,36.2,3.5,0.0,32.7
10109,13.0,1.0,4.0,8.0,221.20000000000005,16.8,74.9,129.5
10110,24.0,8.0,8.0,8.0,102.59000000000003,27.89,32.7,42.0
10111,5.0,4.0,0.0,1.0,25.6,21.6,0.0,4.0
10112,7.0,2.0,1.0,4.0,51.199999999999996,21.7,3.9,25.6
10113,10.0,4.0,5.0,1.0,47.49999999999999,19.5,20.1,7.9
10114,4.0,1.0,2.0,1.0,12.0,2.5,7.0,2.5
10116,21.0,12.0,1.0,8.0,118.19999999999999,68.5,4.5,45.2
10117,4.0,1.0,3.0,0.0,10.0,2.5,7.5,0.0
10119,44.0,12.0,13.0,19.0,246.23000000000013,59.49999999999999,91.1,95.63000000000001
10120,1.0,0.0,1.0,0.0,48.0,0.0,48.0,0.0
10130,35.0,6.0,15.0,14.0,144.70000000000002,28.699999999999996,55.99999999999999,59.99999999999999
10131,41.0,15.0,10.0,16.0,147.06,61.37999999999999,44.980000000000004,40.699999999999996
10132,30.0,7.0,13.0,10.0,116.4,25.2,54.3,36.9
10133,7.0,0.0,3.0,4.0,40.8,0.0,16.8,24.0
10135,9.0,5.0,3.0,1.0,90.1,59.699999999999996,25.9,4.5
10136,14.0,0.0,7.0,7.0,56.99999999999999,0.0,29.1,27.900000000000002
10137,5.0,0.0,2.0,3.0,24.0,0.0,12.0,12.0
10140,53.0,9.0,6.0,38.0,91.39999999999999,14.100000000000001,11.600000000000001,65.7
10141,182.0,39.0,51.0,92.0,850.5999999999995,223.70000000000005,214.40000000000006,412.50000000000006
10150,90.0,23.0,57.0,10.0,354.90999999999997,91.57,225.95000000000002,37.39
10151,28.0,1.0,11.0,16.0,174.8,6.8,66.0,102.0
10152,17.0,1.0,6.0,10.0,140.80000000000004,4.7,46.6,89.5
10200,11.0,5.0,3.0,3.0,70.59,36.7,14.290000000000001,19.6
10201,54.0,26.0,26.0,2.0,123.67999999999999,69.77999999999999,37.0,16.9
10203,2.0,0.0,0.0,2.0,11.0,0.0,0.0,11.0
10300,112.0,79.0,13.0,20.0,524.6000000000001,349.1,64.0,111.50000000000001
10310,45.0,0.0,30.0,15.0,264.90000000000015,0.0,184.4000000000001,80.5
10312,6.0,0.0,6.0,0.0,39.6,0.0,39.6,0.0
10319,2.0,2.0,0.0,0.0,19.8,19.8,0.0,0.0
10400,1.0,0.0,1.0,0.0,158.0,0.0,158.0,0.0
10401,30.0,3.0,5.0,22.0,348.09999999999997,19.2,43.0,285.9
10420,1.0,0.0,0.0,1.0,28.0,0.0,0.0,28.0
10422,3.0,0.0,0.0,3.0,27.500000000000004,0.0,0.0,27.500000000000004
10435,11.0,2.0,5.0,4.0,137.0,19.0,63.0,55.0
10439,1.0,0.0,1.0,0.0,26.0,0.0,26.0,0.0
10441,7.0,6.0,0.0,1.0,300.8,262.8,0.0,38.0
10450,7.0,1.0,0.0,6.0,1196.0,86.0,0.0,1110.0
10501,12.0,12.0,0.0,0.0,266.0,266.0,0.0,0.0
10502,12.0,11.0,1.0,0.0,66.0,55.0,11.0,0.0
10701,70.0,18.0,52.0,0.0,70.0,18.0,52.0,0.0
11000,1.0,0.0,0.0,1.0,11.5,0.0,0.0,11.5
11004,1.0,0.0,0.0,1.0,2.9,0.0,0.0,2.9
11005,1.0,1.0,0.0,0.0,24.5,24.5,0.0,0.0
11006,3.0,1.0,0.0,2.0,108.2,22.2,0.0,86.0
11011,10.0,6.0,3.0,1.0,92.5,54.0,18.6,19.9
11020,3.0,0.0,0.0,3.0,49.0,0.0,0.0,49.0
11022,6.0,3.0,2.0,1.0,64.7,31.3,16.4,17.0
11031,1.0,0.0,0.0,1.0,12.3,0.0,0.0,12.3
11034,1.0,1.0,0.0,0.0,10.9,10.9,0.0,0.0
11040,1.0,0.0,1.0,0.0,11.5,0.0,11.5,0.0
11041,6.0,0.0,3.0,3.0,107.0,0.0,50.199999999999996,56.8
11042,4.0,0.0,1.0,3.0,102.5,0.0,16.0,86.5
11043,2.0,0.0,1.0,1.0,41.0,0.0,18.0,23.0
11044,10.0,3.0,5.0,2.0,231.70000000000002,65.5,107.69999999999999,58.5
11046,4.0,2.0,1.0,1.0,12.3,6.4,2.7,3.2
11050,1.0,1.0,0.0,0.0,5.2,5.2,0.0,0.0
11051,1.0,0.0,1.0,0.0,12.3,0.0,12.3,0.0
11052,2.0,0.0,2.0,0.0,20.3,0.0,20.3,0.0
11054,6.0,2.0,1.0,3.0,137.29999999999998,43.8,21.9,71.6
11056,18.0,9.0,4.0,5.0,97.7,36.5,34.3,26.9
11057,11.0,1.0,4.0,6.0,507.1,10.0,81.3,415.8
11100,3.0,0.0,1.0,2.0,72.3,0.0,38.0,34.3
11101,1.0,0.0,0.0,1.0,5.8,0.0,0.0,5.8
11102,7.0,1.0,5.0,1.0,149.8,21.8,93.0,35.0
11103,4.0,1.0,1.0,2.0,44.2,7.5,4.0,32.7
11104,8.0,5.0,0.0,3.0,53.10000000000001,43.5,0.0,9.600000000000001
11105,1.0,0.0,1.0,0.0,25.8,0.0,25.8,0.0
11110,204.0,152.0,43.0,9.0,955.4999999999999,272.3,397.0,286.2
11111,2.0,1.0,0.0,1.0,50.0,25.0,0.0,25.0
11112,3.0,3.0,0.0,0.0,38.7,38.7,0.0,0.0
11115,5.0,0.0,0.0,5.0,24.0,0.0,0.0,24.0
11116,2.0,1.0,1.0,0.0,36.0,18.0,18.0,0.0
11121,2.0,0.0,2.0,0.0,13.0,0.0,13.0,0.0
11140,1.0,0.0,0.0,1.0,12.0,0.0,0.0,12.0
11141,7.0,1.0,0.0,6.0,116.10000000000001,12.0,0.0,104.10000000000001
11200,11.0,2.0,3.0,6.0,226.29999999999998,41.7,59.099999999999994,125.5
11201,1.0,0.0,0.0,1.0,29.9,0.0,0.0,29.9
11205,1.0,0.0,0.0,1.0,15.0,0.0,0.0,15.0
11210,1.0,1.0,0.0,0.0,18.7,18.7,0.0,0.0
11212,3.0,0.0,0.0,3.0,112.5,0.0,0.0,112.5
11220,14.0,1.0,8.0,5.0,100.30000000000001,4.3,63.300000000000004,32.699999999999996
11221,11.0,4.0,4.0,3.0,172.5,131.2,14.0,27.3
11222,7.0,1.0,4.0,2.0,66.8,6.8,46.39999999999999,13.6
11230,14.0,3.0,3.0,8.0,551.9999999999999,118.9,124.7,308.4
11231,6.0,2.0,1.0,3.0,239.4,108.7,12.9,117.80000000000001
11233,5.0,2.0,3.0,0.0,78.4,26.299999999999997,52.1,0.0
11235,1.0,0.0,1.0,0.0,6.5,0.0,6.5,0.0
11240,2.0,2.0,0.0,0.0,75.4,75.4,0.0,0.0
11241,7.0,2.0,0.0,5.0,524.9,148.0,0.0,376.9
11250,12.0,0.0,5.0,7.0,168.5,0.0,81.6,86.89999999999999
11300,58.0,25.0,15.0,18.0,622.5799999999997,247.6,130.40000000000003,244.58000000000007
11301,22.0,8.0,4.0,10.0,491.9000000000001,175.8,86.6,229.50000000000003
11302,11.0,4.0,1.0,6.0,107.0,29.0,14.8,63.199999999999996
11303,36.0,12.0,11.0,13.0,379.0999999999999,104.6,168.20000000000002,106.30000000000001
11304,9.0,4.0,0.0,5.0,81.09999999999998,35.4,0.0,45.7
11305,4.0,0.0,4.0,0.0,94.49999999999999,0.0,94.49999999999999,0.0
11311,3.0,1.0,1.0,1.0,187.5,118.0,11.5,58.0
11313,2.0,1.0,0.0,1.0,66.0,27.0,0.0,39.0
11400,3.0,2.0,1.0,0.0,78.69999999999999,41.8,36.9,0.0
11500,56.0,16.0,15.0,25.0,578.7999999999997,137.79999999999998,176.9,264.09999999999997
11501,32.0,5.0,11.0,16.0,371.8999999999999,77.8,148.10000000000002,146.00000000000003
11502,10.0,3.0,6.0,1.0,69.29999999999998,23.3,38.400000000000006,7.6
11503,2.0,0.0,0.0,2.0,41.0,0.0,0.0,41.0
11504,4.0,1.0,0.0,3.0,53.6,19.0,0.0,34.6
11506,2.0,1.0,1.0,0.0,62.599999999999994,32.8,29.8,0.0
11507,6.0,6.0,0.0,0.0,27.0,27.0,0.0,0.0
11511,11.0,5.0,4.0,2.0,669.0,196.0,279.0,194.0
11521,8.0,4.0,2.0,2.0,174.00000000000003,81.5,46.8,45.7
11522,8.0,0.0,4.0,4.0,201.20000000000002,0.0,81.6,119.6
11530,3.0,2.0,1.0,0.0,56.4,43.5,12.9,0.0
11531,18.0,4.0,3.0,11.0,240.00000000000006,57.699999999999996,34.7,147.60000000000002
11532,35.0,6.0,10.0,19.0,243.90000000000003,31.2,53.49999999999999,159.20000000000002
11533,38.0,20.0,8.0,10.0,109.97999999999996,51.699999999999996,26.48,31.800000000000004
11540,3.0,1.0,0.0,2.0,25.1,9.5,0.0,15.6
11543,1.0,1.0,0.0,0.0,25.0,25.0,0.0,0.0
14000,33.0,8.0,10.0,15.0,149.39999999999995,26.599999999999998,55.59999999999999,67.20000000000002
14001,2.0,1.0,1.0,0.0,22.8,15.0,7.8,0.0
14002,1.0,0.0,1.0,0.0,7.5,0.0,7.5,0.0
14010,21.0,7.0,7.0,7.0,108.8,31.700000000000003,50.3,26.8
14011,1.0,1.0,0.0,0.0,13.5,13.5,0.0,0.0
14012,2.0,0.0,2.0,0.0,7.6,0.0,7.6,0.0
14013,14.0,4.0,7.0,3.0,48.60000000000001,13.399999999999999,24.299999999999997,10.9
14014,5.0,0.0,2.0,3.0,53.19999999999999,0.0,32.8,20.4
14015,8.0,0.0,1.0,7.0,99.0,0.0,11.8,87.19999999999999
14020,5.0,1.0,1.0,3.0,34.5,6.9,6.9,20.700000000000003
14021,14.0,4.0,7.0,3.0,139.40000000000003,37.5,77.60000000000001,24.3
14022,6.0,3.0,3.0,0.0,92.4,46.2,46.2,0.0
14031,5.0,1.0,1.0,3.0,47.199999999999996,8.7,7.9,30.6
14032,8.0,1.0,6.0,1.0,75.80000000000001,8.7,61.2,5.9
14033,19.0,4.0,8.0,7.0,141.20000000000007,49.7,50.199999999999996,41.3
14034,12.0,1.0,8.0,3.0,109.40000000000003,8.7,83.00000000000001,17.700000000000003
14040,7.0,1.0,1.0,5.0,137.4,28.9,25.8,82.7
14041,1.0,0.0,1.0,0.0,4.9,0.0,4.9,0.0
14042,1.0,0.0,0.0,1.0,24.9,0.0,0.0,24.9
14043,8.0,3.0,1.0,4.0,135.8,48.9,20.5,66.4
14050,11.0,2.0,5.0,4.0,62.3,10.4,31.9,20.0
14051,3.0,1.0,1.0,1.0,16.5,5.5,5.5,5.5
14052,19.0,6.0,8.0,5.0,106.40000000000002,38.0,41.0,27.4
14054,20.0,3.0,8.0,9.0,122.3,13.5,52.6,56.2
14060,11.0,2.0,5.0,4.0,96.40000000000002,19.3,43.5,33.6
14061,1.0,0.0,0.0,1.0,21.9,0.0,0.0,21.9
14063,5.0,0.0,0.0,5.0,44.480000000000004,0.0,0.0,44.480000000000004
14064,3.0,1.0,1.0,1.0,33.8,16.8,8.5,8.5
14070,5.0,2.0,1.0,2.0,56.300000000000004,32.7,6.2,17.4
14071,2.0,0.0,0.0,2.0,9.4,0.0,0.0,9.4
14072,5.0,2.0,0.0,3.0,36.3,11.7,0.0,24.6
14073,15.0,4.0,5.0,6.0,197.70000000000005,58.4,55.10000000000001,84.2
14074,8.0,3.0,2.0,3.0,148.6,58.1,49.0,41.5
14075,6.0,1.0,2.0,3.0,59.49999999999999,12.9,22.4,24.200000000000003
14076,37.0,10.0,12.0,15.0,383.1,111.10000000000001,115.90000000000002,156.10000000000002
14077,4.0,3.0,0.0,1.0,40.599999999999994,30.799999999999997,0.0,9.8
14078,2.0,1.0,0.0,1.0,39.6,19.8,0.0,19.8
14079,5.0,2.0,3.0,0.0,91.30000000000001,43.6,47.7,0.0
14080,19.0,7.0,6.0,6.0,184.7,65.0,53.3,66.4
14081,8.0,3.0,2.0,3.0,115.10000000000002,51.0,17.4,46.699999999999996
14082,39.0,8.0,11.0,20.0,133.2,29.4,32.3,71.5
14083,6.0,0.0,4.0,2.0,22.8,0.0,15.2,7.6
14084,3.0,1.0,2.0,0.0,24.700000000000003,6.9,17.8,0.0
14090,41.0,10.0,22.0,9.0,338.6999999999998,91.10000000000002,179.50000000000003,68.1
14091,85.0,29.0,30.0,26.0,432.6,166.60000000000002,135.40000000000003,130.6
14092,109.0,33.0,34.0,42.0,617.5999999999996,207.40000000000006,170.30000000000004,239.90000000000003
14093,3.0,1.0,2.0,0.0,114.0,38.0,76.0,0.0
14094,2.0,1.0,1.0,0.0,11.8,7.9,3.9,0.0
14100,7.0,5.0,0.0,2.0,65.8,47.5,0.0,18.3
14101,12.0,4.0,1.0,7.0,74.2,21.8,9.9,42.5
14102,1.0,0.0,1.0,0.0,11.8,0.0,11.8,0.0
14103,1.0,0.0,1.0,0.0,8.8,0.0,8.8,0.0
14105,10.0,3.0,3.0,4.0,70.8,27.4,24.9,18.5
14107,3.0,3.0,0.0,0.0,8.0,8.0,0.0,0.0
14108,4.0,0.0,2.0,2.0,48.2,0.0,24.1,24.1
14110,1.0,0.0,1.0,0.0,24.8,0.0,24.8,0.0
14111,5.0,4.0,0.0,1.0,64.0,51.2,0.0,12.8
14112,16.0,6.0,6.0,4.0,172.3,68.89999999999999,56.2,47.2
14120,13.0,7.0,3.0,3.0,64.8,36.8,14.0,14.0
14121,26.0,9.0,9.0,8.0,371.6,123.70000000000002,136.6,111.30000000000001
14122,1.0,0.0,0.0,1.0,2.5,0.0,0.0,2.5
14130,23.0,9.0,10.0,4.0,189.38999999999993,77.2,78.29,33.9
14131,13.0,10.0,1.0,2.0,192.60000000000005,168.00000000000003,9.8,14.8
14132,19.0,11.0,1.0,7.0,748.8000000000001,314.2,10.0,424.6
14133,1.0,0.0,0.0,1.0,4.8,0.0,0.0,4.8
14140,8.0,4.0,1.0,3.0,82.60000000000001,35.0,11.9,35.7
14141,1.0,0.0,0.0,1.0,3.6,0.0,0.0,3.6
14142,6.0,3.0,1.0,2.0,67.7,55.099999999999994,4.2,8.4
14144,1.0,1.0,0.0,0.0,11.8,11.8,0.0,0.0
14145,2.0,2.0,0.0,0.0,33.0,33.0,0.0,0.0
14200,35.0,11.0,7.0,17.0,272.7,81.50000000000001,55.0,136.20000000000005
14202,2.0,0.0,2.0,0.0,25.0,0.0,25.0,0.0
14203,9.0,4.0,2.0,3.0,72.5,26.6,23.5,22.400000000000002
14205,2.0,0.0,0.0,2.0,10.9,0.0,0.0,10.9
14207,2.0,2.0,0.0,0.0,22.1,22.1,0.0,0.0
14208,1.0,0.0,1.0,0.0,28.5,0.0,28.5,0.0
14209,4.0,0.0,2.0,2.0,76.1,0.0,28.3,47.8
14211,1.0,1.0,0.0,0.0,17.5,17.5,0.0,0.0
14221,1.0,0.0,1.0,0.0,19.9,0.0,19.9,0.0
14222,16.0,2.0,6.0,8.0,141.79999999999998,16.7,55.89999999999999,69.2
14223,2.0,0.0,1.0,1.0,20.5,0.0,4.5,16.0
14231,4.0,1.0,2.0,1.0,21.4,5.5,10.4,5.5
14232,4.0,2.0,1.0,1.0,25.4,18.9,4.0,2.5
14234,1.0,0.0,1.0,0.0,3.9,0.0,3.9,0.0
14240,2.0,1.0,0.0,1.0,9.9,6.0,0.0,3.9
14241,19.0,4.0,9.0,6.0,80.39999999999999,23.599999999999998,33.099999999999994,23.7
14243,9.0,4.0,1.0,4.0,31.7,13.4,4.0,14.3
14250,15.0,7.0,4.0,4.0,180.89999999999998,54.1,66.6,60.2
14251,1.0,0.0,0.0,1.0,19.9,0.0,0.0,19.9
14252,4.0,3.0,1.0,0.0,87.6,63.8,23.8,0.0
14253,7.0,0.0,7.0,0.0,69.3,0.0,69.3,0.0
14255,1.0,0.0,0.0,1.0,15.9,0.0,0.0,15.9
14256,4.0,0.0,2.0,2.0,78.3,0.0,42.0,36.3
14257,1.0,0.0,1.0,0.0,26.0,0.0,26.0,0.0
14258,8.0,5.0,1.0,2.0,84.8,48.9,12.5,23.4
14260,3.0,3.0,0.0,0.0,17.9,17.9,0.0,0.0
14261,9.0,2.0,2.0,5.0,152.8,13.0,43.7,96.10000000000001
14270,1.0,0.0,0.0,1.0,3.2,0.0,0.0,3.2
14272,1.0,0.0,1.0,0.0,5.9,0.0,5.9,0.0
14275,29.0,10.0,5.0,14.0,272.3,104.99999999999999,59.0,108.29999999999998
14280,5.0,0.0,2.0,3.0,28.700000000000003,0.0,11.3,17.4
14281,7.0,1.0,5.0,1.0,44.9,5.5,32.5,6.9
14282,1.0,0.0,0.0,1.0,5.5,0.0,0.0,5.5
14284,7.0,1.0,5.0,1.0,40.3,3.9,21.5,14.9
14286,10.0,0.0,0.0,10.0,33.99999999999999,0.0,0.0,33.99999999999999
14300,39.0,8.0,7.0,24.0,497.9000000000001,125.99999999999999,93.8,278.1
14310,7.0,2.0,3.0,2.0,134.5,29.4,56.400000000000006,48.7
14352,1.0,1.0,0.0,0.0,29.9,29.9,0.0,0.0
14362,1.0,0.0,0.0,1.0,100.0,0.0,0.0,100.0
14400,0.847,0.0,0.847,0.0,35.84,0.0,35.84,0.0
14401,0.17,0.17,0.0,0.0,12.92,12.92,0.0,0.0
14402,2.5940000000000003,1.228,0.5660000000000001,0.8,61.47,28.88,16.75,15.84
14403,7.739999999999999,2.692,1.402,3.646000000000001,434.7,110.38999999999999,80.75,243.56
14404,0.492,0.492,0.0,0.0,30.669999999999998,30.669999999999998,0.0,0.0
14405,0.11800000000000001,0.0,0.11800000000000001,0.0,28.08,0.0,28.08,0.0
14406,2.7300000000000004,0.0,2.7300000000000004,0.0,65.7,0.0,65.7,0.0
14407,2.248,1.338,0.182,0.728,108.06,56.52000000000001,18.2,33.34
14409,1.504,0.594,0.35,0.56,82.50000000000001,31.23,23.759999999999998,27.509999999999998
14500,1.0,0.0,0.0,1.0,65.0,0.0,0.0,65.0
14503,1.0,1.0,0.0,0.0,17.8,17.8,0.0,0.0
14505,1.0,1.0,0.0,0.0,17.8,17.8,0.0,0.0
14506,4.0,1.0,2.0,1.0,85.6,32.0,23.8,29.8
14510,5.0,2.0,1.0,2.0,62.099999999999994,23.4,12.9,25.8
14513,3.0,1.0,2.0,0.0,18.5,9.5,9.0,0.0
14515,5.0,0.0,1.0,4.0,59.099999999999994,0.0,16.9,42.199999999999996
14520,4.0,3.0,1.0,0.0,73.2,56.400000000000006,16.8,0.0
14521,10.0,2.0,5.0,3.0,252.90000000000003,53.4,89.1,110.39999999999999
14525,3.0,1.0,2.0,0.0,38.98,5.0,33.98,0.0
14529,2.0,1.0,0.0,1.0,25.6,12.8,0.0,12.8
14530,11.0,4.0,3.0,4.0,311.0,124.6,63.699999999999996,122.7
14531,6.0,1.0,0.0,5.0,190.0,23.8,0.0,166.20000000000002
14533,3.0,1.0,0.0,2.0,55.699999999999996,22.9,0.0,32.8
14534,1.0,1.0,0.0,0.0,35.9,35.9,0.0,0.0
14540,1.0,1.0,0.0,0.0,31.6,31.6,0.0,0.0
14541,4.0,0.0,1.0,3.0,111.2,0.0,27.8,83.4
14551,2.0,0.0,0.0,2.0,37.0,0.0,0.0,37.0
14552,9.0,6.0,0.0,3.0,116.7,75.2,0.0,41.5
14560,7.0,2.0,3.0,2.0,76.60000000000001,36.1,23.0,17.5
14563,3.0,1.0,2.0,0.0,35.7,11.9,23.8,0.0
14570,5.0,2.0,1.0,2.0,199.4,94.8,27.8,76.80000000000001
14572,1.0,0.0,0.0,1.0,59.0,0.0,0.0,59.0
14573,4.0,1.0,1.0,2.0,60.599999999999994,16.8,10.2,33.6
14580,3.0,1.0,0.0,2.0,101.8,21.9,0.0,79.9
14581,3.0,3.0,0.0,0.0,117.0,117.0,0.0,0.0
14582,1.0,0.0,0.0,1.0,65.0,0.0,0.0,65.0
14583,1.0,1.0,0.0,0.0,36.0,36.0,0.0,0.0
14584,4.0,1.0,0.0,3.0,283.0,76.0,0.0,207.0
14585,3.0,1.0,1.0,1.0,80.5,28.8,28.8,22.9
14590,1.0,0.0,0.0,1.0,28.8,0.0,0.0,28.8
14593,11.0,8.0,0.0,3.0,83.49999999999999,66.1,0.0,17.4
14594,13.0,4.0,5.0,4.0,64.28999999999999,26.59,19.400000000000002,18.3
14596,9.0,5.0,3.0,1.0,80.0,47.5,23.0,9.5
14600,3.0,2.0,0.0,1.0,624.0,436.0,0.0,188.0
14630,5.0,0.0,3.0,2.0,64.5,0.0,38.8,25.700000000000003
14632,1.0,1.0,0.0,0.0,14.5,14.5,0.0,0.0
14633,3.0,0.0,1.0,2.0,16.8,0.0,5.8,11.0
14635,1.0,0.0,0.0,1.0,8.5,0.0,0.0,8.5
14636,8.0,5.0,2.0,1.0,29.5,18.5,7.0,4.0
14644,2.0,0.0,1.0,1.0,11.2,0.0,3.5,7.7
14650,3.0,0.0,3.0,0.0,37.5,0.0,37.5,0.0
14651,4.0,1.0,2.0,1.0,49.099999999999994,12.2,24.7,12.2
14652,1.0,0.0,0.0,1.0,20.0,0.0,0.0,20.0
14654,2.0,1.0,1.0,0.0,19.8,10.8,9.0,0.0
14661,3.0,2.0,0.0,1.0,44.400000000000006,29.6,0.0,14.8
14700,8.0,1.0,1.0,6.0,326.59999999999997,64.8,17.9,243.9
14701,4.0,1.0,2.0,1.0,181.39999999999998,47.9,93.69999999999999,39.8
14702,1.0,0.0,0.0,1.0,71.8,0.0,0.0,71.8
14703,1.0,1.0,0.0,0.0,25.9,25.9,0.0,0.0
14710,6.0,1.0,3.0,2.0,213.3,36.9,91.6,84.8
14713,1.0,0.0,1.0,0.0,31.9,0.0,31.9,0.0
14714,2.0,1.0,0.0,1.0,61.699999999999996,36.8,0.0,24.9
14715,1.0,0.0,1.0,0.0,36.8,0.0,36.8,0.0
14720,5.0,2.0,3.0,0.0,16.6,6.0,10.6,0.0
14721,50.0,19.0,14.0,17.0,719.6,263.9,165.70000000000002,290.0
14722,46.0,17.0,11.0,18.0,255.20000000000002,95.0,54.5,105.7
14723,2.0,1.0,0.0,1.0,2.5,1.5,0.0,1.0
14732,1.0,0.0,0.0,1.0,5.0,0.0,0.0,5.0
14733,5.0,1.0,2.0,2.0,30.0,6.0,12.0,12.0
14741,2.0,0.0,1.0,1.0,9.0,0.0,4.5,4.5
14750,55.0,20.0,11.0,24.0,522.1699999999996,188.39999999999998,112.90000000000002,220.87000000000006
14753,7.0,1.0,4.0,2.0,112.4,18.9,67.4,26.1
14754,13.0,5.0,1.0,7.0,192.8,64.1,15.8,112.9
14761,2.0,0.0,0.0,2.0,20.8,0.0,0.0,20.8
14763,2.0,1.0,1.0,0.0,38.8,18.9,19.9,0.0
14770,4.0,1.0,2.0,1.0,580.6,128.9,252.70000000000002,199.0
14772,4.0,1.0,2.0,1.0,206.5,59.9,109.8,36.8
14774,7.0,2.0,2.0,3.0,421.29999999999995,159.8,109.69999999999999,151.8
14775,1.0,0.0,0.0,1.0,33.9,0.0,0.0,33.9
14800,16.0,7.0,3.0,6.0,157.89000000000001,69.1,32.3,56.489999999999995
14801,8.0,1.0,3.0,4.0,71.49000000000001,7.8,27.0,36.69
14802,46.0,13.0,14.0,19.0,725.8999999999996,171.10000000000002,244.90000000000003,309.90000000000003
14803,1.0,0.0,1.0,0.0,18.9,0.0,18.9,0.0
14804,2.0,0.0,1.0,1.0,20.6,0.0,10.7,9.9
14810,3.0,3.0,0.0,0.0,17.5,17.5,0.0,0.0
14811,11.0,3.0,4.0,4.0,105.7,20.9,46.4,38.4
14812,15.0,6.0,3.0,6.0,154.05,58.85,22.0,73.20000000000002
14813,10.0,5.0,4.0,1.0,96.50000000000001,38.5,50.3,7.7
14814,7.0,3.0,2.0,2.0,43.3,18.4,11.4,13.5
14815,22.0,13.0,4.0,5.0,136.59999999999994,80.79999999999998,26.9,28.9
14816,1.0,1.0,0.0,0.0,10.7,10.7,0.0,0.0
14820,7.0,6.0,0.0,1.0,108.80000000000001,78.9,0.0,29.9
14821,1.0,1.0,0.0,0.0,15.5,15.5,0.0,0.0
14822,11.0,7.0,3.0,1.0,84.66000000000003,48.06000000000001,29.700000000000003,6.9
14823,2.0,1.0,1.0,0.0,23.4,13.5,9.9,0.0
14824,1.0,1.0,0.0,0.0,13.8,13.8,0.0,0.0
14826,5.0,3.0,0.0,2.0,41.9,30.9,0.0,11.0
14827,1.0,0.0,0.0,1.0,17.6,0.0,0.0,17.6
14828,1.0,0.0,0.0,1.0,16.2,0.0,0.0,16.2
14830,21.0,4.0,7.0,10.0,210.90000000000006,42.2,61.0,107.7
14831,27.0,6.0,8.0,13.0,274.8,100.60000000000001,67.3,106.9
14833,7.0,3.0,0.0,4.0,60.800000000000004,25.7,0.0,35.1
14834,6.0,0.0,0.0,6.0,17.4,0.0,0.0,17.4
14835,2.0,2.0,0.0,0.0,29.4,29.4,0.0,0.0
14836,10.0,2.0,4.0,4.0,105.5,11.9,44.1,49.5
14837,12.0,3.0,6.0,3.0,119.69999999999999,31.1,59.39999999999999,29.2
14838,1.0,0.0,0.0,1.0,6.6,0.0,0.0,6.6
14839,9.0,3.0,3.0,3.0,105.1,37.1,31.900000000000002,36.1
14840,4.0,3.0,1.0,0.0,13.0,9.0,4.0,0.0
14841,12.0,3.0,4.0,5.0,96.80000000000003,19.1,38.199999999999996,39.5
14842,18.0,11.0,2.0,5.0,147.00000000000003,87.10000000000001,22.3,37.6
14843,6.0,3.0,1.0,2.0,25.5,15.0,3.5,7.0
14844,13.0,5.0,3.0,5.0,96.19999999999999,32.599999999999994,19.4,44.2
14845,6.0,4.0,1.0,1.0,60.3,46.8,3.9,9.6
14846,8.0,2.0,4.0,2.0,51.4,18.8,16.200000000000003,16.4
14847,3.0,1.0,1.0,1.0,15.5,7.2,6.5,1.8
14850,2.0,0.0,1.0,1.0,19.8,0.0,9.9,9.9
14851,5.0,2.0,2.0,1.0,57.0,7.6,45.6,3.8
14860,76.0,31.0,14.0,31.0,197.60000000000016,77.8,40.2,79.59999999999998
14861,15.0,5.0,5.0,5.0,150.9,48.9,50.5,51.5
14862,2.0,0.0,0.0,2.0,18.5,0.0,0.0,18.5
14863,9.0,2.0,4.0,3.0,79.1,14.8,35.3,29.0
14870,7.0,2.0,2.0,3.0,48.4,17.2,14.3,16.9
14871,2.0,1.0,0.0,1.0,5.0,2.5,0.0,2.5
14872,3.0,2.0,0.0,1.0,7.5,5.0,0.0,2.5
14873,31.0,22.0,8.0,1.0,52.0,34.4,16.1,1.5
14874,1.0,0.0,1.0,0.0,7.2,0.0,7.2,0.0
14900,90.0,30.0,27.0,33.0,200.35000000000016,71.66999999999999,55.77999999999998,72.89999999999998
14901,7.0,5.0,2.0,0.0,14.0,10.0,4.0,0.0
14903,7.0,3.0,2.0,2.0,13.400000000000002,5.8,4.0,3.6
14905,10.0,3.0,3.0,4.0,22.8,7.0,6.0,9.8
14906,2.0,1.0,0.0,1.0,7.8,3.9,0.0,3.9
14911,2.0,1.0,0.0,1.0,15.98,7.99,0.0,7.99
14912,4.0,2.0,1.0,1.0,39.5,21.8,10.8,6.9
14914,4.0,1.0,0.0,3.0,36.5,11.0,0.0,25.5
14916,16.0,6.0,4.0,6.0,110.1,41.7,27.0,41.4
14917,9.0,3.0,3.0,3.0,76.60000000000001,27.7,20.5,28.4
14920,1.0,0.0,1.0,0.0,35.5,0.0,35.5,0.0
14922,1.0,0.0,1.0,0.0,38.8,0.0,38.8,0.0
14924,3.0,1.0,0.0,2.0,95.1,28.5,0.0,66.6
14926,1.0,0.0,1.0,0.0,19.8,0.0,19.8,0.0
14928,1.0,1.0,0.0,0.0,19.9,19.9,0.0,0.0
14931,1.0,1.0,0.0,0.0,6.8,6.8,0.0,0.0
14932,1.0,0.0,0.0,1.0,9.9,0.0,0.0,9.9
14940,1.0,0.0,0.0,1.0,34.9,0.0,0.0,34.9
14941,1.0,1.0,0.0,0.0,31.7,31.7,0.0,0.0
14943,2.0,0.0,1.0,1.0,177.9,0.0,79.9,98.0
14956,6.0,3.0,2.0,1.0,87.6,46.5,32.6,8.5
15000,41.0,15.0,16.0,10.0,569.68,191.10000000000005,232.68,145.9
15001,3.0,1.0,1.0,1.0,30.700000000000003,10.9,8.9,10.9
15002,3.0,2.0,0.0,1.0,60.6,44.7,0.0,15.9
15004,126.0,41.0,36.0,49.0,471.98999999999995,167.64000000000007,161.84,142.51
15005,1.0,0.0,1.0,0.0,29.9,0.0,29.9,0.0
15012,3.0,2.0,1.0,0.0,17.4,11.6,5.8,0.0
15019,4.0,4.0,0.0,0.0,67.2,67.2,0.0,0.0
15021,4.0,1.0,0.0,3.0,54.599999999999994,23.1,0.0,31.5
15022,1.0,0.0,1.0,0.0,6.0,0.0,6.0,0.0
15029,5.0,1.0,0.0,4.0,35.5,9.5,0.0,26.0
15100,2.0,0.0,2.0,0.0,99.6,0.0,99.6,0.0
15101,5.0,0.0,4.0,1.0,126.8,0.0,96.0,30.8
15102,1.0,1.0,0.0,0.0,32.9,32.9,0.0,0.0
15103,1.0,0.0,0.0,1.0,18.0,0.0,0.0,18.0
15104,16.0,5.0,4.0,7.0,296.6,83.6,69.4,143.6
15105,5.0,1.0,1.0,3.0,29.0,5.8,5.8,17.4
15110,1004.0,382.0,239.0,383.0,4062.040000000012,1227.4000000000003,1077.8499999999992,1756.7900000000018
15111,34.0,13.0,7.0,14.0,321.59999999999997,90.0,64.9,166.70000000000005
15112,9.0,3.0,6.0,0.0,80.1,26.700000000000003,53.400000000000006,0.0
15113,114.0,19.0,63.0,32.0,347.4999999999999,70.1,173.99999999999997,103.40000000000002
15114,1064.0,781.0,141.0,142.0,2546.119999999998,1674.7900000000002,367.9,503.43
15115,186.0,66.0,57.0,63.0,1593.4499999999996,578.5499999999998,412.4999999999997,602.4
15116,71.0,29.0,17.0,25.0,196.70000000000002,81.0,45.6,70.1
15119,266.0,87.0,50.0,129.0,520.0999999999997,177.8000000000001,102.0,240.3000000000001
15120,85.0,33.0,21.0,31.0,422.40000000000003,188.00000000000003,97.30000000000001,137.1
15121,7.0,3.0,0.0,4.0,99.5,36.0,0.0,63.5
15123,2.0,2.0,0.0,0.0,30.0,30.0,0.0,0.0
15130,222.0,70.0,73.0,79.0,1697.179999999999,573.16,484.3700000000001,639.65
15131,4.0,1.0,0.0,3.0,25.4,5.5,0.0,19.9
15139,12.0,4.0,4.0,4.0,105.39999999999999,33.8,36.5,35.1
15140,16.0,1.0,4.0,11.0,331.80000000000007,19.8,79.2,232.80000000000007
15149,17.0,3.0,9.0,5.0,250.00000000000006,33.2,151.4,65.4
15200,584.0,158.0,179.0,247.0,1507.3,398.19999999999993,476.8,632.3
15201,31.0,16.0,0.0,15.0,96.29999999999997,48.0,0.0,48.29999999999999
15202,432.0,136.0,187.0,109.0,2194.4,672.5,931.9000000000001,590.0
15209,11.0,6.0,1.0,4.0,171.00000000000006,99.00000000000001,16.8,55.2
15212,3.0,1.0,0.0,2.0,11.0,4.0,0.0,7.0
15219,3.0,1.0,2.0,0.0,9.2,4.0,5.2,0.0
15230,34.0,11.0,13.0,10.0,232.0,78.0,84.5,69.5
15231,69.0,20.0,24.0,25.0,343.5,108.5,120.0,115.0
15232,38.0,13.0,19.0,6.0,175.5,59.5,86.5,29.5
15235,34.0,14.0,14.0,6.0,85.0,35.0,35.0,15.0
15240,16.0,9.0,5.0,2.0,105.70000000000002,41.2,44.7,19.8
15241,2.0,1.0,0.0,1.0,20.2,8.2,0.0,12.0
15242,43.0,27.0,5.0,11.0,304.40000000000003,177.50000000000003,47.199999999999996,79.69999999999999
15243,3.0,2.0,1.0,0.0,34.0,32.0,2.0,0.0
15249,1.0,0.0,1.0,0.0,2.0,0.0,2.0,0.0
15250,6.0,2.0,1.0,3.0,137.8,33.0,32.9,71.9
15261,2.0,0.0,0.0,2.0,4.8,0.0,0.0,4.8
15262,6.0,0.0,6.0,0.0,21.599999999999998,0.0,21.599999999999998,0.0
15263,56.0,24.0,11.0,21.0,91.5,36.0,17.7,37.8
15319,1.0,0.0,1.0,0.0,13.8,0.0,13.8,0.0
15320,2.0,1.0,1.0,0.0,19.700000000000003,8.8,10.9,0.0
15321,1.0,0.0,1.0,0.0,11.8,0.0,11.8,0.0
15323,4.0,2.0,2.0,0.0,60.2,28.6,31.6,0.0
15330,2.0,0.0,0.0,2.0,25.6,0.0,0.0,25.6
15339,5.0,0.0,2.0,3.0,54.0,0.0,21.6,32.400000000000006
15340,1.0,0.0,1.0,0.0,29.9,0.0,29.9,0.0
15343,9.0,3.0,2.0,4.0,85.10000000000001,24.6,23.4,37.099999999999994
15401,3.0,0.0,1.0,2.0,85.39999999999999,0.0,22.8,62.599999999999994
15402,14.0,4.0,6.0,4.0,249.30000000000004,59.2,97.79999999999998,92.3
15404,2.0,0.0,2.0,0.0,67.9,0.0,67.9,0.0
15405,1.0,1.0,0.0,0.0,28.5,28.5,0.0,0.0
15409,1.0,0.0,0.0,1.0,18.0,0.0,0.0,18.0
15410,3.0,3.0,0.0,0.0,25.5,25.5,0.0,0.0
15419,4.0,2.0,1.0,1.0,40.6,9.8,4.9,25.9
15420,3.0,0.0,2.0,1.0,68.4,0.0,42.6,25.8
15422,4.0,1.0,2.0,1.0,115.3,15.8,64.69999999999999,34.8
15430,1.0,0.0,0.0,1.0,11.8,0.0,0.0,11.8
15433,4.0,1.0,0.0,3.0,41.2,4.4,0.0,36.8
15435,1.0,1.0,0.0,0.0,13.8,13.8,0.0,0.0
15440,27.0,8.0,19.0,0.0,408.00000000000017,121.49999999999999,286.5000000000001,0.0
15441,1.0,1.0,0.0,0.0,13.8,13.8,0.0,0.0
15442,4.0,1.0,3.0,0.0,66.4,19.8,46.6,0.0
15449,2.0,1.0,1.0,0.0,66.5,31.6,34.9,0.0
15450,1.0,0.0,0.0,1.0,36.8,0.0,0.0,36.8
15451,1.0,1.0,0.0,0.0,14.2,14.2,0.0,0.0
15459,8.0,2.0,6.0,0.0,235.5,59.8,175.70000000000002,0.0
15469,10.0,4.0,3.0,3.0,144.10000000000002,68.0,39.6,36.5
15500,8.0,0.0,8.0,0.0,8.0,0.0,8.0,0.0
15501,2.0,0.0,0.0,2.0,55.2,0.0,0.0,55.2
15502,38.0,7.0,8.0,23.0,344.80000000000007,73.3,95.49999999999999,176.0
15503,26.0,11.0,4.0,11.0,480.5,141.0,31.400000000000002,308.1
15603,1.0,1.0,0.0,0.0,76.0,76.0,0.0,0.0
15604,1.0,0.0,1.0,0.0,89.0,0.0,89.0,0.0
15605,17.0,4.0,5.0,8.0,983.6999999999999,245.0,329.0,409.69999999999993
20012,658.0,658.0,0.0,0.0,29.75,29.75,0.0,0.0
20014,2.316,0.0,1.474,0.842,50.019999999999996,0.0,31.83,18.189999999999998
20100,1.087,0.243,0.344,0.5,49.949999999999996,22.58,10.87,16.5
20101,4.111,1.111,0.0,3.0,6.5,2.0,0.0,4.5
20103,1.41,0.318,0.704,0.38799999999999996,20.8,8.14,8.16,4.5
20110,4.986000000000001,2.289,1.896,0.801,101.08999999999999,58.78999999999999,25.6,16.700000000000003
20121,3.524999999999999,2.1609999999999996,1.318,0.046,151.93,89.34,54.1,8.49
20130,0.133,0.009000000000000001,0.124,0.0,55.279999999999994,52.8,2.48,0.0
21000,0.8130000000000001,0.812,0.001,0.0,44.46,25.66,18.8,0.0
21001,3.4459999999999997,3.4459999999999997,0.0,0.0,38.62,38.62,0.0,0.0
21011,6.572,2.238,3.366,0.968,224.92999999999998,90.54,101.3,33.09
21012,2.04,0.392,0.484,1.164,82.31,8.47,28.85,44.989999999999995
21021,27.574000000000005,10.65,8.46,8.464,597.6300000000001,211.58999999999997,208.51,177.53
21110,0.978,0.68,0.0,0.298,54.550000000000004,39.17,0.0,15.38
21120,0.24200000000000002,0.0,0.10400000000000001,0.138,15.8,0.0,6.2,9.6
21200,3.96,2.012,0.7559999999999999,1.192,61.489999999999995,41.91,5.75,13.83
21400,0.954,0.392,0.292,0.27,23.400000000000002,10.3,3.97,9.13
21700,1.34,0.818,0.278,0.244,79.78999999999999,54.65,7.67,17.47
21801,7.991000000000002,1.26,5.032000000000002,1.6989999999999998,519.0799999999999,100.08999999999999,235.64000000000001,183.34999999999997
21812,0.306,0.0,0.0,0.306,35.5,0.0,0.0,35.5
22000,23.089000000000002,7.497,8.874,6.718,248.21,71.56,100.98,75.66999999999999
22001,29.678000000000008,21.182000000000006,2.0060000000000002,6.49,213.01,129.5,26.4,57.11
22002,57.76099999999998,6.668,35.518,15.575000000000001,451.34000000000003,73.96,246.80000000000004,130.58
22003,3.0380000000000003,0.0,0.484,2.5540000000000003,36.29,0.0,5.69,30.6
22004,3.901,1.898,2.003,0.0,124.77,82.7,42.06999999999999,0.0
22005,10.789,3.026,6.3020000000000005,1.4609999999999999,106.80000000000001,22.7,47.769999999999996,36.33
22007,14.343000000000004,2.819,1.715,9.809000000000001,211.67000000000004,34.38,28.26,149.03
22008,88.24799999999995,59.62699999999998,19.134999999999998,9.486,2103.01,1329.8999999999999,477.68,295.43
22010,1.9489999999999998,0.0,0.345,1.6039999999999999,52.870000000000005,0.0,11.81,41.06
22013,0.964,0.0,0.522,0.442,23.79,0.0,13.36,10.43
22020,204.36199999999997,60.21800000000001,126.82799999999999,17.316000000000003,476.18,229.98999999999998,163.28,82.91
22021,72.647,57.785999999999994,7.069999999999999,7.791,592.9799999999999,499.02000000000004,39.38,54.58
22030,47.619,3.782,5.252,38.585,795.1199999999999,119.58999999999999,101.14,574.39
22032,0.014,0.0,0.006,0.008,42.0,0.0,18.0,24.0
22034,29.759999999999994,22.307999999999996,1.8840000000000001,5.568,475.7,320.85999999999996,43.52,111.32
22035,34.139,2.2359999999999998,27.897000000000002,4.006,646.2299999999999,50.989999999999995,515.5,79.74
22036,101.523,43.144000000000005,28.081000000000003,30.298000000000002,596.0499999999998,217.47999999999996,189.15,189.42000000000002
22040,6.437999999999999,3.173,0.001,3.264,155.31,86.18,15.8,53.33
22041,0.696,0.0,0.696,0.0,13.91,0.0,13.91,0.0
22042,2.2880000000000003,0.0,0.0,2.2880000000000003,45.72,0.0,0.0,45.72
22071,0.003,0.0,0.003,0.0,32.6,0.0,32.6,0.0
22100,34.899,11.778,13.859999999999998,9.261,147.64000000000004,68.66,46.79999999999999,32.18
22101,22.983999999999995,8.574,9.38,5.030000000000001,75.79999999999998,32.34,30.43,13.030000000000001
22102,179.28799999999993,68.702,76.5,34.086,488.50000000000006,202.08999999999997,177.95000000000005,108.46
22103,88.46800000000002,22.609999999999996,40.288000000000004,25.570000000000004,218.43,81.17999999999999,68.61,68.63999999999999
22110,5.41,1.032,0.0,4.378,35.31,7.76,0.0,27.550000000000004
22111,80.44800000000004,24.10200000000001,36.178000000000004,20.168000000000006,292.75000000000017,113.22,107.5,72.03
22120,2.694,2.02,0.292,0.382,31.520000000000003,24.590000000000003,3.03,3.9
22130,14.549999999999995,6.196000000000001,3.8919999999999995,4.461999999999999,54.529999999999994,9.61,16.25,28.669999999999998
22132,1.5599999999999998,0.596,0.496,0.468,11.29,3.21,3.77,4.3100000000000005
22160,2.056,0.0,0.0,2.056,16.450000000000003,0.0,0.0,16.450000000000003
22170,7.456,2.994,2.4880000000000004,1.9740000000000002,64.80000000000001,35.21,18.259999999999998,11.33
22171,5.084000000000001,1.2520000000000002,2.192,1.64,43.11000000000001,13.55,14.690000000000001,14.870000000000001
22172,18.057000000000002,8.985999999999999,7.177,1.894,72.14999999999999,46.9,18.07,7.180000000000001
22180,0.766,0.0,0.33,0.436,2.7800000000000002,0.0,1.04,1.74
22190,0.829,0.21400000000000002,0.428,0.187,50.91,20.16,13.78,16.97
22500,65.26400000000002,26.886999999999997,28.234,10.142999999999999,575.88,227.95999999999998,210.00000000000003,137.92000000000002
22501,0.742,0.62,0.0,0.122,13.099999999999998,11.149999999999999,0.0,1.95
22503,0.7,0.7,0.0,0.0,35.0,35.0,0.0,0.0
22511,392.86199999999997,392.44,0.42200000000000004,0.0,29.279999999999998,21.009999999999998,8.27,0.0
22600,105.52600000000001,43.208000000000006,37.38400000000001,24.933999999999997,677.12,272.68,240.76999999999998,163.67000000000002
22601,38.821999999999996,12.926000000000002,10.553999999999998,15.342000000000002,264.75,79.33,71.75999999999999,113.65999999999998
22602,0.4320000000000001,0.0,0.0,0.4320000000000001,4.91,0.0,0.0,4.91
22603,20.434,9.786,7.36,3.2880000000000003,158.54999999999995,73.11999999999999,60.23,25.2
22604,9.39,2.612,3.2699999999999996,3.5079999999999996,143.07999999999998,37.25,52.260000000000005,53.56999999999999
22610,9.721999999999998,3.226,1.9900000000000002,4.506,136.53999999999996,63.24,15.23,58.07
22620,0.826,0.0,0.0,0.826,5.91,0.0,0.0,5.91
22621,2.484,0.386,0.964,1.134,17.6,3.0,6.71,7.89
22622,1.4500000000000002,0.0,0.0,1.4500000000000002,13.280000000000001,0.0,0.0,13.280000000000001
22630,25.202000000000005,6.518000000000001,8.16,10.524000000000003,362.94999999999993,102.59,120.96000000000001,139.4
22631,5.76,3.89,1.284,0.5860000000000001,86.70999999999998,53.47,22.71,10.530000000000001
22671,25.130999999999997,7.367000000000001,3.258,14.506,401.7999999999999,122.0,54.17,225.63
22700,0.45899999999999996,0.001,0.0,0.45799999999999996,20.520000000000003,8.8,0.0,11.72
22701,10.277999999999999,1.134,2.662,6.482,215.49000000000004,32.1,52.379999999999995,131.01000000000002
22702,6.642000000000001,3.8760000000000003,1.03,1.736,212.22000000000003,93.68,28.96,89.58
22713,0.204,0.204,0.0,0.0,24.44,24.44,0.0,0.0
22800,9.292,2.722,0.9620000000000001,5.608,98.10999999999999,27.169999999999998,9.6,61.34
22801,1.8679999999999999,0.3,0.0,1.5679999999999998,18.64,2.99,0.0,15.649999999999999
22802,6.982,3.492,1.346,2.144,69.67,34.85,13.43,21.39
22820,0.06,0.06,0.0,0.0,10.56,10.56,0.0,0.0
22821,0.486,0.486,0.0,0.0,9.530000000000001,9.530000000000001,0.0,0.0
22830,1.3159999999999998,0.742,0.332,0.242,140.5,77.23,37.45,25.82
22840,1.382,0.0,0.0,1.382,52.33,0.0,0.0,52.33
22850,1.54,1.54,0.0,0.0,11.04,11.04,0.0,0.0
22851,1.076,0.5640000000000001,0.0,0.512,12.43,6.26,0.0,6.17
22852,0.506,0.0,0.0,0.506,8.4,0.0,0.0,8.4
22860,4.007,4.0,0.006999999999999999,0.0,11.5,10.0,1.5,0.0
22870,0.08800000000000001,0.08800000000000001,0.0,0.0,34.32,34.32,0.0,0.0
22900,0.20400000000000001,0.20400000000000001,0.0,0.0,6.52,6.52,0.0,0.0
22901,0.248,0.18,0.068,0.0,12.799999999999999,9.29,3.51,0.0
22902,0.32399999999999995,0.0,0.0,0.32399999999999995,38.82,0.0,0.0,38.82
23110,3986.9530000000013,1818.3529999999998,1121.946,1046.6539999999998,3492.939999999999,1280.1399999999996,1096.87,1115.93
23112,12.482,4.482,4.0,4.0,100.23,46.230000000000004,28.0,26.0
23113,53.0,11.0,14.0,28.0,588.4,122.8,163.0,302.6
23120,18.421999999999997,2.918,10.178,5.3260000000000005,550.61,109.71,263.26,177.64000000000001
23121,4.973999999999999,1.7799999999999998,2.194,1.0,124.68,66.93,45.75,12.0
23130,2.0,0.0,0.0,2.0,24.0,0.0,0.0,24.0
23131,0.04300000000000003,0.014000000000000005,0.02000000000000001,0.009000000000000001,344.0,112.0,160.0,72.0
23132,31.585000000000026,12.337999999999997,8.394000000000002,10.853000000000005,818.1900000000002,344.42999999999995,229.13000000000002,244.63
23134,5.696000000000002,0.35500000000000004,2.5519999999999996,2.788999999999999,420.63999999999993,146.5,137.03,137.10999999999999
23135,2.0,0.0,1.0,1.0,24.0,0.0,12.0,12.0
23141,23.0,1.0,1.0,21.0,67.0,9.8,9.8,47.400000000000006
23142,23.45,0.0,23.0,0.4500000000000001,155.35,0.0,23.0,132.35
24000,16.933000000000003,5.384,1.092,10.456999999999999,1851.27,553.42,143.71,1154.14
24010,68.704,17.229999999999997,27.794,23.68,3089.6200000000003,810.4499999999998,1258.9,1020.2700000000002
24011,28.900000000000002,11.616,7.892,9.392,1432.88,563.36,420.81000000000006,448.7100000000001
24012,3.224,2.0,0.6679999999999999,0.556,164.44,114.59,26.72,23.13
24030,3.4640000000000004,0.268,0.0,3.1960000000000006,295.0,24.55,0.0,270.45
24100,8.762,2.264,3.56,2.938,202.89,48.800000000000004,76.31,77.78
24101,30.892000000000003,10.473999999999998,9.548000000000002,10.87,752.24,261.62,213.76000000000002,276.85999999999996
24102,4.31,2.706,0.87,0.734,107.99,68.3,20.53,19.16
24110,1.5,1.5,0.0,0.0,14.97,14.97,0.0,0.0
24111,2.664,0.9640000000000001,0.868,0.8320000000000001,28.78,11.83,8.65,8.3
24112,1.4299999999999997,1.4299999999999997,0.0,0.0,27.1,27.1,0.0,0.0
24220,0.606,0.278,0.32799999999999996,0.0,20.36,9.34,11.02,0.0
24400,0.43799999999999994,0.43799999999999994,0.0,0.0,22.6,22.6,0.0,0.0
24401,1.142,0.668,0.33199999999999996,0.142,135.87,79.19,39.7,16.98
24403,1.78,0.898,0.6,0.282,75.12,42.74,18.96,13.42
25005,3.016,1.508,0.0,1.508,6.0,3.0,0.0,3.0
25012,2.262,0.6280000000000001,1.228,0.406,45.239999999999995,12.559999999999999,24.560000000000002,8.12
25100,2.7809999999999997,1.146,0.309,1.3259999999999998,96.72999999999999,29.349999999999998,15.68,51.699999999999996
25101,144.784,51.053999999999995,41.448,52.282,571.35,203.71000000000004,158.39999999999998,209.24
25110,4.5,0.0,2.5,2.0,7.5,0.0,2.5,5.0
25111,169.0,53.0,62.0,54.0,253.0,88.2,88.8,76.0
25112,1.542,0.386,1.1560000000000001,0.0,30.940000000000005,8.280000000000001,22.66,0.0
25120,406.6079999999999,103.19400000000003,135.047,168.367,547.7000000000002,156.70000000000002,143.99999999999997,247.00000000000026
25121,23.286000000000005,15.368,5.5,2.418,42.69,25.5,7.5,9.690000000000001
25130,3.128,1.686,0.624,0.8180000000000001,42.45,22.950000000000003,8.21,11.29
25150,4.184,2.092,2.092,0.0,27.2,13.6,13.6,0.0
25405,2.7119999999999997,0.0,1.1219999999999999,1.59,29.84,0.0,12.34,17.5
27000,25337.036999999997,6439.984999999998,8517.153999999999,10379.898000000001,3861.93,1191.97,1066.2300000000002,1603.7300000000007
27002,349.8059999999999,155.41,177.03400000000002,17.362,2719.4799999999996,727.5599999999997,957.35,1034.5700000000002
27030,0.311,0.308,0.003,0.0,45.730000000000004,7.33,38.400000000000006,0.0
27100,18.624,5.646,5.7379999999999995,7.240000000000001,388.71000000000004,110.27,142.91,135.53
27200,222.88800000000043,215.77700000000016,0.05100000000000002,7.06000000000001,862.21,287.65999999999997,278.09,296.46
27201,14.0,0.0,14.0,0.0,14.0,0.0,14.0,0.0
27210,3.935,0.0,1.574,2.361,74.0,0.0,29.6,44.400000000000006
27240,6112.0,4530.0,530.0,1052.0,46.449999999999996,34.419999999999995,4.03,8.0
27300,309.355,108.78599999999997,93.61400000000003,106.95499999999998,550.6500000000003,193.94000000000008,175.64,181.07
27400,1838.0619999999994,1655.972,4.193999999999999,177.896,1046.3399999999997,485.6000000000001,300.32,260.42
27410,856.2219999999988,214.55200000000005,126.52600000000002,515.1439999999999,1771.3299999999997,749.74,453.18,568.41
30000,10.0,6.0,2.0,2.0,75.0,35.4,19.8,19.8
30001,2.0,0.0,2.0,0.0,7.8,0.0,7.8,0.0
30005,1.0,1.0,0.0,0.0,25.9,25.9,0.0,0.0
30010,6.0,2.0,0.0,4.0,38.4,9.8,0.0,28.6
30011,7.0,1.0,4.0,2.0,167.48,9.99,77.68999999999998,79.8
30012,1.0,0.0,1.0,0.0,9.9,0.0,9.9,0.0
30014,1.0,0.0,0.0,1.0,9.9,0.0,0.0,9.9
30020,2.0,0.0,0.0,2.0,49.8,0.0,0.0,49.8
30030,1.0,0.0,1.0,0.0,29.9,0.0,29.9,0.0
30050,1.0,1.0,0.0,0.0,49.9,49.9,0.0,0.0
30102,1.0,0.0,1.0,0.0,31.9,0.0,31.9,0.0
30103,1.0,0.0,1.0,0.0,12.9,0.0,12.9,0.0
30124,2.0,2.0,0.0,0.0,44.0,44.0,0.0,0.0
30133,2.0,0.0,0.0,2.0,23.8,0.0,0.0,23.8
30141,3.0,0.0,1.0,2.0,47.7,0.0,15.9,31.8
30161,3.0,2.0,1.0,0.0,18.0,11.100000000000001,6.9,0.0
30162,1.0,1.0,0.0,0.0,35.0,35.0,0.0,0.0
30164,1.0,1.0,0.0,0.0,9.7,9.7,0.0,0.0
30165,7.0,2.0,5.0,0.0,40.9,10.0,30.9,0.0
30166,3.0,0.0,3.0,0.0,41.7,0.0,41.7,0.0
30167,2.0,0.0,2.0,0.0,31.5,0.0,31.5,0.0
30168,2.0,1.0,1.0,0.0,59.8,29.9,29.9,0.0
30170,1.0,0.0,1.0,0.0,14.9,0.0,14.9,0.0
30171,2.0,1.0,0.0,1.0,15.8,9.9,0.0,5.9
30175,3.0,0.0,2.0,1.0,32.0,0.0,20.0,12.0
30231,1.0,1.0,0.0,0.0,356.0,356.0,0.0,0.0
30241,1.0,1.0,0.0,0.0,42.5,42.5,0.0,0.0
30300,1.0,1.0,0.0,0.0,29.9,29.9,0.0,0.0
30302,1.0,0.0,1.0,0.0,49.0,0.0,49.0,0.0
30304,5.0,0.0,2.0,3.0,70.5,0.0,31.8,38.7
30308,1.0,0.0,1.0,0.0,69.0,0.0,69.0,0.0
30313,2.0,2.0,0.0,0.0,79.8,79.8,0.0,0.0
30320,5.0,1.0,0.0,4.0,46.8,6.6,0.0,40.199999999999996
30321,11.0,2.0,4.0,5.0,119.3,21.0,40.8,57.5
30323,5.0,0.0,2.0,3.0,59.5,0.0,23.8,35.7
30330,2.0,1.0,1.0,0.0,13.8,8.9,4.9,0.0
30331,1.0,0.0,0.0,1.0,7.9,0.0,0.0,7.9
30332,4.0,4.0,0.0,0.0,93.39999999999999,93.39999999999999,0.0,0.0
30334,1.0,0.0,1.0,0.0,19.9,0.0,19.9,0.0
30335,7.0,2.0,3.0,2.0,257.20000000000005,105.9,125.4,25.9
30336,1.0,0.0,1.0,0.0,9.9,0.0,9.9,0.0
30338,4.0,1.0,1.0,2.0,61.8,5.0,29.9,26.9
30340,1.0,1.0,0.0,0.0,17.9,17.9,0.0,0.0
30346,1.0,1.0,0.0,0.0,29.9,29.9,0.0,0.0
30348,5.0,1.0,2.0,2.0,82.60000000000001,25.0,39.8,17.8
30350,4.0,4.0,0.0,0.0,138.4,138.4,0.0,0.0
30351,3.0,1.0,1.0,1.0,39.7,12.9,12.9,13.9
30356,1.0,0.0,0.0,1.0,22.9,0.0,0.0,22.9
30360,1.0,1.0,0.0,0.0,79.0,79.0,0.0,0.0
30364,3.0,0.0,2.0,1.0,29.700000000000003,0.0,19.8,9.9
30365,8.0,3.0,0.0,5.0,123.20000000000002,62.699999999999996,0.0,60.5
30380,529.0,184.0,157.0,188.0,121.80000000000005,41.699999999999896,35.799999999999955,44.300000000000104
30421,2.0,1.0,1.0,0.0,21.9,9.9,12.0,0.0
30445,1.0,1.0,0.0,0.0,15.8,15.8,0.0,0.0
30446,3.0,0.0,3.0,0.0,29.700000000000003,0.0,29.700000000000003,0.0
30447,2.0,1.0,0.0,1.0,11.3,5.5,0.0,5.8
30448,7.0,1.0,3.0,3.0,79.3,7.9,36.699999999999996,34.699999999999996
30451,1.0,0.0,0.0,1.0,24.9,0.0,0.0,24.9
30500,4.0,1.0,2.0,1.0,181.70000000000002,39.9,101.9,39.9
30503,2.0,1.0,1.0,0.0,61.7,42.9,18.8,0.0
30504,3.0,1.0,1.0,1.0,42.400000000000006,13.8,13.8,14.8
30507,1.0,1.0,0.0,0.0,9.9,9.9,0.0,0.0
30510,3.0,1.0,2.0,0.0,27.700000000000003,7.9,19.8,0.0
30511,1.0,0.0,1.0,0.0,14.9,0.0,14.9,0.0
30512,4.0,1.0,1.0,2.0,41.4,11.9,10.9,18.6
30514,4.0,2.0,2.0,0.0,22.400000000000002,9.7,12.7,0.0
30515,2.0,0.0,0.0,2.0,11.2,0.0,0.0,11.2
30521,1.0,1.0,0.0,0.0,8.9,8.9,0.0,0.0
30522,3.0,0.0,0.0,3.0,46.3,0.0,0.0,46.3
30530,2.0,1.0,1.0,0.0,13.8,6.9,6.9,0.0
30531,1.0,1.0,0.0,0.0,29.9,29.9,0.0,0.0
30533,1.0,1.0,0.0,0.0,14.9,14.9,0.0,0.0
30534,1.0,0.0,0.0,1.0,8.9,0.0,0.0,8.9
30541,3.0,3.0,0.0,0.0,35.7,35.7,0.0,0.0
30600,2.0,0.0,1.0,1.0,42.8,0.0,25.9,16.9
30604,1.0,0.0,1.0,0.0,29.9,0.0,29.9,0.0
30611,1.0,0.0,1.0,0.0,129.0,0.0,129.0,0.0
30612,1.0,0.0,1.0,0.0,35.0,0.0,35.0,0.0
30634,5.0,3.0,2.0,0.0,32.6,20.8,11.8,0.0
30643,2.0,0.0,0.0,2.0,7.8,0.0,0.0,7.8
30701,4.0,2.0,1.0,1.0,55.6,21.8,16.9,16.9
30707,1.0,1.0,0.0,0.0,12.9,12.9,0.0,0.0
30710,6.0,1.0,3.0,2.0,37.99999999999999,4.9,18.299999999999997,14.8
30723,1.0,0.0,1.0,0.0,4.9,0.0,4.9,0.0
30800,1.0,1.0,0.0,0.0,9.5,9.5,0.0,0.0
30803,1.0,0.0,1.0,0.0,13.9,0.0,13.9,0.0
30804,1.0,0.0,1.0,0.0,16.8,0.0,16.8,0.0
30810,3.0,1.0,1.0,1.0,51.8,14.9,3.0,33.9
30816,1.0,0.0,0.0,1.0,6.6,0.0,0.0,6.6
30820,3.0,1.0,0.0,2.0,21.700000000000003,3.9,0.0,17.8
30821,5.0,1.0,1.0,3.0,35.6,8.0,6.9,20.700000000000003
30822,3.0,2.0,1.0,0.0,47.699999999999996,33.8,13.9,0.0
30825,1.0,0.0,0.0,1.0,19.8,0.0,0.0,19.8
30832,1.0,1.0,0.0,0.0,11.0,11.0,0.0,0.0
30903,2.0,1.0,1.0,0.0,77.9,38.0,39.9,0.0
31001,5.0,1.0,2.0,2.0,35.9,5.6,17.8,12.5
31002,1.0,0.0,0.0,1.0,10.9,0.0,0.0,10.9
31003,6.0,2.0,0.0,4.0,89.5,15.4,0.0,74.10000000000001
31004,6.0,0.0,5.0,1.0,15.9,0.0,6.0,9.9
31011,1.0,0.0,0.0,1.0,50.9,0.0,0.0,50.9
31014,1.0,0.0,1.0,0.0,5.9,0.0,5.9,0.0
31015,2.0,1.0,1.0,0.0,15.8,9.9,5.9,0.0
31017,2.0,0.0,2.0,0.0,29.9,0.0,29.9,0.0
31020,1.0,0.0,1.0,0.0,2.9,0.0,2.9,0.0
31021,2.0,0.0,0.0,2.0,7.4,0.0,0.0,7.4
31023,2.0,1.0,0.0,1.0,27.799999999999997,19.9,0.0,7.9
31024,2.0,0.0,0.0,2.0,84.6,0.0,0.0,84.6
31029,3.0,3.0,0.0,0.0,12.9,12.9,0.0,0.0
31042,7.0,3.0,0.0,4.0,20.7,11.2,0.0,9.5
31043,1.0,0.0,0.0,1.0,4.0,0.0,0.0,4.0
31045,1.0,1.0,0.0,0.0,9.5,9.5,0.0,0.0
31101,1.0,1.0,0.0,0.0,8.9,8.9,0.0,0.0
31115,1.0,1.0,0.0,0.0,9.9,9.9,0.0,0.0
31133,2.0,1.0,0.0,1.0,15.4,8.9,0.0,6.5
31134,1.0,1.0,0.0,0.0,25.0,25.0,0.0,0.0
32030,4.0,1.0,0.0,3.0,167.1,49.9,0.0,117.19999999999999
32043,1.0,0.0,0.0,1.0,29.0,0.0,0.0,29.0
32110,3.0,0.0,0.0,3.0,11.97,0.0,0.0,11.97
32214,1.0,0.0,0.0,1.0,58.0,0.0,0.0,58.0
32301,1.0,0.0,1.0,0.0,55.0,0.0,55.0,0.0
32315,2.0,1.0,1.0,0.0,105.9,66.0,39.9,0.0
32316,2.0,2.0,0.0,0.0,40.0,40.0,0.0,0.0
32322,2.0,1.0,0.0,1.0,188.0,94.0,0.0,94.0
32323,1.0,0.0,1.0,0.0,29.0,0.0,29.0,0.0
32324,1.0,0.0,0.0,1.0,37.0,0.0,0.0,37.0
32325,2.0,0.0,1.0,1.0,111.9,0.0,62.0,49.9
32361,1.0,1.0,0.0,0.0,15.0,15.0,0.0,0.0
32403,5.0,2.0,1.0,2.0,44.0,23.0,2.0,19.0
32416,10.0,3.0,2.0,5.0,174.4,69.6,28.6,76.2
32628,3.0,3.0,0.0,0.0,30.0,30.0,0.0,0.0
32823,1.0,0.0,0.0,1.0,6.0,0.0,0.0,6.0
33003,1.0,1.0,0.0,0.0,159.0,159.0,0.0,0.0
33004,1.0,0.0,0.0,1.0,299.0,0.0,0.0,299.0
33006,1.0,0.0,1.0,0.0,338.0,0.0,338.0,0.0
33011,1.0,1.0,0.0,0.0,799.0,799.0,0.0,0.0
33016,2.0,0.0,1.0,1.0,358.0,0.0,159.0,199.0
33026,4.0,0.0,4.0,0.0,113.0,0.0,113.0,0.0
33053,1.0,1.0,0.0,0.0,129.0,129.0,0.0,0.0
33060,12.0,4.0,4.0,4.0,137.4,45.199999999999996,46.199999999999996,45.99999999999999
34020,1.0,1.0,0.0,0.0,24.9,24.9,0.0,0.0
34023,3.0,0.0,2.0,1.0,34.8,0.0,19.8,15.0
34030,2.0,1.0,1.0,0.0,68.9,49.0,19.9,0.0
34100,1.0,0.0,1.0,0.0,55.9,0.0,55.9,0.0
34101,7.0,3.0,3.0,1.0,401.29999999999995,165.7,169.70000000000002,65.9
34104,3.0,0.0,0.0,3.0,119.69999999999999,0.0,0.0,119.69999999999999
34106,1.0,1.0,0.0,0.0,49.9,49.9,0.0,0.0
34110,1.0,0.0,1.0,0.0,59.9,0.0,59.9,0.0
34120,1.0,0.0,0.0,1.0,38.9,0.0,0.0,38.9
34121,4.0,1.0,2.0,1.0,154.6,32.9,71.8,49.9
34150,2.0,0.0,2.0,0.0,65.8,0.0,65.8,0.0
34152,1.0,1.0,0.0,0.0,29.0,29.0,0.0,0.0
34200,1.0,0.0,1.0,0.0,19.9,0.0,19.9,0.0
34203,1.0,1.0,0.0,0.0,17.9,17.9,0.0,0.0
34204,3.0,0.0,2.0,1.0,41.7,0.0,25.8,15.9
34207,1.0,1.0,0.0,0.0,17.9,17.9,0.0,0.0
34210,1.0,1.0,0.0,0.0,29.9,29.9,0.0,0.0
34212,4.0,3.0,1.0,0.0,47.6,34.7,12.9,0.0
34213,3.0,0.0,1.0,2.0,44.7,0.0,14.9,29.8
34220,11.0,8.0,3.0,0.0,131.9,87.2,44.7,0.0
34222,1.0,1.0,0.0,0.0,8.9,8.9,0.0,0.0
34225,19.0,12.0,3.0,4.0,628.1999999999998,420.8999999999999,93.69999999999999,113.6
34226,2.0,2.0,0.0,0.0,24.8,24.8,0.0,0.0
34240,3.0,0.0,2.0,1.0,23.700000000000003,0.0,15.8,7.9
34241,2.0,2.0,0.0,0.0,19.8,19.8,0.0,0.0
34304,9.0,4.0,0.0,5.0,125.0,100.0,0.0,25.0
34350,1.0,1.0,0.0,0.0,39.9,39.9,0.0,0.0
34356,1.0,0.0,0.0,1.0,89.0,0.0,0.0,89.0
34363,7.0,3.0,0.0,4.0,209.3,89.69999999999999,0.0,119.6
34511,1.0,0.0,1.0,0.0,14.9,0.0,14.9,0.0
34513,2.0,1.0,0.0,1.0,63.8,39.9,0.0,23.9
34514,1.0,0.0,0.0,1.0,88.0,0.0,0.0,88.0
34617,1.0,0.0,1.0,0.0,9.9,0.0,9.9,0.0
34621,2.0,0.0,1.0,1.0,78.0,0.0,49.0,29.0
34641,1.0,1.0,0.0,0.0,29.9,29.9,0.0,0.0
36010,1.0,0.0,1.0,0.0,18.9,0.0,18.9,0.0
36020,7.0,2.0,1.0,4.0,150.3,43.8,24.9,81.6
36022,1.0,1.0,0.0,0.0,29.9,29.9,0.0,0.0
36025,2.0,0.0,0.0,2.0,29.8,0.0,0.0,29.8
36030,3.0,1.0,0.0,2.0,61.699999999999996,31.9,0.0,29.8
36035,1.0,0.0,1.0,0.0,38.9,0.0,38.9,0.0
40000,15.0,6.0,3.0,6.0,2365.7000000000003,953.0,413.0,999.6999999999999
