i,i_user_all,i_user_2,i_user_3,i_user_4
10000000,3,1,2,0
10000003,1,0,1,0
10000004,1,1,0,1
10000005,1,1,0,0
10000006,9,3,1,6
10000007,2,1,1,1
10000009,4,2,2,0
10000010,1,1,0,0
10000011,8,4,1,4
10000012,2,1,1,1
10000015,5,1,2,4
10000016,2,0,2,0
10000017,1,0,1,0
10000025,1,0,0,1
10001002,1,1,0,0
10001003,5,5,0,0
10001006,2,2,1,1
10001007,2,0,1,1
10002000,1,0,0,1
10002003,1,1,0,0
10002004,3,0,1,2
10002005,1,0,0,1
10002006,1,1,0,0
10002009,2,0,1,1
10002015,1,0,1,0
10002017,1,0,1,0
10002020,3,0,0,3
10002025,1,1,0,0
10002026,1,0,1,0
10002027,2,0,1,1
10002030,1,1,1,0
10002031,2,1,0,1
10002034,1,0,1,0
10002040,1,0,1,0
10002041,3,0,0,3
10002043,1,0,0,1
10002044,1,0,0,1
10008001,1,1,0,0
10008003,1,0,0,1
10008007,2,1,0,1
10008008,1,1,0,0
10008009,1,1,0,0
10008011,2,2,0,0
10008012,2,0,0,2
10008013,2,0,0,2
10100005,1,1,0,0
10101000,1,1,0,0
10102002,3,3,0,0
10103003,2,2,0,0
10109002,1,1,0,0
10109004,3,3,0,0
10109009,2,0,0,2
10109016,1,1,0,0
10109021,2,2,0,0
10109026,1,0,0,1
10109027,1,0,0,1
10110000,2,1,1,1
10110010,1,1,0,0
10110016,6,4,1,1
10110017,3,2,0,1
10110018,1,0,1,0
10110020,1,0,1,0
10110025,1,1,0,0
10111000,2,1,0,1
10112003,2,2,0,0
10112005,1,1,0,0
10112007,1,1,0,0
10112009,1,1,0,0
10112014,1,1,0,0
10113000,2,2,0,0
10113005,1,1,0,0
10113006,1,1,0,0
10113007,2,2,0,0
10113011,3,0,3,0
10114000,4,1,2,2
10114004,1,0,0,1
10114005,2,0,2,0
10116000,3,1,2,0
10116015,2,0,0,2
10116016,1,1,0,0
10116017,1,1,0,0
10116021,1,1,0,0
10116022,3,0,2,1
10116023,2,0,2,0
10116025,4,4,0,1
10116026,3,1,0,2
10116027,2,1,1,0
10116028,1,0,0,1
10116030,1,1,0,0
10116031,2,1,0,1
10116032,4,0,2,2
10116034,5,4,0,1
10116039,3,0,3,0
10117000,4,0,0,4
10119010,1,1,0,0
10119012,4,1,2,1
10119013,4,1,2,1
10119019,7,7,0,1
10119020,4,4,0,0
10119022,1,1,0,0
10119024,2,1,0,1
10119026,1,0,0,1
10119028,2,1,1,0
10119033,2,0,1,2
10119038,1,0,0,1
10119043,1,1,0,0
10119044,2,1,1,0
10119047,1,1,0,0
10119049,1,1,0,0
10119051,1,0,0,1
10119052,1,1,0,0
10119054,1,1,0,0
10119055,1,0,0,1
10119060,1,0,0,1
10119074,2,1,0,1
10119078,1,0,1,0
10119079,2,1,0,1
10119081,4,3,1,0
10119082,2,1,1,0
10119083,1,1,0,0
10119085,2,1,0,1
10119086,2,0,0,2
10119089,1,1,0,0
10119090,2,0,0,2
10119100,1,1,0,0
10119101,5,3,1,1
10119102,8,5,2,1
10119126,1,0,0,1
10130002,4,1,2,1
10130006,1,1,0,0
10130007,2,0,2,0
10130008,1,1,0,0
10130009,1,0,0,1
10131002,2,0,0,2
10131007,2,1,2,0
10132000,1,0,0,1
10132001,4,1,2,2
10132005,1,0,1,0
10133001,1,0,0,1
10135000,2,2,0,0
10135001,1,1,0,0
10135002,3,1,1,1
10135008,1,1,0,0
10136000,2,2,0,0
10136001,2,1,1,0
10136004,1,1,0,0
10136005,1,1,0,0
10136006,1,1,0,0
10136008,3,1,2,2
10137009,5,2,2,1
10137010,1,0,0,1
10137011,3,0,2,1
10137012,4,0,2,2
10140002,11,4,5,2
10140003,1,0,0,1
10140005,1,0,1,0
10140006,2,0,0,2
10141000,2,1,1,0
10141002,2,1,0,1
10141004,1,0,1,0
10141005,2,1,1,1
10141006,3,0,0,3
10141007,2,0,1,1
10141012,2,1,0,1
10141014,1,0,1,0
10141019,2,1,0,1
10141020,1,1,0,0
10141021,2,0,2,0
10141023,2,1,0,1
10141025,5,1,2,2
10141026,2,0,0,2
10141030,8,3,3,2
10141038,7,1,4,3
10141039,5,1,1,3
10141040,5,1,4,0
10141041,5,2,1,2
10141042,9,1,5,4
10141044,4,0,2,2
10141045,1,0,1,0
10141046,6,3,0,3
10141047,1,0,1,0
10141048,2,0,2,0
10141049,1,0,1,0
10141056,1,0,0,1
10141063,1,0,0,1
10141070,2,1,1,0
10141071,4,0,2,2
10141072,3,0,2,1
10141080,2,2,0,0
10150003,1,0,0,1
10150004,6,2,1,3
10150006,6,5,1,0
10150007,1,0,1,0
10150009,1,0,0,1
10150010,1,0,0,1
10150012,2,0,2,0
10150015,2,0,0,2
10150016,5,1,4,2
10150017,1,1,0,0
10150018,1,0,1,0
10150019,3,0,2,1
10150020,2,1,1,0
10150021,2,1,0,1
10150022,2,0,0,2
10150023,2,2,0,0
10150024,1,1,0,0
10150025,1,1,0,0
10150026,1,1,0,0
10150035,1,0,1,0
10150036,1,1,0,0
10150037,1,0,1,0
10150038,1,0,0,1
10150040,1,0,0,1
10150041,1,0,1,0
10150046,2,0,1,1
10150047,1,0,1,0
10151001,2,0,1,1
10151002,9,2,1,7
10152002,1,0,0,1
10152007,1,0,0,1
10152011,2,2,0,0
10152012,1,0,0,1
10152013,5,0,0,5
10152021,1,0,1,0
10152024,1,0,0,1
10153004,1,1,0,0
10200003,1,0,1,0
10200004,1,0,1,0
10200006,1,0,1,0
10200011,1,0,1,0
10200012,1,0,1,0
10200019,1,0,0,1
10200021,2,2,0,0
10200025,1,1,0,0
10200034,1,0,1,0
10200035,1,1,0,0
10200036,2,0,2,0
10200038,1,0,1,0
10200040,1,0,1,0
10200042,1,1,0,0
10201000,2,2,0,0
10201001,1,0,0,1
10201004,1,1,0,0
10201006,1,0,0,1
10201007,3,1,2,1
10201010,1,0,1,0
10201014,3,2,1,0
10201015,2,1,0,1
10201016,4,3,2,1
10201021,1,1,0,0
10201022,1,1,0,0
10201023,1,0,1,0
10201029,1,1,0,0
10201030,3,2,2,1
10202001,1,0,1,0
10300011,1,1,0,0
10300019,2,0,0,2
10300021,1,0,0,1
10300026,1,1,0,0
10300030,1,1,0,0
10300037,2,0,0,2
10300042,2,1,0,1
10300043,1,1,0,0
10300044,1,1,0,0
10300052,1,0,1,0
10300070,1,1,0,0
10309001,3,2,2,0
10310001,1,0,1,0
10310021,1,0,0,1
10312012,1,0,0,1
10319004,1,0,0,1
10400226,1,1,0,0
10401008,1,1,0,0
10401025,2,2,0,0
10401036,1,0,0,1
10401038,1,0,0,1
10401051,3,3,0,0
10401060,1,1,0,0
10401072,1,0,0,1
10410004,1,1,0,0
10410006,1,0,1,0
10411002,1,0,1,0
10420015,1,1,0,0
10420016,2,1,0,1
10420017,1,1,0,0
10421006,1,0,1,0
10421012,1,1,0,0
10421016,1,1,0,0
10421024,1,1,0,0
10422008,1,0,1,0
10422010,1,1,0,0
10422011,1,0,0,1
10422012,2,2,0,0
10435002,1,1,0,0
10435004,2,2,0,0
10435007,1,1,0,0
10435024,1,0,0,1
10435031,2,1,0,1
10435034,1,0,0,1
10435036,2,0,2,0
10435037,1,0,0,1
10435040,2,2,0,0
10439017,1,0,0,1
10439019,1,1,0,0
10440002,1,1,0,0
10440005,1,1,0,0
10440006,1,0,1,0
10440036,1,1,0,0
10440048,1,0,1,0
10441009,1,1,0,0
10441013,1,1,0,0
10441014,1,1,0,0
10441016,1,0,0,1
10443004,1,1,0,0
10450004,1,1,0,0
10454002,1,1,0,0
10454005,1,0,0,1
10454006,1,1,0,0
10501053,1,0,1,0
10501054,2,0,0,2
10501076,1,1,0,0
10501079,2,1,0,1
10501088,1,1,0,0
10501092,1,0,0,1
10501093,1,0,1,1
10502004,1,0,1,0
10502041,1,0,0,1
10502042,1,0,1,0
10502045,1,1,0,0
10502047,1,0,1,0
10502059,1,0,1,0
10603002,1,1,0,0
11000007,1,0,1,0
11002005,1,1,0,0
11003018,1,0,0,1
11004003,2,1,1,0
11004019,1,1,0,0
11005009,1,1,0,0
11005012,1,1,0,0
11005015,1,0,1,0
11008004,2,1,0,1
11010002,1,0,1,0
11011001,1,1,0,0
11011002,1,1,0,0
11011004,1,1,0,0
11011015,2,1,1,0
11011027,1,0,0,1
11011028,2,0,2,0
11011030,1,0,1,1
11011031,1,0,1,0
11011034,2,1,1,0
11011035,1,1,0,0
11011036,1,0,1,0
11011037,1,1,0,0
11020004,1,0,0,1
11020005,1,1,0,0
11020018,1,1,0,0
11020021,1,1,0,0
11022005,1,0,1,0
11022006,1,0,1,0
11022016,1,0,0,1
11022022,2,2,0,0
11022030,3,1,1,1
11022037,1,1,0,0
11022040,1,0,1,0
11022041,1,1,0,0
11022065,2,0,0,2
11022075,1,1,0,0
11022082,1,0,1,0
11023002,1,1,0,0
11030003,1,0,0,1
11030004,1,0,0,1
11034002,1,0,1,0
11044009,1,0,0,1
11046012,1,0,0,1
11052002,1,0,1,0
11052006,1,0,1,0
11052010,1,0,1,0
11052012,2,1,0,1
11052013,1,1,0,0
11052015,1,0,0,1
11054001,1,0,1,0
11054017,1,1,0,0
11054030,1,0,0,1
11054033,3,2,0,2
11054036,1,0,0,1
11054040,1,1,0,0
11054044,1,1,0,0
11054048,1,0,0,1
11054072,1,0,1,0
11055005,1,0,1,0
11055007,1,1,0,0
11055009,1,0,1,0
11055011,1,0,1,0
11056005,1,0,0,1
11056012,2,0,0,2
11056017,2,0,0,2
11056025,1,0,0,1
11056035,1,0,0,1
11056046,1,0,1,0
11056048,1,0,1,0
11056050,1,0,0,1
11056054,1,0,1,0
11056064,1,0,1,0
11056085,12,0,3,10
11057000,1,0,1,0
11057029,1,0,0,1
11057040,8,0,4,4
11057049,4,0,3,1
11057050,1,0,1,0
11057120,1,1,0,0
11057222,1,0,1,0
11058004,1,1,0,0
11058005,1,0,0,1
11100045,1,0,0,1
11101013,1,1,0,0
11101021,1,0,0,1
11101024,1,0,0,1
11102100,1,1,0,0
11104013,1,0,1,0
11104026,1,0,0,1
11104027,2,1,1,0
11104037,1,0,0,1
11110004,12,4,3,5
11110046,2,2,0,0
11110047,2,1,1,0
11110050,4,1,1,2
11110052,3,2,1,0
11110121,1,0,0,1
11110154,1,0,1,0
11110157,2,0,2,0
11111000,1,0,0,1
11111001,3,1,2,0
11111015,1,1,0,0
11112019,3,2,1,0
11112048,1,0,1,0
11114007,1,1,0,0
11114018,1,0,1,0
11114043,1,1,0,0
11114052,1,1,0,0
11114053,1,0,0,1
11115083,1,0,0,1
11115178,1,0,0,1
11120017,1,0,1,0
11121030,1,0,0,1
11121078,1,0,0,1
11141002,6,3,1,2
11200051,1,1,0,0
11200057,1,0,0,1
11200065,1,0,1,0
11200067,1,0,1,0
11201005,1,0,1,0
11201027,1,0,1,0
11201064,1,1,0,0
11204001,1,1,0,0
11205004,1,0,1,0
11205013,1,0,1,0
11210049,1,0,1,0
11210076,1,0,1,0
11220003,2,1,0,1
11220014,1,0,0,1
11220016,2,2,0,0
11220024,2,0,2,0
11220032,1,0,1,0
11220039,1,1,0,0
11220040,2,1,0,1
11220041,3,2,1,0
11220054,1,1,0,0
11220057,2,1,0,1
11221017,1,1,0,0
11221030,1,1,0,0
11221039,2,2,0,0
11221041,1,1,0,0
11221044,1,0,1,0
11221047,1,1,0,0
11221051,1,0,1,0
11221055,1,1,0,0
11221059,1,1,0,0
11221061,1,1,0,0
11222017,1,0,0,1
11222027,1,0,0,1
11222028,1,0,1,0
11222045,2,0,1,1
11230027,1,1,0,0
11230031,1,0,1,0
11230052,2,0,1,1
11230058,1,0,0,1
11230063,1,0,0,1
11230070,2,1,0,1
11230110,1,1,0,0
11230118,1,1,0,1
11230132,1,0,0,1
11230136,1,0,0,1
11230157,1,1,0,0
11230174,1,1,0,0
11230201,2,0,1,1
11230215,1,1,0,0
11230248,1,1,0,0
11230251,1,0,0,1
11231075,1,0,0,1
11231094,1,0,0,1
11231114,1,1,0,0
11231115,1,0,0,1
11231124,1,0,1,0
11231150,2,1,1,0
11231152,1,1,0,0
11231196,1,0,0,1
11232012,1,0,1,0
11233005,1,0,1,0
11233039,1,1,0,0
11233041,1,1,0,0
11233047,1,0,0,1
11233081,1,1,0,0
11233087,1,0,0,1
11233093,1,0,1,0
11233104,1,0,1,0
11233132,1,0,0,1
11234015,1,0,1,0
11240006,2,0,2,0
11240007,2,1,0,1
11240017,2,2,0,0
11240023,1,0,0,1
11241015,1,0,0,1
11241024,1,1,0,0
11241028,2,0,2,0
11241042,1,0,1,0
11241054,1,0,0,1
11300020,1,0,1,0
11300045,1,1,0,0
11300051,1,1,0,0
11300054,2,0,1,1
11300060,2,0,1,2
11300066,1,0,1,0
11300067,1,1,0,0
11300068,1,0,1,0
11300080,1,1,0,0
11300085,1,1,0,0
11300092,1,1,0,0
11300099,1,0,1,0
11300119,3,0,1,2
11300121,1,0,0,1
11300130,1,0,1,0
11300140,1,0,1,0
11300155,1,0,1,0
11300157,2,0,1,1
11300165,1,0,1,0
11300168,1,0,1,0
11300172,1,0,0,1
11300173,1,1,0,0
11300179,1,1,0,0
11300180,2,0,1,1
11300191,3,1,0,2
11300196,1,1,0,0
11300206,8,2,6,0
11301003,1,1,0,0
11301004,2,0,1,1
11301015,1,1,0,0
11301030,1,1,0,0
11301048,1,0,0,1
11301056,1,0,0,1
11301061,1,0,0,1
11301076,1,1,0,0
11301086,1,1,0,0
11301089,3,2,0,1
11301093,1,1,0,0
11301094,1,1,0,0
11301096,1,0,0,1
11301110,1,0,1,0
11301187,1,1,0,0
11302007,2,1,1,1
11302010,1,0,0,1
11302017,1,0,1,0
11302021,1,0,1,0
11302034,1,0,1,0
11303013,1,0,1,0
11303034,1,1,0,0
11303037,1,0,0,1
11303048,1,0,1,0
11303049,2,0,1,1
11303050,1,0,1,0
11303051,2,1,0,1
11303054,1,1,0,0
11303060,1,0,1,0
11303070,1,1,0,0
11303075,1,0,1,0
11303078,1,0,0,1
11303081,2,1,0,1
11303084,2,0,1,1
11303089,2,1,1,0
11303095,1,1,0,0
11303097,3,0,1,2
11303098,1,0,1,0
11303099,1,0,1,0
11303101,1,0,0,1
11303105,2,0,1,1
11303109,1,1,0,0
11303111,1,0,1,0
11303112,1,0,0,1
11303131,2,1,1,0
11303132,1,0,0,1
11303133,1,1,0,0
11303134,1,0,0,1
11303161,1,1,0,0
11303165,2,1,0,1
11303178,2,0,1,1
11303183,1,1,0,0
11303187,2,0,1,1
11303190,1,0,0,1
11303205,1,0,0,1
11304005,2,2,0,0
11304006,1,0,0,1
11304008,1,0,0,1
11304020,1,0,0,1
11304021,1,0,1,0
11304032,1,0,0,1
11304041,1,1,0,0
11304052,1,0,0,1
11305000,1,1,0,0
11305009,1,0,0,1
11305010,1,1,0,0
11311002,1,1,0,0
11312009,1,1,0,0
11400015,1,0,1,0
11400019,1,0,0,1
11400023,1,0,0,1
11400038,1,0,1,0
11400039,1,0,0,1
11400044,1,0,1,0
11400046,1,1,0,0
11400051,1,1,0,0
11413008,1,1,0,0
11500027,2,0,2,0
11500028,1,0,1,0
11500029,1,0,1,0
11500042,1,0,1,0
11500066,2,0,2,0
11500067,1,1,0,0
11500072,1,1,0,0
11500074,1,1,0,0
11500076,1,0,1,0
11500080,2,2,0,0
11500087,2,0,1,1
11500091,1,0,0,1
11500092,1,1,0,0
11500094,2,0,2,0
11500095,1,0,0,1
11500102,1,0,1,0
11500112,2,1,1,0
11500118,1,0,1,0
11500121,1,1,0,0
11500128,1,1,0,0
11500131,1,0,0,1
11500133,1,1,0,0
11500134,1,0,0,1
11500137,3,1,1,1
11500138,1,1,0,0
11500140,1,1,0,0
11501009,1,1,0,0
11501020,3,0,2,1
11501026,1,1,0,0
11501028,1,0,0,1
11501031,1,0,1,0
11501032,1,0,1,0
11501048,2,1,0,1
11501053,1,0,1,0
11501058,1,0,0,1
11501061,1,0,1,0
11501064,1,0,1,0
11501069,1,1,0,0
11501070,2,0,1,1
11501077,1,1,0,0
11501090,1,1,0,0
11501091,2,2,0,0
11501092,1,0,0,1
11501099,1,0,0,1
11501105,1,0,0,1
11501113,1,0,0,1
11501118,1,1,0,0
11501122,1,1,0,0
11502005,1,0,0,1
11502010,1,0,0,1
11502014,2,1,0,1
11502019,1,0,0,1
11502022,2,0,0,2
11502024,1,0,1,0
11502025,1,1,1,0
11502035,2,1,1,0
11502038,1,0,1,0
11502049,1,0,1,0
11504011,3,0,1,2
11504022,1,0,1,0
11504025,1,0,1,0
11504034,2,0,0,2
11507002,1,0,0,1
11507004,1,0,0,1
11508001,1,0,0,1
11508002,2,1,1,0
11511004,1,1,0,0
11511051,1,1,1,0
11511086,1,0,0,1
11511091,1,0,0,1
11513008,1,1,0,0
11521003,1,1,0,0
11521011,2,2,0,0
11521015,1,0,0,1
11521017,1,1,0,0
11521029,2,0,0,2
11521030,1,0,1,0
11521035,2,0,0,2
11521061,1,0,0,1
11521063,2,1,1,0
11522002,1,1,0,0
11522006,1,1,0,1
11522008,1,0,0,1
11522021,1,1,0,0
11522023,1,0,0,1
11522024,1,0,0,1
11530005,1,1,0,0
11530008,1,0,1,0
11531005,1,0,1,0
11531010,2,0,2,0
11531011,3,1,2,0
11531017,1,1,0,0
11531020,1,0,0,1
11531021,1,1,0,0
11531023,1,1,0,0
11531026,1,0,1,0
11531031,2,0,0,2
11531038,4,2,2,0
11531047,3,0,2,1
11531071,1,1,0,0
11532008,2,1,0,1
11532011,2,0,1,1
11532012,3,0,0,3
11532019,4,2,0,2
11532022,2,0,1,1
11532029,1,1,0,0
11532036,1,0,0,1
11532037,1,0,0,1
11532038,2,0,1,1
11532039,2,0,0,2
11533011,2,0,1,1
11533012,2,0,1,1
11533016,2,1,0,1
11533021,3,0,2,2
11533024,1,0,0,1
11533028,2,0,0,2
11533029,1,0,1,0
11533057,2,0,0,2
11540000,1,1,0,0
14000001,5,1,1,3
14000002,3,0,1,2
14000003,1,1,0,0
14000004,2,0,1,1
14000006,1,0,0,1
14000009,1,0,0,1
14000010,1,0,0,1
14000016,1,0,1,0
14001022,1,0,1,0
14001024,1,0,1,0
14001026,1,0,0,1
14002006,2,1,1,0
14002007,1,0,0,1
14010003,1,0,1,0
14010006,3,1,1,1
14010011,7,3,3,3
14010012,3,1,1,2
14010015,2,1,0,2
14010020,6,0,4,2
14010021,3,0,3,0
14011001,1,0,1,0
14011007,1,0,0,1
14012004,2,0,2,0
14013009,2,0,1,1
14013011,8,1,0,7
14013024,3,1,1,1
14013026,1,0,1,0
14013028,2,1,0,1
14014000,1,0,1,0
14014012,1,1,0,0
14014029,1,0,0,1
14014030,1,1,0,0
14014034,1,0,0,1
14015003,1,1,0,0
14015048,4,1,2,1
14015049,1,1,0,0
14015055,1,0,1,0
14015065,2,1,0,1
14020002,1,0,0,1
14020003,3,1,1,1
14020011,3,1,1,1
14020012,1,1,0,0
14020014,1,1,0,0
14020015,1,0,1,1
14020027,1,1,0,0
14021002,1,1,0,0
14021006,2,0,0,2
14021008,1,0,0,1
14021014,1,0,0,1
14021037,2,1,0,1
14021046,1,0,1,0
14022002,2,1,1,0
14022004,2,1,1,0
14022006,1,0,1,0
14022010,1,0,1,0
14031000,1,0,0,1
14031004,1,1,0,0
14031006,1,1,0,0
14032002,1,0,1,0
14032011,1,1,0,0
14032018,3,2,1,1
14032021,2,1,1,0
14033006,1,1,0,0
14033043,1,0,1,0
14033044,1,0,0,1
14033046,1,1,0,0
14033048,2,1,0,1
14033054,1,1,0,0
14033055,2,1,0,1
14033057,1,0,1,0
14034002,1,0,0,1
14034005,1,1,0,0
14034007,2,1,1,0
14034009,1,1,0,0
14034015,1,1,0,0
14034017,3,2,0,1
14034019,1,0,0,1
14040009,1,1,0,0
14040020,1,0,0,1
14041002,1,0,0,1
14043002,1,1,0,0
14043003,1,1,0,0
14043006,1,1,0,0
14043012,1,0,0,1
14043013,1,0,0,1
14043014,1,0,0,1
14043021,1,1,0,0
14043031,1,0,1,1
14043036,1,1,0,0
14050001,1,0,1,0
14050013,2,0,0,2
14050014,1,0,1,0
14050015,4,2,1,1
14050019,1,0,0,1
14050020,1,1,0,0
14050022,2,0,0,2
14050026,2,0,1,1
14050027,1,0,0,1
14050034,2,0,0,2
14050035,1,0,0,1
14050036,1,0,0,1
14050037,2,0,1,1
14051003,1,0,0,1
14051004,1,0,0,1
14052000,1,1,0,0
14052001,1,1,0,0
14052002,2,0,0,2
14052003,2,0,2,0
14052005,1,0,0,1
14052006,2,0,1,1
14052010,1,0,1,0
14052011,1,0,1,0
14052012,1,1,0,0
14052024,2,1,1,0
14052025,1,0,0,1
14052026,2,0,1,1
14052027,2,0,1,1
14052028,1,1,0,0
14052029,4,1,2,2
14052031,1,0,0,1
14052032,1,1,0,0
14054001,2,1,0,1
14054002,3,1,0,2
14054008,1,1,0,0
14054012,1,1,0,0
14054013,5,2,1,2
14054014,4,2,1,1
14054015,1,0,0,1
14054033,1,0,0,1
14054045,1,0,0,1
14054055,1,0,0,1
14054060,1,0,0,1
14054062,1,0,1,0
14054063,1,0,0,1
14054065,1,0,0,1
14060002,2,1,0,1
14060003,1,0,1,0
14060005,1,0,1,0
14060006,2,1,1,0
14060007,1,1,0,0
14060008,4,1,2,1
14060010,2,2,0,0
14061000,1,1,0,0
14061002,2,1,0,1
14061006,1,0,1,1
14064003,1,1,1,0
14064004,1,0,0,1
14064005,1,0,1,0
14064007,2,2,0,0
14064008,1,0,1,0
14064009,1,1,0,0
14070001,1,0,1,0
14070004,1,0,0,1
14070016,2,0,1,1
14070017,1,1,0,0
14070032,1,1,0,0
14072000,2,1,1,0
14072001,2,0,1,1
14072002,2,0,1,2
14072005,2,0,0,2
14072007,1,0,0,1
14073002,1,0,0,1
14073007,5,1,1,4
14073020,2,2,0,0
14073026,1,0,0,1
14074009,1,0,0,1
14075021,3,0,2,1
14075022,2,0,0,2
14075023,1,1,0,0
14076002,1,0,1,0
14076009,2,1,0,2
14076010,1,0,0,1
14076012,4,2,1,1
14076017,5,0,2,3
14076019,6,0,3,3
14076027,1,1,0,0
14076030,1,0,0,1
14076032,2,1,1,0
14077001,1,0,0,1
14077002,1,1,0,0
14077004,1,0,0,1
14077010,1,1,0,0
14077012,1,0,1,0
14077015,1,0,1,0
14077026,1,0,0,1
14077029,1,0,0,1
14078005,1,0,0,1
14079024,1,0,0,1
14079025,1,1,0,0
14079029,1,1,0,0
14080003,1,0,1,0
14080005,1,0,1,0
14080016,1,0,0,1
14080018,1,0,0,1
14080019,2,0,0,2
14080020,4,1,1,2
14080021,1,1,0,1
14080022,4,3,1,0
14080027,1,0,0,1
14080031,1,1,0,0
14081004,1,0,1,0
14081007,1,1,0,0
14081017,1,1,0,0
14081020,1,0,0,1
14081021,1,0,0,1
14082000,1,0,1,0
14082003,1,1,0,0
14082005,1,1,0,0
14082008,4,3,0,1
14082009,5,4,0,1
14082010,1,1,0,0
14082011,1,0,1,1
14082017,4,2,0,3
14082018,5,4,0,1
14082022,2,1,0,1
14082023,4,1,0,3
14082025,1,0,0,1
14082026,1,0,1,0
14082027,2,0,1,1
14082028,1,1,0,0
14082038,1,1,0,0
14083000,1,0,0,1
14083002,5,1,2,3
14083003,5,1,2,2
14083004,2,1,1,0
14084003,3,1,2,1
14090000,1,0,1,0
14090004,1,1,0,0
14090005,3,3,1,0
14090006,3,2,0,1
14090007,2,0,2,0
14090008,3,0,1,2
14090009,1,1,0,0
14090012,3,0,1,2
14090013,1,0,0,1
14090017,1,1,0,0
14090021,2,1,0,1
14090022,1,0,1,0
14090031,2,1,0,1
14090032,2,0,2,0
14090033,1,0,1,1
14090034,1,0,1,0
14090040,1,0,1,0
14091000,4,0,1,3
14091004,1,1,0,1
14091005,3,2,1,0
14091006,2,2,0,1
14091007,5,1,0,4
14091008,2,0,2,0
14091009,1,0,1,0
14091010,1,1,0,0
14091011,2,0,1,1
14091012,3,1,1,1
14091021,3,0,0,3
14091022,4,0,0,4
14091023,3,1,0,2
14091024,1,0,1,0
14091028,2,1,0,1
14091029,1,1,0,0
14091031,1,0,0,1
14091032,2,0,0,2
14091034,2,0,0,2
14091041,1,1,0,0
14091042,2,1,0,1
14091043,1,1,0,0
14091044,1,0,1,0
14091046,2,1,0,1
14091047,2,0,0,2
14091048,2,1,1,0
14091050,1,0,1,0
14091054,1,0,1,0
14091061,1,1,0,0
14091069,3,0,1,2
14092009,1,0,1,0
14092010,3,0,0,3
14092011,2,0,2,0
14092013,2,1,0,1
14092014,4,0,2,2
14092015,1,0,1,0
14092016,3,2,1,0
14092017,2,1,0,1
14092022,1,1,0,0
14092023,3,0,1,2
14092024,1,0,1,0
14092027,1,1,0,0
14092034,1,0,0,1
14092038,1,0,1,0
14092045,1,0,0,1
14092046,2,1,1,0
14092047,1,0,1,0
14092048,1,0,1,0
14092056,2,2,0,0
14092057,1,1,0,0
14092058,1,0,0,1
14092059,1,0,0,1
14092063,2,1,0,1
14092064,1,0,0,1
14092066,1,0,0,1
14092067,5,1,2,2
14092068,2,1,1,0
14092069,1,1,0,0
14092070,1,1,0,0
14092071,2,1,1,0
14092074,1,1,1,0
14092075,4,2,1,1
14092077,1,0,0,1
14092078,3,1,1,1
14092079,1,1,0,0
14093001,3,2,0,1
14093002,5,2,0,3
14094001,1,1,0,0
14094003,1,0,1,1
14100021,1,0,1,0
14100029,1,1,0,0
14100056,2,1,0,1
14100062,1,1,0,0
14100072,2,0,1,1
14100078,1,1,0,0
14100104,1,1,0,0
14100120,3,3,0,0
14100137,1,1,0,0
14101026,1,1,0,0
14101028,1,0,1,0
14101031,1,0,1,0
14101032,1,1,0,0
14101039,2,2,0,0
14101045,2,1,0,1
14101047,1,1,0,0
14101051,1,1,0,0
14101074,1,0,0,1
14101096,1,0,0,1
14101132,1,0,0,1
14101163,2,0,2,0
14103010,1,0,1,0
14105002,1,1,0,0
14105012,1,0,0,1
14105014,1,0,1,0
14105015,1,1,0,0
14105020,2,1,1,0
14105022,1,0,1,0
14107003,2,0,0,2
14107005,1,0,0,1
14107009,2,1,1,2
14108001,1,1,0,0
14108006,1,1,0,0
14110001,1,0,1,0
14110002,1,0,0,1
14110003,1,0,0,1
14110004,1,1,0,0
14111002,1,1,0,0
14111003,1,0,1,0
14111004,2,0,0,2
14112001,1,1,0,0
14112008,1,0,1,0
14112009,4,4,0,0
14112010,2,1,1,0
14112011,2,2,1,0
14112012,1,1,0,0
14112013,1,0,0,1
14112014,1,0,0,1
14113000,1,0,1,1
14120005,1,1,0,0
14120006,1,0,0,1
14120007,2,1,1,0
14120013,2,0,2,0
14121010,2,0,0,2
14121011,1,0,0,1
14121012,3,0,1,2
14121013,2,1,0,1
14121019,1,0,1,0
14121021,2,1,1,0
14121037,1,0,0,1
14121039,1,0,1,0
14121043,3,2,0,1
14130011,1,0,0,1
14130013,1,0,0,1
14130014,1,0,0,1
14130015,2,0,0,2
14130016,1,1,0,0
14130017,1,1,0,0
14130019,1,0,0,1
14130021,1,0,0,1
14130030,1,0,0,1
14130037,1,0,0,1
14130039,1,0,0,1
14130042,1,1,0,0
14130045,1,0,0,1
14130048,1,0,1,0
14130049,1,1,0,0
14130050,3,2,0,1
14130054,4,0,3,2
14130055,7,0,6,1
14130056,1,1,0,1
14130060,1,0,0,1
14130071,1,0,0,1
14130085,1,1,0,0
14131000,1,1,0,0
14131001,1,0,0,1
14131005,2,0,0,2
14131006,1,0,1,0
14131007,1,0,1,0
14131008,1,1,0,0
14131016,5,2,1,2
14131017,3,2,1,0
14131018,1,1,0,0
14131038,1,0,0,1
14132024,1,0,1,0
14132065,1,0,1,0
14132085,1,0,0,1
14132105,1,0,1,1
14132106,1,1,0,0
14132107,1,0,0,1
14132177,1,1,0,0
14132179,3,1,1,1
14132181,2,2,0,0
14133001,1,0,0,1
14133003,1,0,0,1
14133004,1,0,1,0
14140002,1,1,0,0
14140006,1,1,0,0
14140015,1,0,0,1
14140017,1,1,0,0
14140022,1,0,0,1
14140026,1,0,0,1
14140030,1,0,0,1
14140032,1,1,0,0
14140034,1,1,0,0
14140042,1,0,1,0
14140048,2,0,1,1
14140191,1,0,0,1
14141015,1,1,0,0
14141029,1,0,1,0
14141030,1,0,1,0
14141034,1,0,0,1
14141035,1,0,0,1
14142000,1,0,0,1
14142002,1,0,0,1
14142004,1,0,0,1
14142007,1,0,0,1
14142009,1,1,0,0
14142038,1,1,0,0
14142039,4,1,0,3
14142040,2,0,1,1
14142041,4,0,3,1
14145005,1,1,0,0
14145008,2,2,0,0
14145011,1,1,0,0
14200004,1,1,0,0
14200018,2,0,0,2
14200020,1,0,1,0
14200022,1,1,1,1
14200032,3,1,1,1
14200033,1,0,1,0
14200034,2,1,0,1
14200035,3,1,1,1
14200036,1,0,0,1
14200037,3,2,1,0
14200038,1,1,0,0
14200040,3,1,0,2
14200041,1,0,1,0
14200047,1,0,0,1
14200051,1,0,1,0
14200053,1,0,0,1
14200054,1,0,0,1
14200059,1,0,1,0
14200074,1,0,0,1
14200076,1,0,0,1
14201000,1,0,1,0
14201001,2,1,0,1
14201003,1,0,0,1
14202011,1,0,0,1
14202013,1,0,0,1
14203011,1,1,0,0
14203012,1,1,0,0
14203013,1,0,1,0
14203019,2,2,0,0
14203020,1,1,0,0
14203022,1,1,0,0
14203023,1,0,0,1
14203024,1,0,0,1
14203028,1,1,0,0
14207001,1,0,0,1
14207003,1,1,0,0
14207010,2,0,1,1
14208000,1,1,0,0
14208002,1,0,0,1
14208003,1,0,0,1
14209006,1,0,0,1
14209012,1,0,0,1
14209017,1,0,0,1
14209020,3,0,0,3
14209021,1,0,0,1
14211000,1,0,0,1
14215003,1,0,1,0
14216006,1,0,0,1
14220003,1,0,1,0
14220004,1,0,0,1
14220015,1,0,0,1
14222007,1,1,0,0
14222008,1,0,0,1
14222009,1,0,0,1
14222010,1,0,0,1
14222011,1,0,1,0
14222014,1,0,0,1
14222019,1,0,0,1
14222026,1,0,0,1
14222027,1,1,0,0
14222028,1,0,1,0
14222029,1,0,1,0
14222030,1,1,0,0
14222031,1,0,1,0
14223000,2,1,1,0
14223001,1,1,0,0
14230001,1,0,0,1
14231002,1,0,0,1
14231003,2,0,1,1
14231009,1,0,1,0
14231010,1,0,0,1
14232009,2,0,0,2
14232014,1,1,0,0
14233002,1,0,1,0
14240002,2,0,0,2
14240003,1,0,0,1
14240005,2,1,0,1
14240006,1,0,0,1
14241004,1,0,1,0
14241005,1,0,1,0
14241008,4,0,0,4
14242000,1,0,1,0
14242003,1,1,0,0
14243001,1,0,0,1
14243002,2,0,1,1
14243007,1,1,0,0
14250003,1,1,0,0
14250015,3,1,1,1
14250016,3,1,2,0
14252002,1,1,0,0
14252013,1,0,0,1
14253002,1,0,1,0
14255002,1,0,1,0
14258000,1,0,1,0
14258001,1,1,0,0
14258008,1,1,0,0
14258010,1,0,0,1
14260007,2,1,0,1
14260008,1,0,1,0
14260016,3,0,2,1
14261001,1,0,1,0
14261013,1,0,0,1
14261017,1,1,0,0
14261019,1,0,1,0
14270002,1,0,1,0
14270003,1,1,0,0
14270010,1,0,0,1
14271000,1,1,1,0
14272005,1,0,1,0
14275005,1,1,0,0
14275007,1,0,1,0
14275016,2,1,1,0
14275018,1,1,1,0
14275019,1,0,0,1
14275020,1,0,0,1
14275022,1,0,1,0
14275023,3,1,1,1
14275036,1,0,1,0
14275037,1,0,1,0
14276005,1,0,1,0
14280006,1,0,0,1
14280008,1,1,0,0
14281001,1,0,1,0
14281004,1,1,0,0
14281005,1,0,0,1
14283002,1,0,0,1
14284000,1,1,0,0
14284001,3,1,2,0
14284012,1,0,0,1
14300010,1,0,0,1
14300014,1,0,1,0
14300043,2,0,1,1
14300046,2,0,1,1
14300048,1,0,0,1
14300085,3,0,2,1
14300086,4,3,1,1
14310002,1,0,1,0
14310058,1,0,0,1
14310065,1,0,1,0
14310067,1,0,1,0
14310068,1,1,0,0
14340003,1,1,0,0
14342000,1,1,0,0
14342004,1,1,0,0
14342005,1,0,1,0
14342006,2,1,1,0
14342033,1,1,0,0
14351001,1,1,0,0
14352004,2,2,0,0
14352011,1,1,0,0
14366006,1,1,0,0
14401003,1,1,0,0
14401004,1,1,0,0
14401013,4,4,0,0
14401014,1,1,0,0
14401025,6,6,0,0
14401030,3,2,1,0
14402009,2,0,1,1
14403013,2,0,2,0
14403025,1,0,0,1
14403044,1,1,0,0
14403075,1,0,1,0
14403083,2,0,0,2
14404003,1,0,0,1
14405009,1,0,0,1
14405011,1,0,1,0
14405016,1,0,1,0
14405023,1,0,1,0
14405027,1,0,1,0
14405030,1,0,1,0
14405032,1,0,1,0
14406018,2,0,1,1
14407010,1,0,1,0
14407021,1,0,1,0
14407023,1,0,0,1
14409005,1,0,0,1
14504000,1,0,0,1
14504009,1,0,0,1
14504017,1,0,1,0
14513007,2,1,1,1
14513009,2,2,0,0
14513010,1,1,0,0
14513012,1,0,1,0
14513015,1,0,1,0
14513016,1,0,0,1
14513017,2,0,2,1
14513020,1,0,0,1
14513024,1,0,1,0
14513025,2,0,2,0
14513028,1,0,1,0
14513031,2,1,1,1
14513032,1,0,1,0
14513033,1,0,1,0
14513034,1,0,1,0
14515001,1,1,0,0
14515002,2,0,2,0
14520003,1,1,0,0
14521014,1,0,1,0
14521025,1,0,0,1
14521027,1,0,0,1
14521028,1,0,0,1
14521032,1,1,0,0
14521033,1,0,0,1
14525014,2,1,1,0
14525015,2,1,1,0
14525016,1,1,0,0
14525018,2,0,0,2
14528001,1,1,0,0
14530004,1,0,0,1
14530014,1,0,0,1
14530016,1,0,0,1
14530018,1,0,1,0
14530025,1,1,0,0
14531008,1,0,0,1
14531011,1,0,0,1
14531014,2,1,0,1
14531019,1,0,0,1
14531021,1,0,0,1
14531029,1,0,1,0
14531032,1,1,0,0
14531033,1,0,1,0
14532003,1,0,1,0
14540006,2,0,1,1
14540013,1,0,0,1
14541000,1,0,0,1
14541001,1,1,0,0
14543002,1,1,0,0
14543003,1,0,1,0
14543004,1,0,1,0
14550004,1,0,1,0
14551012,1,1,0,0
14551016,1,0,1,0
14552000,2,0,2,0
14552006,1,0,1,0
14560001,1,0,0,1
14560011,1,1,0,0
14560012,1,0,1,0
14560013,1,0,1,0
14561001,1,1,0,0
14563000,1,1,0,0
14563002,1,1,0,0
14570009,1,0,1,0
14570010,1,1,0,0
14570013,1,1,0,0
14570014,1,0,0,1
14570066,1,0,1,0
14570092,1,1,0,0
14572004,1,1,0,0
14572006,1,0,1,0
14573000,1,0,1,1
14573010,2,0,2,0
14580000,1,0,1,0
14580010,1,0,0,1
14580015,1,0,1,0
14580016,1,0,1,0
14580023,1,1,0,0
14583003,2,1,1,0
14585004,2,0,2,0
14585005,1,0,0,1
14590032,1,0,1,0
14593008,1,0,1,0
14593009,2,0,1,1
14593013,3,2,0,1
14593016,1,0,1,0
14593017,1,1,0,0
14593024,1,0,1,0
14594003,1,0,0,1
14594004,1,0,0,1
14594006,1,0,0,1
14594007,3,1,0,2
14594013,2,0,1,1
14594014,1,0,1,0
14594017,2,1,1,0
14594028,1,0,1,0
14596010,1,0,0,1
14596013,1,0,1,0
14596015,2,0,0,2
14596016,1,0,0,1
14596018,2,1,0,1
14613004,1,1,0,0
14617001,1,0,1,0
14620001,1,1,0,0
14620005,1,0,0,1
14630004,2,2,0,0
14630006,4,0,1,3
14630008,7,3,1,3
14631002,3,0,1,3
14632000,1,0,0,1
14632001,2,1,0,1
14633000,1,0,0,1
14633002,1,1,0,0
14633003,3,0,0,3
14635000,1,0,0,1
14635003,1,0,0,1
14636002,1,1,0,0
14636005,1,0,0,1
14636007,1,0,0,1
14636008,1,1,0,0
14640000,1,1,0,0
14644000,2,2,0,0
14644004,1,1,0,0
14650002,1,0,1,0
14650003,1,1,1,0
14651000,2,1,1,0
14653000,2,2,0,0
14655000,1,0,0,1
14655001,2,2,0,0
14655002,1,1,0,0
14660001,1,0,1,0
14661000,1,1,0,0
14661001,1,1,0,0
14661002,3,3,0,0
14661005,1,0,1,0
14661007,9,4,4,1
14661008,1,0,0,1
14663000,2,1,0,1
14700013,1,0,1,0
14700032,1,0,0,1
14700033,1,0,1,0
14701018,1,1,0,0
14701035,2,0,2,0
14701036,1,1,0,0
14701037,1,0,1,0
14701038,1,1,0,0
14705000,1,0,1,0
14705002,1,1,0,0
14705007,1,1,0,0
14705015,1,0,0,1
14710008,2,1,0,1
14710010,1,0,1,0
14710012,1,0,0,1
14710013,1,1,0,0
14710014,1,1,0,0
14710015,1,0,0,1
14710019,1,0,0,1
14710024,2,1,1,0
14710026,2,2,0,0
14714001,2,1,1,0
14715009,1,0,0,1
14715011,1,0,1,0
14720001,4,1,0,3
14720004,2,0,2,0
14720005,1,0,1,0
14720008,1,1,0,0
14721017,1,0,1,0
14721020,3,0,1,2
14721021,4,2,2,2
14721022,2,2,1,1
14721024,1,1,0,0
14721026,3,2,0,1
14721027,1,1,0,0
14721028,1,0,0,1
14721033,1,1,0,0
14721036,3,0,2,1
14721039,1,0,1,0
14721041,2,0,2,0
14721042,1,1,0,0
14721043,3,0,2,1
14721044,2,1,1,0
14721056,1,0,1,0
14721057,1,0,1,0
14721066,1,0,1,0
14721068,1,0,0,1
14721069,1,0,1,0
14721070,2,2,1,0
14721071,2,2,0,0
14721072,1,1,0,0
14721073,1,1,0,0
14721076,1,1,0,0
14721077,2,0,1,1
14721078,3,1,1,2
14721080,2,0,2,0
14721086,1,0,1,0
14721096,1,0,0,1
14722007,1,0,0,1
14722015,1,1,0,0
14722017,1,0,1,1
14722021,1,1,0,0
14722022,5,4,0,1
14722029,1,0,1,0
14722030,3,2,0,1
14722031,2,1,1,0
14722032,1,1,0,0
14722033,1,0,1,0
14722034,1,0,1,0
14722035,1,1,0,0
14722039,1,0,1,0
14722045,1,0,0,1
14722047,2,0,0,2
14722050,1,1,0,1
14722051,1,1,0,1
14722053,1,0,0,1
14722057,1,0,0,1
14722062,1,0,1,0
14722063,1,1,0,0
14722066,3,2,1,0
14722069,2,2,0,0
14722072,3,0,2,1
14722074,2,1,1,1
14722075,2,1,1,0
14722078,1,1,0,0
14722079,1,1,0,0
14722080,1,1,0,0
14722095,1,0,0,1
14722097,1,0,0,1
14722101,1,0,0,1
14723002,1,0,1,0
14723003,2,1,0,1
14723004,1,0,1,0
14723008,2,2,0,0
14723009,2,2,0,0
14723011,2,2,0,0
14723012,2,1,1,0
14723019,2,2,0,1
14723020,2,0,1,1
14730000,1,1,0,0
14730005,1,1,0,0
14732001,1,0,0,1
14732003,1,0,0,1
14733008,1,1,0,0
14733015,1,1,0,0
14741004,1,1,0,0
14750003,1,0,1,0
14750010,1,0,0,1
14750011,2,0,2,0
14750012,2,1,2,0
14750015,1,0,0,1
14750017,2,1,1,0
14750019,1,0,1,0
14750025,1,1,0,0
14750028,1,0,0,1
14750029,3,1,2,0
14750037,1,0,0,1
14750038,1,0,0,1
14750040,1,1,0,0
14750041,2,0,2,0
14750042,3,2,0,1
14750043,2,0,1,1
14750044,1,1,0,0
14750053,1,1,0,0
14750054,1,1,0,0
14750057,2,1,1,0
14750061,3,1,0,2
14750062,1,1,0,0
14750064,2,0,0,2
14750066,3,0,3,0
14753011,1,0,1,0
14753012,1,1,0,0
14754005,1,0,0,1
14754014,1,1,0,0
14754017,1,1,0,0
14754022,1,1,0,0
14760000,1,0,1,0
14770010,1,0,1,0
14770017,1,0,1,0
14770018,3,3,0,0
14770019,1,0,0,1
14770039,1,0,0,1
14771004,1,0,1,0
14771007,1,1,0,0
14774009,2,1,1,0
14774011,1,0,1,0
14775004,1,0,0,1
14777022,1,1,0,0
14777030,1,0,1,0
14777059,1,1,0,0
14800001,2,0,1,1
14800003,1,1,0,0
14800008,1,0,1,0
14800009,2,0,2,0
14800010,2,1,0,1
14800019,1,0,1,0
14800021,1,1,0,0
14800022,1,0,1,0
14800026,1,0,0,1
14801002,2,1,1,0
14801005,1,0,1,0
14801009,1,0,1,0
14801010,1,0,1,0
14802006,2,0,2,0
14802008,1,0,1,0
14802009,1,0,0,1
14802011,1,1,0,0
14802013,1,1,0,0
14802015,1,0,0,1
14802016,1,0,1,0
14802022,1,0,1,0
14802023,1,1,0,0
14802027,2,2,0,0
14802050,1,0,0,1
14802051,1,0,1,0
14802052,1,0,1,0
14802054,5,1,3,1
14802055,5,2,3,0
14802056,6,2,3,1
14802057,2,1,0,1
14804000,1,1,0,0
14804015,1,1,0,0
14804025,1,0,1,0
14810001,2,2,0,0
14810009,1,0,0,1
14811002,2,1,1,0
14811003,2,1,0,1
14811005,1,0,0,1
14811015,1,1,0,0
14811020,2,0,1,1
14811021,1,1,0,0
14811024,1,0,1,0
14811025,1,1,0,0
14811027,2,1,0,1
14812001,1,0,0,1
14812003,1,1,0,0
14812004,1,1,0,0
14812005,2,2,0,0
14812007,5,1,0,4
14812008,1,0,1,0
14812016,1,1,0,0
14813000,1,0,1,0
14813002,1,1,0,0
14813003,2,0,1,2
14814000,1,0,1,0
14814001,1,0,1,0
14814019,1,1,0,0
14814023,1,0,1,0
14814026,2,0,0,2
14815001,3,1,2,0
14815003,1,1,0,0
14815006,2,1,0,1
14815007,2,0,2,0
14815012,2,0,1,1
14818000,1,0,1,0
14820001,1,1,0,0
14820003,1,1,0,0
14820004,2,0,2,0
14820008,2,1,0,1
14820015,1,1,0,0
14820028,1,0,0,1
14821000,1,0,1,0
14822000,1,0,0,1
14822001,1,0,1,0
14822002,2,0,2,1
14822003,1,1,0,0
14822004,1,0,1,0
14822006,1,0,1,0
14822009,2,2,0,0
14822010,4,2,1,1
14822013,1,0,1,0
14823000,3,2,0,1
14826006,1,0,0,1
14826011,1,1,0,0
14826012,1,1,0,0
14826019,1,0,0,1
14826022,1,0,0,1
14826023,1,0,0,1
14827002,1,0,1,0
14828002,1,0,1,0
14828017,1,0,1,0
14830004,2,1,0,1
14830006,1,0,0,1
14830013,1,1,1,0
14830014,2,1,0,1
14830016,1,1,0,0
14830017,1,1,0,0
14830018,2,1,1,0
14830021,1,0,1,0
14830022,1,1,0,0
14830029,1,1,0,1
14830032,2,1,1,0
14830033,1,1,0,0
14830034,1,0,1,0
14830038,1,0,1,0
14830041,1,0,0,1
14831001,3,2,1,0
14831002,2,0,1,1
14831005,2,2,0,0
14831007,2,0,0,2
14831008,2,0,0,2
14831012,1,0,1,0
14831014,1,1,0,1
14831015,1,1,0,0
14831016,1,1,0,0
14831017,2,1,1,0
14831020,2,1,1,0
14831023,1,0,1,0
14831027,1,0,1,0
14831029,1,0,1,0
14831031,1,0,1,0
14831032,1,1,0,0
14831034,1,0,0,1
14831035,1,0,0,1
14831036,1,0,0,1
14832000,1,0,0,1
14832022,1,0,1,0
14833003,3,0,2,1
14833008,2,2,0,0
14833009,5,0,1,4
14833011,1,0,0,1
14833014,1,0,1,0
14834000,1,1,0,0
14834001,1,1,0,0
14834002,1,1,0,0
14834007,3,2,0,1
14834008,2,2,0,0
14834009,2,1,1,0
14834010,3,1,1,1
14834015,1,1,0,0
14834016,5,5,0,0
14835002,1,1,0,0
14835003,1,1,0,0
14835005,2,2,0,0
14835008,1,1,0,0
14835011,2,2,0,0
14835012,1,1,0,0
14835013,1,0,1,0
14835015,1,0,1,0
14835017,1,1,0,0
14835020,1,1,0,0
14835021,1,1,0,0
14835022,2,0,0,2
14835029,1,1,0,0
14835030,1,1,0,0
14835060,3,2,1,0
14836007,2,1,0,1
14836010,1,1,0,0
14836011,1,0,0,1
14836012,3,1,1,1
14836013,5,2,2,1
14836022,1,0,1,0
14837003,2,2,0,0
14837004,1,1,0,0
14837005,2,0,0,2
14837006,2,2,0,0
14837008,1,1,0,0
14837013,1,1,0,1
14838000,1,1,0,0
14838002,2,2,0,0
14839000,1,0,1,0
14839008,1,0,0,1
14839012,3,1,1,1
14839013,1,0,0,1
14839048,1,0,1,0
14839050,1,0,0,1
14839052,1,0,0,1
14840000,1,0,1,0
14840001,1,0,1,0
14840003,1,1,0,0
14841003,2,0,2,0
14841008,6,3,3,0
14841016,1,0,1,0
14841018,1,0,1,0
14842012,2,2,0,0
14842019,1,1,0,0
14842022,1,1,0,0
14842023,1,0,0,1
14842024,2,2,0,0
14842025,1,1,0,0
14842026,1,1,0,0
14843015,2,0,1,1
14843017,1,1,0,0
14843019,1,1,0,0
14843021,1,0,1,0
14843025,1,0,0,1
14843027,2,1,1,0
14843028,1,0,1,0
14844004,1,1,0,0
14844009,1,1,0,0
14844011,1,0,1,0
14844017,2,2,0,0
14844021,1,1,0,0
14844025,1,1,0,0
14844026,1,1,0,0
14844027,1,0,0,1
14844035,1,0,1,0
14844038,1,0,0,1
14844039,1,0,1,0
14844043,3,1,1,1
14845001,1,0,1,0
14845002,1,0,0,1
14845008,4,2,0,3
14845009,4,1,1,2
14845010,1,1,1,0
14845017,1,1,0,0
14845026,1,1,0,0
14846000,2,0,2,0
14846001,2,2,0,0
14846003,1,1,0,0
14846011,1,1,0,0
14846013,3,0,3,0
14846016,4,2,1,1
14846021,2,1,1,0
14846022,1,1,0,0
14846025,1,0,1,0
14846026,3,2,1,0
14847016,1,1,0,0
14847018,1,1,0,0
14847025,1,0,0,1
14850005,2,1,1,0
14850010,1,1,0,0
14850011,1,0,1,1
14850017,1,0,1,0
14851005,2,0,1,1
14851008,1,0,1,0
14851011,1,0,1,0
14851013,1,1,0,0
14852010,1,0,1,0
14853000,1,0,0,1
14853003,1,0,0,1
14860014,4,1,1,3
14860017,10,4,2,4
14860020,12,5,7,0
14860021,4,1,3,0
14860022,11,2,8,1
14860025,5,0,1,4
14860028,1,0,1,0
14861002,2,1,1,0
14861003,2,1,1,0
14861007,3,0,2,1
14862003,1,0,1,0
14862007,1,0,1,0
14863003,4,0,1,3
14863005,1,0,0,1
14863007,1,0,0,1
14863008,6,2,2,3
14863009,1,1,0,0
14863010,1,0,0,1
14865002,1,0,0,1
14870001,1,1,0,0
14870005,1,1,0,0
14870011,2,1,1,0
14871000,4,2,2,0
14872000,1,1,0,0
14872001,2,0,2,0
14873001,5,2,2,1
14873003,2,1,0,1
14873004,1,1,0,0
14874000,3,1,1,1
14900003,1,1,0,0
14900006,2,0,1,1
14900008,5,1,3,1
14900009,1,1,0,1
14900010,2,1,0,1
14900011,3,1,0,3
14900013,1,1,0,1
14900014,3,2,0,1
14900015,3,0,2,1
14900016,2,0,2,0
14900017,2,1,1,0
14900019,2,0,2,0
14900021,1,0,1,0
14900022,2,1,1,0
14900023,1,1,0,0
14901002,2,1,1,0
14902001,1,0,1,0
14903000,1,0,1,0
14903001,1,0,1,0
14903002,1,0,1,0
14903004,1,1,0,0
14903005,1,0,1,0
14905002,1,1,0,0
14905003,1,1,0,0
14905004,2,1,1,0
14905005,1,1,0,0
14905006,1,0,1,0
14905009,1,1,0,0
14906002,2,1,0,1
14906007,2,2,0,0
14906009,1,0,1,0
14906010,1,1,0,0
14906011,1,1,0,0
14906012,1,1,0,0
14906014,1,1,0,0
14911001,1,1,0,0
14911003,2,1,0,1
14912001,1,1,0,0
14912005,1,1,0,0
14914000,1,1,0,0
14914003,1,1,0,0
14916000,2,0,2,1
14916003,1,0,1,0
14916004,3,2,1,0
14916005,5,2,2,1
14916007,2,0,0,2
14916008,1,0,1,0
14916009,1,0,0,1
14917010,2,1,2,1
14917012,1,0,1,0
14917013,1,0,1,0
14920004,1,1,0,0
14924000,1,0,1,0
14925005,1,0,1,0
14926001,1,0,0,1
14926002,1,1,0,0
14928003,1,0,1,0
14930002,1,0,1,0
14931001,1,0,1,0
14931004,1,0,1,0
14932002,3,2,0,1
14932008,2,2,0,0
14932011,1,1,0,0
14932012,1,0,1,0
14932016,4,2,1,1
14933000,1,1,0,0
14940000,1,0,0,1
14943016,1,1,0,0
14943025,1,1,0,0
14944000,1,0,1,0
14956000,1,0,0,1
14956002,4,0,2,2
14956008,1,0,1,0
14956014,1,0,1,0
15000000,1,1,0,0
15000006,7,4,3,1
15000007,8,4,0,4
15000008,2,0,0,2
15000020,1,0,0,1
15000021,7,6,2,2
15000029,1,1,0,0
15000051,2,0,0,2
15002000,1,1,0,0
15004001,1,0,0,1
15004003,1,0,1,1
15004005,2,0,1,1
15004009,1,1,0,0
15004012,4,1,1,3
15004015,1,0,0,1
15004024,6,0,2,4
15004027,1,1,0,0
15004032,1,1,0,0
15004033,1,0,1,0
15004036,6,1,4,1
15004041,1,1,0,0
15004043,1,0,1,0
15004044,2,0,2,0
15004045,1,0,1,0
15004046,1,0,1,0
15004048,2,0,1,1
15004049,2,2,0,0
15004051,2,1,0,1
15004053,1,0,1,0
15004057,1,0,1,0
15004058,1,1,0,0
15004062,3,0,0,3
15004066,1,1,0,0
15004067,1,0,0,1
15004070,1,0,1,0
15004077,2,0,1,1
15004080,2,0,0,2
15004082,1,0,0,1
15005000,2,2,0,0
15005010,1,0,0,1
15010004,1,1,0,0
15010012,1,0,1,0
15010017,1,0,1,0
15012001,1,0,0,1
15012002,1,1,0,0
15012003,1,0,0,1
15012006,1,0,0,1
15012007,4,3,0,1
15019015,3,3,0,0
15019017,1,1,0,0
15019020,1,0,0,1
15019023,1,0,0,1
15019024,1,0,0,1
15019025,1,0,0,1
15019026,1,0,0,1
15021022,1,0,0,1
15021023,1,1,0,0
15021028,1,0,0,1
15021029,1,0,0,1
15021030,1,0,0,1
15022002,1,1,1,0
15022004,1,1,0,0
15029013,1,0,0,1
15029040,1,0,0,1
15100000,2,2,0,0
15101001,1,0,0,1
15101003,3,1,1,1
15101004,1,0,0,1
15101005,1,1,0,0
15102001,1,0,1,0
15102002,1,1,0,0
15103000,2,1,1,0
15104008,1,1,0,0
15104009,3,3,1,0
15104011,2,0,0,2
15104012,3,1,1,2
15104013,1,0,0,1
15104014,2,1,0,1
15104015,1,1,0,0
15104020,3,1,1,1
15104025,2,0,2,0
15104026,1,0,0,1
15104036,1,0,0,1
15105001,1,0,0,1
15110000,6,1,2,3
15110001,18,5,8,10
15110002,3,1,0,2
15110004,2,0,1,2
15110005,3,0,1,2
15110008,2,2,1,0
15110009,2,2,0,0
15110010,3,1,1,1
15110012,1,0,0,1
15110013,4,0,3,1
15110014,6,4,2,4
15110015,20,12,4,4
15110016,1,1,0,0
15110018,3,1,2,1
15110020,1,0,1,0
15110021,1,1,0,0
15110022,1,0,1,0
15110026,1,0,0,1
15110027,3,0,3,0
15110028,5,3,0,2
15110029,3,0,2,1
15110030,5,2,4,1
15110031,8,6,2,1
15110033,4,1,1,2
15110035,3,1,1,1
15110038,3,0,2,2
15110041,2,0,0,2
15110042,3,1,2,0
15110043,4,0,4,1
15110044,6,2,2,4
15110045,1,1,0,0
15110046,4,1,1,2
15110047,1,0,0,1
15110049,2,0,0,2
15110051,2,1,1,0
15110052,1,1,0,0
15110060,1,1,0,0
15110063,4,3,1,0
15110066,1,0,1,0
15110068,2,1,1,0
15110069,7,2,3,3
15110071,11,3,8,1
15110073,2,0,0,2
15110075,2,0,1,1
15110076,7,2,3,2
15110078,1,1,0,0
15110079,2,1,0,1
15110080,8,4,2,2
15110083,1,0,0,1
15111000,4,2,0,2
15111001,5,3,1,2
15111002,7,1,4,2
15111003,1,1,0,0
15111005,3,3,0,0
15111010,5,1,4,3
15111011,1,0,1,0
15111012,1,0,0,1
15113000,4,1,1,2
15113001,1,1,0,0
15113002,5,1,1,3
15113004,3,1,1,1
15114000,7,1,6,1
15114001,2,1,0,1
15114003,1,0,0,1
15114004,1,1,0,0
15114005,3,2,1,0
15114006,4,1,1,2
15114008,1,0,0,1
15114010,5,2,2,1
15114011,1,0,0,1
15114012,2,0,0,2
15114013,5,1,1,3
15114014,1,1,0,0
15114015,11,1,5,7
15114031,3,2,2,0
15114032,2,1,0,1
15114033,2,0,2,0
15114036,3,0,1,2
15114037,1,0,0,1
15115000,8,4,3,1
15115001,7,4,5,1
15115002,10,3,7,1
15115003,14,5,4,5
15115004,2,0,0,2
15115007,5,3,1,1
15115008,5,2,1,2
15115009,3,0,0,3
15115010,1,0,0,1
15115012,2,1,0,1
15115013,1,1,0,0
15115014,3,2,2,0
15115015,8,3,3,2
15115024,3,2,1,0
15115025,1,0,1,0
15115026,4,1,3,0
15115027,3,0,2,2
15115028,10,2,2,7
15115030,3,2,2,0
15115031,4,2,2,1
15115034,9,3,3,4
15115035,1,0,1,0
15115043,3,0,2,1
15115044,3,0,0,3
15116001,7,1,2,4
15116002,4,0,3,1
15116003,5,1,2,2
15119000,9,4,2,5
15119001,11,3,6,5
15119007,2,1,2,1
15119009,3,1,0,2
15120000,8,5,1,2
15120001,1,0,1,0
15120002,1,0,1,0
15120003,2,0,2,0
15120004,3,1,1,1
15120005,2,0,1,1
15120006,2,0,2,0
15120007,2,2,0,0
15120012,1,0,0,1
15120013,1,1,0,0
15120015,1,0,1,0
15121001,4,1,2,1
15121002,1,1,1,0
15123000,1,0,0,1
15130002,3,2,0,1
15130006,1,0,1,0
15130007,1,0,0,1
15130009,8,1,2,5
15130010,2,0,1,1
15130011,1,1,0,0
15130013,8,0,7,2
15130015,5,4,0,1
15130016,1,1,0,0
15130024,5,3,1,3
15130025,1,0,0,1
15130026,1,0,1,0
15130027,24,9,10,9
15130029,1,1,0,0
15130034,11,1,4,6
15130035,7,0,0,7
15131001,1,1,1,0
15131002,1,0,0,1
15139002,1,0,0,1
15139008,1,0,1,0
15139011,2,0,1,2
15139013,2,0,2,0
15139017,1,0,0,1
15139018,1,0,0,1
15139023,2,0,1,1
15139024,1,0,1,0
15139025,1,0,0,1
15140001,1,1,0,0
15140003,1,0,0,1
15140004,1,0,0,1
15140007,1,1,0,0
15140009,2,2,0,0
15140012,1,1,0,0
15140018,1,0,0,1
15149000,1,0,0,1
15149001,1,0,0,1
15149003,1,1,0,0
15149005,2,1,1,0
15149006,2,0,0,2
15149011,2,1,2,0
15200000,1,1,1,0
15200001,4,2,0,2
15200002,4,0,4,0
15200003,2,0,0,2
15200004,5,1,1,4
15200005,2,0,2,0
15200007,23,8,14,9
15200008,13,6,3,5
15200009,2,0,2,0
15200010,3,3,0,0
15200011,1,1,0,0
15200012,2,0,0,2
15201002,2,0,2,0
15201003,1,0,0,1
15201005,3,2,1,0
15202001,6,3,3,0
15202002,2,1,0,1
15202003,2,0,1,2
15202005,2,1,1,0
15202006,3,0,3,0
15202007,1,1,0,0
15202008,2,0,2,0
15202012,3,1,1,1
15202017,1,0,0,1
15202020,2,0,1,1
15202021,2,1,0,1
15202028,6,2,3,1
15202030,2,1,0,1
15202033,1,0,0,1
15202037,5,3,1,1
15202039,1,0,1,0
15202040,1,0,1,0
15202044,17,7,7,7
15202045,3,2,1,0
15202049,1,0,0,1
15202050,1,0,0,1
15202053,2,0,2,0
15202057,1,0,1,0
15202061,1,0,0,1
15202063,1,0,1,0
15202069,2,1,0,1
15202072,2,2,0,0
15202074,3,2,1,0
15202077,3,0,1,2
15202078,2,0,0,2
15202080,1,0,0,1
15209006,1,0,0,1
15209007,2,1,0,1
15209009,4,1,1,2
15209017,1,0,1,0
15209018,1,0,0,1
15209021,2,1,1,0
15209023,5,2,3,1
15209030,1,1,0,0
15210001,1,1,0,0
15211000,3,2,0,1
15211004,2,1,0,1
15219000,2,0,1,1
15219001,1,1,0,0
15219005,2,1,0,1
15230001,16,5,4,8
15230002,2,0,0,2
15230003,5,2,2,1
15230004,1,1,0,0
15231001,1,0,0,1
15231002,2,1,0,1
15231004,7,1,2,5
15231005,8,0,4,5
15231006,5,0,3,3
15231007,8,4,3,3
15231008,5,3,1,1
15232001,10,0,4,7
15232002,3,0,2,1
15232003,5,1,3,1
15232004,7,1,5,1
15235001,3,1,1,3
15240006,1,1,0,0
15240008,1,0,0,1
15240009,1,0,1,0
15240010,1,0,1,0
15240015,1,0,0,1
15241009,1,1,0,0
15241011,1,1,0,0
15241012,1,1,0,0
15241019,1,0,0,1
15242001,1,0,1,0
15242004,1,0,0,1
15242005,1,0,1,0
15242009,1,0,1,0
15242010,1,0,0,1
15242015,1,1,0,0
15242019,1,0,0,1
15242026,1,0,0,1
15242028,2,1,0,1
15242031,1,1,0,0
15242033,2,2,0,0
15242035,2,0,1,1
15242036,3,0,3,0
15242037,2,1,1,0
15242038,1,1,0,0
15242039,1,1,0,0
15242042,2,2,0,0
15242044,2,0,2,0
15243000,1,1,0,0
15249001,1,1,0,0
15250003,2,0,1,1
15261002,2,0,1,1
15263001,2,0,0,2
15263003,1,1,0,0
15263006,1,0,1,0
15269008,1,0,1,0
15303000,1,0,1,0
15303002,1,0,0,1
15306002,1,1,0,0
15306009,1,0,1,0
15320000,2,1,0,1
15320001,2,0,1,1
15320002,1,0,1,0
15321002,1,1,0,0
15323000,1,0,1,0
15323002,1,0,1,0
15323003,1,1,0,0
15323004,1,1,0,0
15323005,1,0,0,1
15333001,1,0,0,1
15333005,1,1,0,0
15339001,2,0,1,1
15340018,1,1,0,0
15340032,1,1,0,0
15343006,2,1,1,0
15343007,2,0,1,1
15343010,2,1,1,0
15343012,1,1,0,0
15343016,1,1,0,0
15343018,2,2,0,0
15401007,3,1,2,0
15402005,3,1,0,2
15402007,3,1,1,1
15402019,2,1,1,0
15402028,1,1,0,0
15402030,1,0,0,1
15402032,4,1,1,2
15402033,1,1,0,0
15402034,1,0,1,0
15402035,2,2,0,0
15404002,1,0,0,1
15404007,1,0,0,1
15404010,2,0,1,1
15404014,1,1,0,0
15404016,1,0,1,0
15405002,2,1,1,1
15409006,1,0,1,0
15410002,5,5,0,0
15410012,2,2,0,0
15410015,4,4,0,0
15410016,4,2,2,0
15410031,1,1,0,0
15410032,1,1,0,0
15410033,3,3,0,0
15410034,2,2,0,0
15410036,4,4,0,0
15410037,1,1,0,0
15411000,4,4,0,0
15411006,1,1,0,0
15412004,2,2,0,0
15415002,1,1,0,0
15415014,1,1,0,0
15415015,1,1,0,0
15415020,3,3,0,0
15419001,2,0,0,2
15419006,1,1,0,0
15419007,1,1,0,0
15419009,1,1,0,0
15419013,2,2,0,0
15419026,1,1,0,0
15419030,1,1,0,0
15420002,1,1,0,0
15421002,3,2,0,1
15424004,1,0,1,0
15430000,1,0,1,0
15432003,3,1,1,1
15433002,1,0,0,1
15433003,1,0,1,0
15433008,1,0,1,0
15433014,1,0,1,0
15433019,1,0,1,0
15451005,1,0,1,0
15459012,1,0,0,1
15459015,1,0,1,0
15459021,1,0,0,1
15459036,1,1,0,0
15469002,1,0,1,0
15469016,1,0,0,1
15469024,1,1,0,0
15469025,1,1,0,0
15469029,1,0,0,1
15501000,1,1,0,0
15501001,1,1,0,0
15502002,1,1,0,0
15502003,1,1,0,0
15502004,1,0,1,0
15502009,1,0,1,0
15502015,1,0,1,0
15502022,1,0,1,0
15502030,7,2,5,0
15502031,5,3,1,1
15502035,1,0,0,1
15502036,3,2,0,2
15502038,1,0,1,0
15502039,4,1,3,0
15502043,2,0,0,2
15502049,2,0,2,0
15502061,3,0,2,2
15502062,2,0,1,1
15502063,1,0,1,0
15502065,1,0,1,0
15502071,1,0,0,1
15503000,1,1,0,0
15503022,1,1,0,1
15503026,3,0,2,1
15503029,1,0,0,1
15503044,1,0,0,1
15603047,1,0,1,0
15604001,1,1,0,0
15604005,1,1,0,0
15604006,1,1,0,0
15604009,1,1,0,0
15604010,2,2,0,0
15604039,1,1,0,0
15604048,1,1,0,0
15605005,1,1,0,0
15605006,1,0,1,0
15605013,2,0,0,2
15605016,3,2,0,1
15605023,1,0,1,0
15605048,6,3,1,2
15605051,2,0,1,1
15605055,3,2,1,0
15605056,1,1,0,0
15605059,1,0,0,1
15605060,1,0,1,0
20012187,4,0,1,3
20012188,3,2,1,0
20101005,1,0,0,1
20101014,1,1,0,0
20102004,1,0,0,1
20103016,2,1,1,0
20103019,5,2,2,1
20110008,1,1,0,0
20110014,15,6,2,8
20110019,3,0,2,1
20111019,1,0,0,1
20121037,11,3,3,6
20121056,2,2,0,0
20121061,3,2,1,1
20130000,6,1,2,4
20130019,1,1,0,0
20130090,2,2,0,0
20201016,1,0,0,1
20202009,5,2,2,2
21000001,2,1,0,1
21000002,1,0,0,1
21000016,1,0,1,0
21000019,1,0,0,1
21011008,1,1,0,0
21011010,2,1,0,1
21011022,1,0,1,0
21011027,4,1,0,3
21011031,1,0,0,1
21012003,1,0,0,1
21012004,3,0,3,0
21020051,1,1,0,0
21021031,1,1,0,0
21021043,14,2,4,9
21021045,2,0,0,2
21021065,1,0,0,1
21110004,4,1,2,1
21120007,4,0,0,4
21200004,8,4,5,1
21200006,3,2,1,0
21200008,1,0,0,1
21200012,1,1,0,0
21400001,3,1,2,0
21400005,6,4,3,0
21400008,1,1,0,0
21400019,2,0,1,1
21700003,1,1,0,0
21700018,1,1,0,0
21801116,3,3,1,1
21801119,1,1,0,0
21801125,17,5,7,5
22000008,1,1,0,0
22000010,9,0,8,1
22000029,5,0,1,4
22000049,12,0,4,8
22001000,1,0,1,0
22001001,12,0,11,1
22001003,1,1,0,0
22001006,19,0,0,19
22001008,10,4,5,2
22001038,16,7,8,3
22002002,1,0,1,0
22002240,2,0,0,2
22003000,1,0,0,1
22004008,2,0,0,2
22007004,1,0,1,0
22007005,15,8,2,5
22007011,7,0,5,3
22007019,1,0,1,0
22007026,9,0,1,8
22007027,10,9,0,1
22007031,3,1,1,1
22008000,1,0,1,0
22008001,8,2,5,2
22008011,10,3,3,5
22008012,14,7,3,6
22008017,1,0,1,0
22008019,27,7,13,14
22008020,32,10,15,9
22008021,28,14,11,6
22008029,1,1,0,0
22010001,7,5,3,0
22010003,1,0,0,1
22010005,1,0,1,0
22010022,1,1,0,0
22010029,1,1,0,0
22010032,4,3,0,1
22010033,5,2,4,0
22010034,6,0,1,5
22012000,8,5,3,0
22012011,9,9,0,0
22012023,1,1,0,0
22013004,1,1,0,0
22013005,2,1,1,0
22013007,1,0,0,1
22013008,23,23,0,0
22013021,1,1,0,0
22013022,26,5,15,8
22020000,8,6,2,0
22020001,3,1,1,1
22020005,5,3,2,0
22020006,6,0,0,6
22020008,5,1,1,4
22020010,4,0,1,3
22021002,1,0,0,1
22021003,5,0,0,5
22021008,2,0,0,2
22021009,5,0,2,3
22021010,1,0,1,0
22021011,1,0,1,0
22021260,23,13,5,5
22021268,3,0,1,2
22030011,3,2,0,1
22030050,1,1,0,0
22032000,8,8,0,0
22032015,1,1,0,0
22034000,30,11,14,7
22034003,1,0,1,0
22034004,5,1,3,1
22034006,2,0,2,0
22034026,12,1,11,0
22035013,1,1,0,0
22036000,84,40,29,32
22036014,1,0,1,0
22040007,3,2,1,0
22040009,4,3,1,1
22040011,6,2,3,1
22040016,1,1,0,0
22041000,1,0,0,1
22071000,10,0,8,2
22071001,1,0,1,0
22100000,9,0,3,7
22100002,1,0,0,1
22100010,5,1,0,4
22100025,4,1,3,0
22100056,2,1,0,1
22101000,17,4,6,7
22101001,30,13,14,7
22101003,2,2,0,0
22101004,1,0,1,0
22101005,3,3,0,0
22101006,1,1,0,0
22101008,3,2,0,1
22102000,15,10,2,5
22102001,8,3,2,3
22102004,25,9,8,10
22102005,42,13,13,21
22102006,7,3,1,3
22102009,4,1,3,1
22102013,7,3,0,4
22102014,58,23,15,25
22103000,7,3,4,1
22103001,13,4,2,9
22103003,6,1,4,1
22103004,22,12,6,7
22103005,21,7,6,10
22103006,6,3,3,0
22103007,5,3,1,1
22103010,6,4,3,0
22103011,11,5,6,1
22103013,6,3,2,1
22110003,7,2,5,0
22110004,1,1,1,0
22110005,4,0,4,0
22110085,1,1,0,0
22111004,33,17,6,12
22111006,3,2,0,1
22111008,10,3,5,2
22111012,9,2,1,6
22111015,12,5,5,3
22111018,3,0,2,1
22111025,5,0,4,1
22111026,11,5,5,2
22111028,4,3,1,0
22111029,7,4,1,2
22111031,10,3,1,6
22111034,4,0,4,0
22120003,2,1,1,0
22120004,17,15,3,0
22120005,15,12,1,2
22120015,4,4,0,0
22120016,2,1,0,1
22120017,2,2,0,0
22120028,11,4,5,3
22120039,19,9,7,3
22120044,2,1,1,0
22120055,4,0,0,4
22130000,23,8,11,5
22130003,3,0,1,2
22130007,17,7,7,5
22130010,12,2,4,8
22130011,12,4,3,5
22130012,1,0,1,0
22130016,14,6,7,1
22130017,22,11,6,8
22130018,6,2,2,2
22130022,1,1,0,0
22130029,2,0,2,0
22131003,1,0,1,0
22131004,3,0,1,3
22131005,2,0,1,1
22132008,1,0,0,1
22132010,12,4,4,4
22160001,2,1,1,1
22170001,21,11,8,5
22170003,3,0,2,1
22170004,1,0,1,0
22171000,8,6,2,0
22171002,1,0,0,1
22171004,8,3,2,3
22172000,16,6,1,10
22172002,3,3,0,0
22172003,3,0,0,3
22172004,7,0,1,6
22172005,13,9,2,2
22172006,6,4,2,0
22172007,15,8,5,4
22172008,9,4,2,3
22172010,1,1,0,0
22172012,6,2,2,2
22172013,4,4,1,0
22180002,4,0,3,1
22180003,5,2,2,1
22190000,26,15,10,7
22190002,10,7,1,3
22500001,1,0,0,1
22500022,18,6,6,6
22500056,1,1,0,0
22500072,6,1,5,0
22500094,8,0,6,2
22500099,1,1,0,0
22500101,1,0,1,0
22501003,2,0,0,2
22503000,3,2,1,0
22511000,5,1,3,2
22520002,2,0,2,0
22600000,6,5,1,0
22600002,7,1,1,5
22601000,29,12,6,13
22601044,1,0,1,0
22602000,2,1,1,0
22602001,1,0,1,0
22603000,3,0,1,2
22603001,1,1,0,0
22603002,1,1,0,0
22604000,2,1,0,1
22610000,1,0,0,1
22610002,4,1,1,2
22620000,1,0,1,0
22621000,2,1,0,1
22630000,3,1,2,0
22630002,1,0,0,1
22630004,2,0,2,0
22630008,2,0,1,1
22630009,3,0,1,2
22630010,1,0,0,1
22630013,1,1,0,0
22630049,2,2,0,0
22631002,6,2,2,2
22631004,2,1,1,0
22631005,5,2,3,0
22671051,1,1,0,0
22671053,2,0,1,1
22671054,1,1,0,0
22671055,3,1,0,2
22671057,1,1,0,0
22671058,1,0,1,1
22671070,2,0,0,2
22671072,1,1,0,0
22671078,1,1,0,0
22671079,1,0,1,0
22701000,1,1,0,0
22701003,7,3,1,3
22701007,1,1,0,0
22701008,3,2,0,1
22701009,5,1,2,2
22701011,3,1,2,0
22701014,24,3,8,14
22701018,1,0,1,0
22701020,3,2,1,0
22701021,4,0,4,0
22702002,1,1,0,0
22702004,2,0,1,1
22702005,5,3,2,0
22702006,4,1,1,2
22710000,2,2,0,0
22710003,4,4,0,0
22710005,1,1,0,0
22710009,2,2,0,0
22711000,6,5,1,0
22712001,5,4,1,1
22713001,7,7,0,0
22713002,5,5,0,0
22713003,1,0,0,1
22713004,3,2,1,0
22713007,1,1,0,0
22713008,1,1,0,0
22714000,1,1,0,0
22714001,3,3,0,0
22714002,5,4,1,0
22715002,1,1,0,0
22715003,1,1,0,0
22715004,2,2,0,0
22715006,6,5,2,0
22715007,3,2,1,0
22716000,5,4,1,0
22716001,1,1,0,0
22716002,1,0,1,0
22716003,2,2,0,0
22716004,5,3,2,0
22716005,3,1,2,0
22800000,4,1,1,2
22800001,2,0,0,2
22801000,2,0,1,1
22802001,7,1,3,3
22821000,1,0,0,1
22830000,2,1,1,0
22830002,5,1,3,1
22830003,2,1,1,0
22830005,3,1,2,0
22830007,2,0,1,1
22840002,2,1,1,0
22850004,1,0,0,1
22851001,1,0,0,1
22870001,1,0,1,0
22870002,1,0,1,0
22870003,1,0,1,0
22870004,1,0,1,0
22870009,1,0,0,1
22870011,1,0,0,1
22870016,1,0,1,0
22870021,1,0,0,1
22900001,1,0,0,1
22900002,1,1,0,0
22900005,1,0,1,0
22901000,1,0,0,1
22902012,1,0,1,0
23110001,51,13,15,31
23110006,22,6,6,11
23110007,33,6,18,12
23110009,88,39,40,33
23110028,3,0,2,1
23110029,1,1,0,0
23110124,4,0,0,4
23110144,1,0,0,1
23110145,2,1,0,1
23110174,13,3,6,5
23110175,14,4,7,3
23110184,1,0,1,0
23110185,2,0,0,2
23110187,1,0,1,0
23110188,1,1,0,0
23110189,1,0,1,0
23110190,5,1,4,1
23110192,1,0,1,0
23110193,2,1,1,0
23112029,4,3,1,0
23112032,8,2,3,3
23112035,1,0,0,1
23112036,2,1,1,0
23113003,3,0,3,0
23113005,2,0,1,1
23113022,1,0,1,0
23113023,2,1,1,0
23113024,3,1,1,1
23113025,4,0,1,3
23113026,6,1,3,2
23113027,4,2,2,1
23120001,26,9,9,10
23120059,3,3,0,0
23121045,1,1,0,0
23121048,1,0,1,0
23121051,1,1,0,0
23121052,23,12,5,9
23121053,3,0,3,0
23121061,1,0,0,1
23130012,1,0,1,0
23130075,2,0,2,0
23130079,1,0,1,0
23131002,31,10,9,14
23132061,13,7,9,4
23132063,21,9,6,7
23132068,21,6,5,10
23132072,5,2,3,0
23133017,2,2,0,0
23134002,10,7,1,2
23134003,29,11,13,6
23135027,1,1,0,0
23135028,3,2,0,1
23135029,1,0,1,0
23142012,3,1,0,2
23150004,1,0,1,0
23171006,2,2,0,0
24000137,3,1,0,2
24000333,7,7,0,0
24000334,3,3,0,0
24000335,1,1,0,0
24000370,4,2,1,1
24000371,1,1,0,0
24000373,8,1,3,6
24000377,2,1,1,0
24000385,1,1,0,0
24000388,6,4,1,2
24000391,1,0,1,0
24000393,1,0,1,0
24010000,3,1,1,1
24010016,1,1,0,0
24010017,14,4,4,6
24010380,1,1,0,0
24010384,11,1,6,4
24010809,12,2,5,6
24010811,2,2,0,0
24010812,3,0,3,0
24010816,4,3,1,0
24010817,13,10,2,4
24010819,11,1,5,7
24010823,8,6,0,3
24010825,2,1,1,0
24010829,3,0,0,3
24010886,2,1,0,1
24011002,2,1,0,1
24011017,3,1,2,1
24011018,2,0,2,0
24011096,2,0,0,2
24011098,2,0,1,1
24011099,1,1,0,0
24011103,1,1,0,0
24011108,2,1,0,1
24011110,2,0,2,0
24011146,2,0,0,2
24012001,4,4,0,0
24012002,2,0,2,0
24012009,3,2,1,0
24012113,1,1,0,0
24012114,3,0,2,1
24012150,1,0,1,0
24012151,6,2,1,3
24030062,3,1,1,1
24030065,1,1,0,0
24032005,1,1,0,0
24100000,2,2,0,0
24100003,3,1,1,1
24100023,2,0,2,0
24101000,9,4,2,4
24101002,12,4,4,6
24101003,6,0,2,4
24101005,2,2,0,0
24101006,9,4,4,5
24101076,2,0,0,2
24102002,3,1,1,1
24102003,1,1,0,0
24102005,3,2,0,1
24112016,1,0,1,0
24112019,2,1,0,1
24220016,1,0,1,0
24220019,1,0,0,1
24220021,1,0,0,1
24220022,1,0,0,1
24400000,1,0,0,1
24401008,7,3,2,2
24401009,4,3,1,0
24401012,1,0,0,1
24403016,1,0,0,1
24403017,1,1,0,0
24403022,1,0,0,1
24403028,2,0,0,2
25005060,5,2,3,0
25012012,9,8,1,3
25100108,6,4,1,1
25100113,3,0,1,2
25101002,3,2,0,2
25101011,16,5,4,9
25101014,1,0,0,1
25101044,21,9,6,13
25101046,8,1,2,5
25102024,1,1,0,0
25110012,5,2,3,0
25111009,17,5,13,1
25111021,5,3,0,2
25111048,25,8,8,10
25111051,8,0,4,5
25112008,2,1,0,2
25120014,10,2,5,3
25120016,39,17,11,19
25120034,1,0,0,1
25120035,3,2,2,0
25120036,8,0,2,7
25121001,1,0,0,1
25121003,12,7,5,1
25121013,4,1,1,2
25121021,1,0,0,1
25121022,4,1,3,0
25121074,1,0,1,0
25130010,7,5,3,0
25130014,2,2,0,0
25150001,2,2,0,0
25405948,1,0,0,1
27000006,1,0,1,0
27000007,3,0,2,1
27000008,1,0,0,1
27000012,2,2,0,0
27000013,1,1,0,0
27000019,1,1,0,0
27000020,2,0,2,0
27000033,2,1,1,0
27000037,3,1,1,1
27000201,1,1,0,0
27000556,1,0,0,1
27000573,16,9,5,9
27000574,20,5,9,11
27000575,2,2,0,0
27000576,21,8,11,5
27000578,4,2,1,1
27000581,19,4,12,5
27000582,33,6,17,17
27000583,4,0,4,0
27002042,3,3,0,0
27002045,2,2,0,0
27002163,3,1,1,1
27002164,1,0,0,1
27002165,2,2,1,0
27002166,2,1,1,0
27002167,3,1,0,2
27002169,7,3,2,2
27002173,1,1,0,1
27002174,6,3,1,4
27002176,2,0,2,0
27002177,2,2,0,0
27002178,1,0,1,0
27002182,2,0,1,1
27002185,2,1,0,1
27002186,2,1,1,0
27002188,6,1,3,2
27002194,9,3,3,4
27002264,2,0,0,2
27002436,1,0,0,1
27002437,1,0,0,1
27002438,1,0,0,1
27002440,4,1,1,2
27002495,1,0,0,1
27002554,1,0,0,1
27002555,9,4,4,2
27002557,1,1,0,0
27002560,5,3,1,2
27002561,2,0,2,0
27002573,2,0,2,0
27002590,1,0,0,1
27002594,1,0,0,1
27002595,3,0,1,3
27002630,2,0,2,0
27002632,1,0,1,0
27030003,1,1,0,0
27030020,1,1,0,0
27100542,27,11,9,11
27200170,1,0,0,1
27200924,32,14,9,15
27200925,6,2,3,3
27200937,1,0,0,1
27200938,16,1,7,9
27200939,10,3,4,3
27200940,3,1,2,0
27200941,2,1,1,0
27201062,2,0,2,0
27240000,11,5,3,4
27300273,30,14,11,11
27300274,44,25,21,12
27300276,10,2,3,5
27300278,4,0,2,2
27300279,2,0,1,1
27300280,3,1,2,1
27300281,13,6,4,5
27300282,12,6,5,3
27300283,2,1,0,2
27300284,5,3,1,2
27400047,2,0,1,2
27400048,3,1,0,2
27400052,1,0,0,1
27400061,1,1,0,0
27400118,1,0,1,1
27400119,1,0,0,1
27400126,8,1,4,4
27400145,9,3,4,3
27400158,3,1,1,1
27400289,14,10,3,1
27400302,7,2,2,4
27400708,4,0,1,3
27400855,16,7,5,7
27401709,2,1,0,1
27401714,8,1,5,5
27401715,2,0,2,0
27401758,3,2,1,0
27401765,1,1,0,0
27410000,55,22,26,20
27410001,18,7,6,6
27410002,9,3,0,6
27410003,30,7,11,14
27410005,5,0,3,2
27410042,15,8,8,1
27410043,1,1,0,0
27410044,14,5,6,5
27410045,13,6,5,3
27421002,1,1,0,0
30000023,1,0,1,0
30000032,1,1,0,0
30000034,2,1,1,0
30000044,1,0,1,0
30000087,1,1,0,0
30000088,1,1,0,0
30001002,1,0,1,0
30006010,1,1,0,0
30010005,1,0,1,0
30010009,1,1,0,0
30010022,1,0,1,0
30010023,1,1,0,0
30010026,2,1,1,0
30010028,1,0,0,1
30011008,1,1,0,0
30011031,1,0,0,1
30011032,1,0,1,0
30011055,1,0,1,0
30012008,1,0,1,0
30020004,1,0,0,1
30020008,1,0,1,0
30040005,1,1,0,0
30042010,1,1,0,0
30052006,1,1,0,0
30103007,1,0,1,0
30120016,1,0,1,0
30120019,1,0,1,0
30121051,1,1,0,0
30124013,1,0,0,1
30124014,1,1,0,0
30125056,1,1,0,0
30126028,1,1,0,0
30126032,1,1,0,0
30133012,1,0,1,0
30151021,1,1,0,0
30161021,1,1,0,0
30161022,1,1,0,0
30161035,1,1,0,0
30161040,2,2,0,0
30161041,1,1,0,0
30161042,1,1,0,0
30161050,1,1,0,0
30161060,1,1,0,0
30161069,1,1,0,0
30161076,1,1,0,0
30161100,1,1,0,0
30161104,1,1,0,0
30164006,1,0,0,1
30165005,1,1,0,0
30165007,1,1,0,0
30165014,1,0,1,0
30166007,1,1,0,0
30166015,1,1,0,0
30166033,1,0,1,0
30167002,1,0,1,0
30169004,2,0,1,1
30170011,2,1,1,0
30172011,1,1,0,0
30175038,1,1,0,0
30175044,1,1,0,0
30202006,2,0,0,2
30215029,1,0,1,0
30231003,2,0,0,2
30231014,1,1,0,0
30233108,1,1,0,0
30250014,1,1,0,0
30300050,1,0,1,0
30304008,1,1,0,0
30304016,1,0,0,1
30304020,1,1,0,0
30304027,3,3,0,0
30308013,1,0,0,1
30310005,1,0,1,0
30314019,1,0,1,0
30320001,2,1,0,1
30320004,1,1,0,0
30320005,1,1,0,0
30320006,1,0,1,0
30321003,1,0,1,0
30321004,4,1,0,3
30321005,1,1,0,0
30321006,1,0,1,0
30321007,1,0,1,0
30321009,1,0,0,1
30321012,1,1,0,0
30321013,1,0,1,0
30321014,1,0,1,0
30321015,1,1,0,0
30321020,2,0,2,0
30322005,1,0,0,1
30323001,6,3,2,1
30323002,1,0,0,1
30330003,1,0,1,0
30331013,1,1,0,0
30332004,1,1,0,0
30333022,1,0,1,0
30334006,1,0,1,0
30334046,2,0,1,1
30335004,1,1,0,0
30335024,1,1,0,0
30336009,1,0,1,0
30337001,1,1,0,0
30337002,1,1,0,0
30338006,1,0,0,1
30341002,1,0,1,0
30348008,1,1,0,0
30348013,1,1,0,0
30348014,1,0,1,0
30348025,1,0,1,0
30348027,1,1,0,0
30348035,1,1,0,0
30348044,1,1,0,0
30350019,1,0,1,0
30351006,1,0,0,1
30351007,3,1,0,2
30352001,1,0,1,0
30352002,1,1,0,0
30353003,1,0,1,0
30354003,1,0,1,0
30355011,1,1,0,0
30355015,1,0,1,0
30356005,3,2,0,1
30356011,1,0,1,0
30358001,1,1,0,0
30361024,1,0,1,0
30362001,1,0,0,1
30365001,1,1,0,0
30365017,1,0,1,0
30365021,3,0,2,1
30380001,19,4,6,9
30380002,124,65,43,44
30380003,199,83,100,96
30393014,1,1,0,0
30420003,2,0,2,0
30444008,1,0,1,0
30444014,1,1,0,0
30444019,1,1,0,0
30444020,1,0,0,1
30444021,1,0,1,0
30444024,1,0,0,1
30444029,4,0,3,1
30445001,1,0,0,1
30445008,2,1,1,0
30447003,1,1,0,0
30448004,1,1,0,0
30448017,1,0,0,1
30451039,2,2,0,0
30500027,2,2,0,0
30500039,1,1,0,0
30503012,1,1,0,0
30503013,1,1,0,0
30504004,1,1,0,0
30504005,1,1,0,0
30504008,1,0,1,0
30504016,1,1,1,0
30504019,1,0,0,1
30504022,1,1,1,0
30510012,2,0,0,2
30510016,1,1,0,0
30510023,1,1,0,0
30512010,1,1,0,0
30512030,1,1,0,0
30514002,1,1,0,0
30514005,2,2,0,0
30514006,1,0,0,1
30514008,1,1,0,0
30514009,1,1,0,0
30514026,1,0,1,0
30514028,2,1,0,1
30514043,1,1,0,0
30515009,1,1,0,0
30515011,1,0,0,1
30521007,1,0,0,1
30522026,1,0,1,0
30522039,2,0,2,0
30522045,2,2,0,0
30530029,1,0,1,0
30541002,1,1,0,0
30541004,1,1,0,0
30541006,1,0,0,1
30541007,1,0,1,0
30551004,1,0,0,1
30553002,1,0,0,1
30602030,1,1,0,0
30602043,1,0,0,1
30634005,1,0,1,0
30634012,1,0,0,1
30634013,1,0,1,0
30634014,2,0,2,0
30634017,1,0,1,0
30641001,1,0,1,0
30700001,1,0,1,0
30700002,1,1,0,0
30701009,1,0,1,0
30701033,1,0,0,1
30706011,1,1,0,0
30710012,1,1,0,0
30710016,1,0,0,1
30710052,1,1,0,0
30710060,1,1,0,0
30710067,1,1,0,0
30710077,1,0,1,0
30710078,1,0,1,0
30723006,1,0,1,0
30723007,1,0,1,0
30727001,1,0,1,0
30727003,1,0,1,0
30728002,1,0,0,1
30800006,1,0,0,1
30803006,1,0,0,1
30804025,1,1,0,0
30804031,1,1,0,0
30812004,1,1,0,0
30820030,1,0,0,1
30820046,1,0,1,0
30821001,1,1,0,0
30821004,1,1,0,0
30821007,1,0,1,0
30821008,1,0,1,0
30821022,1,0,1,0
30821044,1,0,1,0
30821053,1,0,1,0
30822009,1,0,1,0
30822024,1,1,0,0
30822034,1,0,1,0
30832012,1,0,1,0
30840004,1,0,1,0
30903063,1,0,1,0
31001001,1,0,0,1
31001015,1,1,0,0
31001057,1,0,0,1
31001059,1,0,0,1
31001071,1,0,1,0
31003025,1,0,0,1
31003026,1,1,0,0
31003034,1,0,1,0
31003047,1,0,0,1
31004003,2,0,1,1
31004009,1,0,0,1
31004032,1,0,0,1
31010017,1,1,0,0
31012011,1,0,1,0
31017018,1,0,0,1
31021006,1,0,0,1
31021008,1,0,0,1
31021021,1,0,0,1
31021026,1,1,0,0
31021031,1,1,0,0
31022005,1,0,1,0
31023012,1,0,0,1
31024010,1,0,0,1
31028006,1,1,0,0
31029004,1,0,1,0
31031003,1,1,0,0
31032011,1,1,0,0
31042000,1,0,0,1
31042017,2,1,1,0
31042054,1,0,0,1
31047000,1,0,1,0
31049002,1,0,1,0
31049012,1,0,1,0
31131002,1,0,1,0
31133007,1,0,0,1
31135005,1,1,0,0
31137005,1,1,0,0
31302000,1,1,0,0
31423001,1,1,0,0
31425003,1,1,0,0
31425006,1,1,0,0
31425087,5,5,0,0
31425131,1,1,0,0
31425134,1,1,0,0
31425135,1,1,0,0
32012006,1,0,1,0
32013019,1,0,0,1
32030016,1,1,0,0
32043003,1,0,0,1
32143000,4,3,1,0
32143002,2,2,0,0
32203004,1,0,1,0
32214004,2,1,0,1
32300083,1,1,0,0
32314026,1,1,0,0
32316005,1,1,0,0
32316009,2,1,1,0
32316027,2,0,2,0
32316029,1,0,1,0
32322009,1,0,0,1
32322026,1,1,0,0
32323014,1,0,0,1
32325166,1,0,1,0
32325191,1,0,1,0
32325224,1,1,0,0
32325229,1,1,0,0
32325236,1,1,0,0
32325249,1,1,0,0
32350001,1,1,0,0
32352038,1,1,0,0
32352039,1,0,1,0
32360022,1,0,0,1
32360026,1,0,0,1
32361031,1,0,0,1
32368024,1,1,0,0
32403027,1,1,0,0
32416009,6,2,1,3
32416010,3,2,1,0
32736022,1,0,1,0
32821005,2,0,1,1
32917000,10,2,1,8
32917001,2,1,1,0
33001055,1,1,0,0
33007005,1,1,0,0
33018020,1,0,1,0
33060006,2,1,0,1
33060007,3,3,0,0
33060008,1,0,1,0
33060009,1,0,1,0
33060020,1,0,0,1
33060023,1,0,1,0
33060045,1,1,0,0
33060051,1,1,0,0
33060069,1,0,0,1
33064010,1,0,0,1
34032002,1,0,1,0
34038001,1,0,0,1
34051001,1,0,1,0
34051004,1,0,1,0
34053002,1,1,0,0
34100012,1,1,0,0
34101008,1,1,0,0
34101046,1,0,1,0
34101152,1,0,0,1
34113027,1,0,1,0
34121002,2,0,0,2
34121087,1,0,0,1
34121093,1,1,0,0
34121110,1,1,0,0
34127001,1,1,0,0
34135027,1,0,0,1
34200015,1,0,0,1
34203017,1,0,0,1
34204046,1,0,0,1
34204048,1,1,0,0
34204079,1,1,0,0
34204087,1,0,1,0
34204091,1,0,1,0
34204092,1,1,0,0
34204137,1,0,0,1
34204154,1,0,0,1
34204159,1,0,0,1
34204161,1,0,0,1
34204162,1,0,0,1
34207001,1,0,0,1
34207015,1,0,0,1
34211030,1,0,0,1
34211093,1,1,0,0
34211094,1,1,0,0
34212007,1,1,0,0
34212021,1,0,0,1
34220002,1,0,1,0
34220008,1,0,0,1
34220014,1,0,0,1
34220016,1,0,0,1
34220017,1,0,0,1
34225018,2,0,1,1
34225080,1,0,0,1
34225081,1,0,0,1
34226001,1,0,0,1
34240027,1,1,0,0
34250063,1,1,0,0
34304016,1,0,0,1
34304024,1,0,0,1
34333003,1,0,0,1
34511030,1,0,0,1
34511033,1,0,0,1
34511042,1,0,0,1
34511058,1,0,1,0
34513099,1,0,0,1
34513105,1,0,0,1
34513108,1,0,1,0
34513110,1,0,0,1
34641054,1,0,1,0
34831005,1,1,0,0
34900214,1,1,0,0
36010017,1,0,0,1
36010021,2,1,1,0
36010027,1,0,0,1
36020034,1,0,0,1
36020037,1,1,0,0
36022016,1,0,0,1
36023024,1,1,0,0
36030032,1,0,1,0
36030033,2,0,2,0
36030035,1,1,0,0
36030036,1,0,1,0
36030045,1,0,0,1
36035003,1,1,0,0
40000667,3,1,2,0
40000673,4,1,3,0
40000674,1,0,1,0
40000675,5,4,1,0
40000678,2,1,0,1
40000694,1,1,0,0
