i,i_user_agg_count_mean,i_user_agg_count_std,i_user_agg_count_max,i_user_agg_count_median,i_user_agg_amount_mean,i_user_agg_amount_std,i_user_agg_amount_max,i_user_agg_amount_median
10000000,1.0,0.0,1,1,10.8,0.0,10.8,10.8
10000003,1.0,0.0,1,1,5.9,0.0,5.9,5.9
10000004,1.0,0.0,1,1,5.8,0.0,5.8,5.8
10000005,1.0,0.0,1,1,2.0,0.0,2.0,2.0
10000006,1.2,0.4,2,1,3.24,1.08,5.4,2.7
10000007,1.0,0.0,1,1,4.5,0.0,4.5,4.5
10000009,1.5,0.5,2,2,9.75,3.25,13.0,13.0
10000010,1.0,0.0,1,1,6.2,0.0,6.2,6.2
10000011,1.0,0.0,1,1,2.7,0.0,2.7,2.7
10000012,1.0,0.0,1,1,10.8,0.0,10.8,10.8
10000013,1.5,0.5,2,2,3.3,1.1,4.4,4.4
10000015,1.0,0.0,1,1,2.7,0.0,2.7,2.7
10000016,2.0,0.0,2,2,7.6,0.0,7.6,7.6
10000025,2.4,1.74,5,1,6.92,5.23,15.0,3.0
10001002,1.0,0.0,1,1,4.5,0.0,4.5,4.5
10001007,2.33,1.25,4,2,6.3,3.37,10.8,5.4
10002002,1.0,0.0,1,1,6.2,0.0,6.2,6.2
10002003,1.0,0.0,1,1,2.2,0.0,2.2,2.2
10002005,1.0,0.0,1,1,7.8,0.0,7.8,7.8
10002007,1.0,0.0,1,1,2.7,0.0,2.7,2.7
10002015,1.0,0.0,1,1,4.0,0.0,4.0,4.0
10002017,1.0,0.0,1,1,5.8,0.0,5.8,5.8
10002019,1.0,0.0,1,1,2.7,0.0,2.7,2.7
10002022,1.0,0.0,1,1,2.7,0.0,2.7,2.7
10002026,1.0,0.0,1,1,15.0,0.0,15.0,15.0
10002027,1.0,0.0,1,1,15.0,0.0,15.0,15.0
10002028,1.0,0.0,1,1,15.0,0.0,15.0,15.0
10002030,1.0,0.0,1,1,3.8,0.0,3.8,3.8
10002031,1.0,0.0,1,1,3.0,0.0,3.0,3.0
10002033,2.0,0.0,2,2,4.4,0.0,4.4,4.4
10002034,1.0,0.0,1,1,2.7,0.0,2.7,2.7
10002038,1.0,0.0,1,1,1.6,0.0,1.6,1.6
10002039,2.0,0.0,2,2,5.6,0.0,5.6,5.6
10002040,1.0,0.0,1,1,3.8,0.0,3.8,3.8
10002046,1.0,0.0,1,1,2.7,0.0,2.7,2.7
10002049,1.0,0.0,1,1,3.8,0.0,3.8,3.8
10002050,1.0,0.0,1,1,19.9,0.0,19.9,19.9
10002052,1.0,0.0,1,1,55.2,0.0,55.2,55.2
10008001,1.0,0.0,1,1,4.0,0.0,4.0,4.0
10008002,1.0,0.0,1,1,4.0,0.0,4.0,4.0
10008011,1.0,0.0,1,1,6.8,0.0,6.8,6.8
10100003,1.0,0.0,1,1,13.85,1.95,15.8,15.8
10100004,1.0,0.0,1,1,16.8,0.0,16.8,16.8
10100005,1.0,0.0,1,1,16.8,0.0,16.8,16.8
10100007,1.0,0.0,1,1,15.8,0.0,15.8,15.8
10100010,1.0,0.0,1,1,15.8,0.0,15.8,15.8
10102002,1.0,0.0,1,1,15.8,0.0,15.8,15.8
10103000,1.0,0.0,1,1,4.0,0.0,4.0,4.0
10103001,1.0,0.0,1,1,11.9,0.0,11.9,11.9
10103003,1.0,0.0,1,1,16.8,0.0,16.8,16.8
10109002,1.0,0.0,1,1,11.9,0.0,11.9,11.9
10109004,1.0,0.0,1,1,16.8,0.0,16.8,16.8
10109005,3.0,0.0,3,3,50.4,0.0,50.4,50.4
10109009,1.0,0.0,1,1,16.8,0.0,16.8,16.8
10109010,1.0,0.0,1,1,16.8,0.0,16.8,16.8
10109014,1.0,0.0,1,1,16.8,0.0,16.8,16.8
10109015,1.0,0.0,1,1,16.8,0.0,16.8,16.8
10109017,1.0,0.0,1,1,25.5,0.0,25.5,25.5
10109021,1.0,0.0,1,1,15.8,0.0,15.8,15.8
10110000,1.5,0.5,2,2,6.75,2.25,9.0,9.0
10110010,1.0,0.0,1,1,14.9,0.0,14.9,14.9
10110012,1.0,0.0,1,1,2.5,0.0,2.5,2.5
10110016,1.0,0.0,1,1,6.5,0.0,6.5,6.5
10110017,1.14,0.35,2,1,3.31,1.01,5.8,2.9
10110025,1.0,0.0,1,1,7.6,0.0,7.6,7.6
10110034,1.0,0.0,1,1,6.5,0.0,6.5,6.5
10111002,1.0,0.0,1,1,4.0,0.0,4.0,4.0
10112004,1.5,0.5,2,2,8.85,2.95,11.8,11.8
10112014,1.0,0.0,1,1,3.9,0.0,3.9,3.9
10112019,1.0,0.0,1,1,7.9,0.0,7.9,7.9
10113000,1.0,0.0,1,1,4.5,0.0,4.5,4.5
10113005,1.0,0.0,1,1,2.9,0.0,2.9,2.9
10113006,1.0,0.0,1,1,6.9,0.0,6.9,6.9
10113007,1.0,0.0,1,1,2.9,0.0,2.9,2.9
10113012,1.0,0.0,1,1,7.9,0.0,7.9,7.9
10114000,1.0,0.0,1,1,4.5,0.0,4.5,4.5
10114004,1.0,0.0,1,1,2.5,0.0,2.5,2.5
10116000,1.0,0.0,1,1,4.5,0.0,4.5,4.5
10116003,1.0,0.0,1,1,12.0,0.0,12.0,12.0
10116032,1.0,0.0,1,1,2.6,0.0,2.6,2.6
10116039,2.0,0.0,2,2,13.0,0.0,13.0,13.0
10116045,1.0,0.0,1,1,7.9,0.0,7.9,7.9
10117000,1.5,0.5,2,2,3.75,1.25,5.0,5.0
10119008,1.0,0.0,1,1,5.0,0.0,5.0,5.0
10119011,2.0,0.0,2,2,13.6,0.0,13.6,13.6
10119013,1.0,0.0,1,1,6.8,0.0,6.8,6.8
10119020,1.0,0.0,1,1,12.8,0.0,12.8,12.8
10119024,1.0,0.0,1,1,5.5,0.0,5.5,5.5
10119028,1.5,0.5,2,2,14.85,4.95,19.8,19.8
10119050,1.0,0.0,1,1,8.8,0.0,8.8,8.8
10119051,1.0,0.0,1,1,8.8,0.0,8.8,8.8
10119061,1.0,0.0,1,1,5.0,0.0,5.0,5.0
10119074,1.0,0.0,1,1,10.9,0.0,10.9,10.9
10119075,1.0,0.0,1,1,2.8,0.0,2.8,2.8
10119104,1.0,0.0,1,1,5.0,0.0,5.0,5.0
10119134,1.0,0.0,1,1,7.9,0.0,7.9,7.9
10119136,1.0,0.0,1,1,4.5,0.0,4.5,4.5
10119137,1.0,0.0,1,1,4.5,0.0,4.5,4.5
10119138,1.0,0.0,1,1,4.5,0.0,4.5,4.5
10119139,1.0,0.0,1,1,4.5,0.0,4.5,4.5
10119140,1.0,0.0,1,1,5.0,0.0,5.0,5.0
10119146,1.0,0.0,1,1,2.99,0.0,2.99,2.99
10119147,1.25,0.43,2,1,4.19,2.08,7.8,2.99
10120000,1.0,0.0,1,1,48.0,0.0,48.0,48.0
10130001,2.0,0.0,2,2,5.0,0.0,5.0,5.0
10130002,1.33,0.47,2,1,5.2,1.84,7.8,3.9
10130004,2.5,1.5,4,4,7.0,4.2,11.2,11.2
10130006,1.33,0.47,2,1,7.33,2.59,11.0,5.5
10130009,1.0,0.0,1,1,5.5,0.0,5.5,5.5
10130010,1.0,0.0,1,1,6.0,0.0,6.0,6.0
10130011,1.0,0.0,1,1,2.5,0.0,2.5,2.5
10130012,1.0,0.0,1,1,4.9,0.0,4.9,4.9
10131000,1.0,0.0,1,1,2.5,0.0,2.5,2.5
10131001,1.0,0.0,1,1,2.5,0.0,2.5,2.5
10131002,2.0,1.0,3,3,6.89,3.9,10.79,10.79
10131007,1.0,0.0,1,1,5.5,0.0,5.5,5.5
10131008,1.0,0.0,1,1,2.5,0.0,2.5,2.5
10131017,1.67,0.94,3,1,9.2,4.53,15.6,6.0
10131019,1.0,0.0,1,1,4.9,0.0,4.9,4.9
10131020,4.5,2.5,7,7,6.75,3.75,10.5,10.5
10131021,1.0,0.0,1,1,4.9,0.0,4.9,4.9
10132000,1.0,0.0,1,1,3.9,0.0,3.9,3.9
10132001,2.0,0.0,2,2,5.0,0.0,5.0,5.0
10132002,2.0,1.41,4,1,7.8,5.52,15.6,3.9
10132003,1.0,0.0,1,1,2.5,0.0,2.5,2.5
10132005,1.0,0.0,1,1,5.5,0.0,5.5,5.5
10132017,1.17,0.37,2,1,6.4,1.5,9.6,6.0
10132019,1.0,0.0,1,1,2.5,0.0,2.5,2.5
10133001,1.0,0.0,1,1,5.83,0.42,6.0,6.0
10135011,1.0,0.0,1,1,16.9,0.0,16.9,16.9
10135014,1.0,0.0,1,1,4.5,0.0,4.5,4.5
10135015,1.0,0.0,1,1,4.5,0.0,4.5,4.5
10136000,1.0,0.0,1,1,7.5,0.0,7.5,7.5
10136001,2.0,0.0,2,2,17.5,0.0,17.5,17.5
10136006,2.0,0.0,2,2,7.6,0.0,7.6,7.6
10136007,2.0,0.0,2,2,8.0,0.0,8.0,8.0
10136008,3.0,0.0,3,3,11.4,0.0,11.4,11.4
10136010,1.0,0.0,1,1,5.0,0.0,5.0,5.0
10137009,1.0,0.0,1,1,4.0,0.0,4.0,4.0
10137011,1.0,0.0,1,1,6.0,0.0,6.0,6.0
10137012,1.0,0.0,1,1,6.0,0.0,6.0,6.0
10140002,1.8,0.75,3,2,3.6,1.53,6.0,3.0
10140003,1.0,0.0,1,1,3.5,0.0,3.5,3.5
10140006,2.33,0.94,3,3,18.6,21.26,48.6,5.4
10141005,1.0,0.0,1,1,55.2,0.0,55.2,55.2
10141006,11.0,0.0,11,11,193.2,0.0,193.2,193.2
10141012,2.0,1.22,4,2,5.8,3.55,11.6,5.8
10141014,1.0,0.0,1,1,1.0,0.0,1.0,1.0
10141015,1.0,0.0,1,1,7.2,0.0,7.2,7.2
10141019,1.17,0.37,2,1,10.17,9.84,24.0,5.0
10141021,2.0,0.0,2,2,6.0,0.0,6.0,6.0
10141025,1.75,0.43,2,2,1.57,0.39,1.8,1.8
10141028,2.0,0.0,2,2,9.07,7.17,19.2,4.0
10141030,1.2,0.4,2,1,2.52,0.84,4.2,2.1
10141032,1.5,0.5,2,2,6.0,2.0,8.0,8.0
10141038,1.67,1.11,4,1,5.0,3.32,12.0,3.0
10141039,1.0,0.0,1,1,3.0,0.0,3.0,3.0
10141040,1.33,0.47,2,1,2.0,0.71,3.0,1.5
10141041,1.0,0.0,1,1,8.5,0.0,8.5,8.5
10141042,1.3,0.9,4,1,2.8,1.83,8.0,2.0
10141044,1.2,0.4,2,1,4.0,1.1,6.0,4.0
10141047,1.0,0.0,1,1,18.0,0.0,18.0,18.0
10141048,1.0,0.0,1,1,2.8,0.0,2.8,2.8
10141063,1.0,0.0,1,1,3.0,0.0,3.0,3.0
10141069,1.0,0.0,1,1,16.0,12.0,28.0,28.0
10141080,1.0,0.0,1,1,3.5,0.0,3.5,3.5
10141090,1.0,0.0,1,1,2.0,0.0,2.0,2.0
10141091,1.0,0.0,1,1,10.0,0.0,10.0,10.0
10141096,1.0,0.0,1,1,3.0,0.0,3.0,3.0
10141139,1.0,0.0,1,1,15.9,0.0,15.9,15.9
10150003,1.0,0.0,1,1,7.2,0.0,7.2,7.2
10150004,1.0,0.0,1,1,4.74,3.24,11.96,3.5
10150009,1.0,0.0,1,1,3.8,0.0,3.8,3.8
10150013,1.5,0.5,2,2,5.7,1.9,7.6,7.6
10150015,1.0,0.0,1,1,6.0,0.0,6.0,6.0
10150016,1.5,0.5,2,2,5.55,1.85,7.4,7.4
10150017,1.0,0.0,1,1,6.0,0.0,6.0,6.0
10150018,1.0,0.0,1,1,3.7,0.0,3.7,3.7
10150019,1.0,0.0,1,1,3.5,0.0,3.5,3.5
10150021,1.0,0.0,1,1,3.5,0.0,3.5,3.5
10150023,1.0,0.0,1,1,3.5,0.0,3.5,3.5
10150024,1.0,0.0,1,1,3.5,0.0,3.5,3.5
10150025,1.0,0.0,1,1,4.0,0.0,4.0,4.0
10150026,1.0,0.0,1,1,4.0,0.0,4.0,4.0
10150031,1.0,0.0,1,1,3.8,0.0,3.8,3.8
10150034,1.0,0.0,1,1,5.0,0.0,5.0,5.0
10150038,1.0,0.0,1,1,4.0,0.0,4.0,4.0
10150048,1.0,0.0,1,1,4.0,0.0,4.0,4.0
10150049,2.0,0.0,2,2,64.0,56.0,120.0,120.0
10151002,2.0,0.93,3,2,20.57,10.57,36.0,18.0
10151005,1.0,0.0,1,1,6.8,0.0,6.8,6.8
10151012,1.0,0.0,1,1,14.0,0.0,14.0,14.0
10151023,1.0,0.0,1,1,3.2,0.0,3.2,3.2
10152009,2.0,0.0,2,2,15.8,0.0,15.8,15.8
10152012,1.0,0.0,1,1,5.7,0.0,5.7,5.7
10152013,1.0,0.0,1,1,5.7,0.0,5.7,5.7
10152015,1.0,0.0,1,1,4.0,0.0,4.0,4.0
10152022,1.5,0.5,2,2,29.7,9.9,39.6,39.6
10152024,1.0,0.0,1,1,5.8,0.0,5.8,5.8
10152032,1.0,0.0,1,1,5.5,0.0,5.5,5.5
10200004,1.0,0.0,1,1,3.8,0.0,3.8,3.8
10200005,1.0,0.0,1,1,3.8,0.0,3.8,3.8
10200035,1.0,0.0,1,1,7.9,0.0,7.9,7.9
10200038,1.0,0.0,1,1,7.9,0.0,7.9,7.9
10200045,1.0,0.0,1,1,4.99,0.0,4.99,4.99
10200046,1.0,0.0,1,1,5.5,0.0,5.5,5.5
10201013,1.0,0.0,1,1,4.0,0.0,4.0,4.0
10201015,1.0,0.0,1,1,12.9,0.0,12.9,12.9
10201017,2.33,0.47,3,2,5.67,4.5,12.0,3.0
10201020,7.0,0.0,7,7,14.0,0.0,14.0,14.0
10201029,2.0,0.0,2,2,6.0,0.0,6.0,6.0
10203000,1.0,0.0,1,1,5.5,0.0,5.5,5.5
10203001,1.0,0.0,1,1,5.5,0.0,5.5,5.5
10300005,1.0,0.0,1,1,3.8,0.0,3.8,3.8
10300007,2.0,0.0,2,2,8.4,0.0,8.4,8.4
10300018,2.0,0.0,2,2,4.2,0.0,4.2,4.2
10300019,1.0,0.0,1,1,4.0,0.0,4.0,4.0
10300021,1.0,0.0,1,1,2.5,0.0,2.5,2.5
10300030,6.0,0.0,6,6,36.0,0.0,36.0,36.0
10300034,2.0,0.0,2,2,13.0,0.0,13.0,13.0
10300035,1.0,0.0,1,1,60.0,0.0,60.0,60.0
10300080,1.0,0.0,1,1,8.0,0.0,8.0,8.0
10300081,1.0,0.0,1,1,4.0,0.0,4.0,4.0
10300084,1.0,0.0,1,1,31.6,0.0,31.6,31.6
10310021,1.0,0.0,1,1,4.77,0.19,4.9,4.9
10310042,2.33,1.49,5,2,13.07,7.3,24.5,9.8
10310043,1.0,0.0,1,1,6.9,0.0,6.9,6.9
10310044,1.0,0.0,1,1,6.5,0.0,6.5,6.5
10310045,1.0,0.0,1,1,6.5,0.0,6.5,6.5
10310046,1.0,0.0,1,1,7.9,0.0,7.9,7.9
10310047,1.0,0.0,1,1,7.9,0.0,7.9,7.9
10310048,1.0,0.0,1,1,7.9,0.0,7.9,7.9
10310050,1.0,0.0,1,1,6.9,0.0,6.9,6.9
10310051,1.0,0.0,1,1,7.9,0.0,7.9,7.9
10310052,1.0,0.0,1,1,6.9,0.0,6.9,6.9
10312014,1.5,0.5,2,2,9.4,4.4,13.8,13.8
10312015,1.0,0.0,1,1,7.9,0.0,7.9,7.9
10312016,1.0,0.0,1,1,5.0,0.0,5.0,5.0
10400067,1.0,0.0,1,1,158.0,0.0,158.0,158.0
10401049,6.0,0.0,6,6,146.2,0.0,146.2,146.2
10401054,1.0,0.0,1,1,11.0,0.0,11.0,11.0
10401059,1.0,0.0,1,1,79.9,0.0,79.9,79.9
10401090,1.0,0.0,1,1,22.5,0.0,22.5,22.5
10401097,1.0,0.0,1,1,34.65,24.75,59.4,59.4
10420014,1.0,0.0,1,1,28.0,0.0,28.0,28.0
10422006,1.0,0.0,1,1,15.8,0.0,15.8,15.8
10422008,1.0,0.0,1,1,5.9,0.0,5.9,5.9
10422012,1.0,0.0,1,1,5.8,0.0,5.8,5.8
10435003,1.0,0.0,1,1,13.0,0.0,13.0,13.0
10435025,1.0,0.0,1,1,13.5,0.0,13.5,13.5
10435026,1.0,0.0,1,1,13.5,0.0,13.5,13.5
10435033,1.0,0.0,1,1,6.5,0.0,6.5,6.5
10435036,1.0,0.0,1,1,13.5,0.0,13.5,13.5
10435042,1.0,0.0,1,1,14.5,0.0,14.5,14.5
10435043,1.0,0.0,1,1,14.5,0.0,14.5,14.5
10439017,1.0,0.0,1,1,26.0,0.0,26.0,26.0
10441014,1.0,0.0,1,1,38.0,0.0,38.0,38.0
10450048,1.0,0.0,1,1,1110.0,0.0,1110.0,1110.0
10502000,1.0,0.0,1,1,11.0,0.0,11.0,11.0
10701010,3.0,0.0,3,3,52.0,0.0,52.0,52.0
11000007,1.0,0.0,1,1,11.5,0.0,11.5,11.5
11004004,1.0,0.0,1,1,2.9,0.0,2.9,2.9
11006007,1.0,0.0,1,1,63.8,0.0,63.8,63.8
11006011,1.0,0.0,1,1,22.2,0.0,22.2,22.2
11011015,1.0,0.0,1,1,3.8,0.0,3.8,3.8
11011028,1.0,0.0,1,1,9.9,0.0,9.9,9.9
11011029,1.0,0.0,1,1,4.9,0.0,4.9,4.9
11011033,1.0,0.0,1,1,19.9,0.0,19.9,19.9
11020005,1.0,0.0,1,1,22.9,0.0,22.9,22.9
11020013,1.0,0.0,1,1,6.9,0.0,6.9,6.9
11020017,1.0,0.0,1,1,19.2,0.0,19.2,19.2
11022021,1.0,0.0,1,1,5.5,0.0,5.5,5.5
11022023,1.0,0.0,1,1,17.0,0.0,17.0,17.0
11022054,1.0,0.0,1,1,10.9,0.0,10.9,10.9
11031002,1.0,0.0,1,1,12.3,0.0,12.3,12.3
11040002,1.0,0.0,1,1,11.5,0.0,11.5,11.5
11041006,1.0,0.0,1,1,21.0,0.0,21.0,21.0
11041007,1.0,0.0,1,1,19.9,0.0,19.9,19.9
11041009,1.0,0.0,1,1,23.4,0.0,23.4,23.4
11041019,1.0,0.0,1,1,10.9,0.0,10.9,10.9
11041023,1.0,0.0,1,1,15.9,0.0,15.9,15.9
11041024,1.0,0.0,1,1,15.9,0.0,15.9,15.9
11042005,1.0,0.0,1,1,16.0,0.0,16.0,16.0
11042009,1.5,0.5,2,2,43.25,8.35,51.6,51.6
11043005,1.0,0.0,1,1,23.0,0.0,23.0,23.0
11043008,1.0,0.0,1,1,18.0,0.0,18.0,18.0
11044004,1.0,0.0,1,1,32.0,0.0,32.0,32.0
11044009,1.0,0.0,1,1,18.0,0.0,18.0,18.0
11044022,1.0,0.0,1,1,26.5,0.0,26.5,26.5
11044023,1.0,0.0,1,1,25.9,0.0,25.9,25.9
11044024,1.0,0.0,1,1,19.9,0.0,19.9,19.9
11046012,1.0,0.0,1,1,2.7,0.0,2.7,2.7
11046014,1.0,0.0,1,1,3.2,0.0,3.2,3.2
11051003,1.0,0.0,1,1,12.3,0.0,12.3,12.3
11052009,1.0,0.0,1,1,14.5,0.0,14.5,14.5
11052015,1.0,0.0,1,1,5.8,0.0,5.8,5.8
11054017,1.0,0.0,1,1,23.9,0.0,23.9,23.9
11054029,1.0,0.0,1,1,21.9,0.0,21.9,21.9
11054032,1.0,0.0,1,1,21.9,0.0,21.9,21.9
11054069,1.0,0.0,1,1,25.8,0.0,25.8,25.8
11056011,1.0,0.0,1,1,9.3,0.0,9.3,9.3
11056012,1.0,0.0,1,1,5.1,0.0,5.1,5.1
11056014,2.0,0.0,2,2,19.8,0.0,19.8,19.8
11056017,1.0,0.0,1,1,4.9,0.0,4.9,4.9
11056020,1.0,0.0,1,1,10.9,0.0,10.9,10.9
11056053,1.0,0.0,1,1,9.2,0.0,9.2,9.2
11056085,1.0,0.0,1,1,1.0,0.0,1.0,1.0
11057021,1.0,0.0,1,1,9.9,0.0,9.9,9.9
11057029,2.0,0.0,2,2,19.8,0.0,19.8,19.8
11057049,1.0,0.0,1,1,32.9,0.0,32.9,32.9
11057092,1.0,0.0,1,1,16.9,0.0,16.9,16.9
11057122,1.0,0.0,1,1,21.6,0.0,21.6,21.6
11057177,1.0,0.0,1,1,99.0,0.0,99.0,99.0
11100030,1.0,0.0,1,1,19.8,0.0,19.8,19.8
11100035,1.0,0.0,1,1,14.5,0.0,14.5,14.5
11100042,1.0,0.0,1,1,38.0,0.0,38.0,38.0
11101026,1.0,0.0,1,1,5.8,0.0,5.8,5.8
11102011,1.0,0.0,1,1,26.9,0.0,26.9,26.9
11102032,2.0,0.0,2,2,23.4,0.0,23.4,23.4
11102058,1.0,0.0,1,1,35.0,0.0,35.0,35.0
11102105,1.0,0.0,1,1,8.2,0.0,8.2,8.2
11102113,1.0,0.0,1,1,34.5,0.0,34.5,34.5
11103002,1.0,0.0,1,1,18.8,0.0,18.8,18.8
11103008,1.0,0.0,1,1,4.0,0.0,4.0,4.0
11103010,1.0,0.0,1,1,13.9,0.0,13.9,13.9
11104024,3.0,0.0,3,3,9.6,0.0,9.6,9.6
11105006,1.0,0.0,1,1,25.8,0.0,25.8,25.8
11110004,1.0,0.0,1,1,31.7,23.09,69.8,29.6
11110050,1.0,0.0,1,1,58.0,0.0,58.0,58.0
11110052,1.33,0.47,2,1,124.47,144.76,329.0,29.8
11110104,2.0,0.0,2,2,29.0,0.0,29.0,29.0
11110121,1.0,0.0,1,1,39.0,0.0,39.0,39.0
11110153,1.0,0.0,1,1,27.4,0.0,27.4,27.4
11110157,1.0,0.0,1,1,29.6,0.0,29.6,29.6
11111001,1.0,0.0,1,1,25.0,0.0,25.0,25.0
11115145,1.0,0.0,1,1,24.0,0.0,24.0,24.0
11116014,1.0,0.0,1,1,18.0,0.0,18.0,18.0
11121047,2.0,0.0,2,2,13.0,0.0,13.0,13.0
11140004,1.0,0.0,1,1,12.0,0.0,12.0,12.0
11141002,1.5,0.87,3,1,26.03,26.97,72.4,15.9
11200018,1.0,0.0,1,1,19.9,0.0,19.9,19.9
11200025,1.0,0.0,1,1,27.2,0.0,27.2,27.2
11200030,1.0,0.0,1,1,9.7,0.0,9.7,9.7
11200044,1.0,0.0,1,1,9.3,0.0,9.3,9.3
11200046,1.0,0.0,1,1,9.3,0.0,9.3,9.3
11200066,1.0,0.0,1,1,12.8,0.0,12.8,12.8
11200081,1.0,0.0,1,1,37.0,0.0,37.0,37.0
11200131,1.0,0.0,1,1,19.8,0.0,19.8,19.8
11200134,1.0,0.0,1,1,39.6,0.0,39.6,39.6
11201048,1.0,0.0,1,1,29.9,0.0,29.9,29.9
11205013,1.0,0.0,1,1,15.0,0.0,15.0,15.0
11212018,1.0,0.0,1,1,29.0,0.0,29.0,29.0
11212019,1.0,0.0,1,1,44.5,0.0,44.5,44.5
11212023,1.0,0.0,1,1,39.0,0.0,39.0,39.0
11220013,1.0,0.0,1,1,12.5,0.0,12.5,12.5
11220014,1.0,0.0,1,1,4.5,0.0,4.5,4.5
11220019,1.0,0.0,1,1,12.2,0.0,12.2,12.2
11220022,1.0,0.0,1,1,4.2,0.0,4.2,4.2
11220026,1.0,0.0,1,1,3.2,0.0,3.2,3.2
11220028,1.0,0.0,1,1,13.6,0.0,13.6,13.6
11220045,1.0,0.0,1,1,5.6,0.0,5.6,5.6
11220046,2.0,0.0,2,2,11.2,0.0,11.2,11.2
11220056,1.0,0.0,1,1,6.9,0.0,6.9,6.9
11220059,1.0,0.0,1,1,10.9,0.0,10.9,10.9
11220066,1.0,0.0,1,1,5.6,0.0,5.6,5.6
11221018,2.0,0.0,2,2,7.8,0.0,7.8,7.8
11221037,1.0,0.0,1,1,3.5,0.0,3.5,3.5
11221054,1.0,0.0,1,1,19.5,0.0,19.5,19.5
11222021,1.0,0.0,1,1,10.9,0.0,10.9,10.9
11222043,1.0,0.0,1,1,21.9,0.0,21.9,21.9
11222044,1.33,0.47,2,1,9.07,3.21,13.6,6.8
11230042,1.0,0.0,1,1,20.8,0.0,20.8,20.8
11230118,1.0,0.0,1,1,19.9,0.0,19.9,19.9
11230120,1.0,0.0,1,1,61.9,0.0,61.9,61.9
11230132,1.0,0.0,1,1,19.9,0.0,19.9,19.9
11230133,1.0,0.0,1,1,35.9,0.0,35.9,35.9
11230134,1.0,0.0,1,1,19.9,0.0,19.9,19.9
11230136,1.0,0.0,1,1,61.9,0.0,61.9,61.9
11230155,1.0,0.0,1,1,27.2,0.0,27.2,27.2
11230158,1.0,0.0,1,1,11.9,0.0,11.9,11.9
11230290,1.0,0.0,1,1,76.9,0.0,76.9,76.9
11230291,1.0,0.0,1,1,76.9,0.0,76.9,76.9
11231001,1.0,0.0,1,1,49.0,0.0,49.0,49.0
11231125,1.0,0.0,1,1,33.9,0.0,33.9,33.9
11231171,1.0,0.0,1,1,12.9,0.0,12.9,12.9
11231198,1.0,0.0,1,1,34.9,0.0,34.9,34.9
11233037,1.0,0.0,1,1,9.8,0.0,9.8,9.8
11233038,1.0,0.0,1,1,7.4,0.0,7.4,7.4
11233081,1.0,0.0,1,1,34.9,0.0,34.9,34.9
11235002,1.0,0.0,1,1,6.5,0.0,6.5,6.5
11241005,1.0,0.0,1,1,28.9,0.0,28.9,28.9
11241024,1.0,0.0,1,1,69.0,0.0,69.0,69.0
11241063,1.0,0.0,1,1,108.0,0.0,108.0,108.0
11241065,1.0,0.0,1,1,53.0,0.0,53.0,53.0
11241085,1.0,0.0,1,1,118.0,0.0,118.0,118.0
11250000,1.0,0.0,1,1,11.8,0.0,11.8,11.8
11250001,1.0,0.0,1,1,16.8,0.0,16.8,16.8
11250005,1.0,0.0,1,1,9.9,0.0,9.9,9.9
11250007,1.0,0.0,1,1,15.6,0.0,15.6,15.6
11250017,1.0,0.0,1,1,18.7,0.0,18.7,18.7
11250018,1.0,0.0,1,1,16.7,0.14,16.8,16.8
11250019,1.0,0.0,1,1,11.8,0.0,11.8,11.8
11250025,1.0,0.0,1,1,12.8,0.0,12.8,12.8
11250026,1.0,0.0,1,1,8.2,0.0,8.2,8.2
11250027,1.0,0.0,1,1,12.8,0.0,12.8,12.8
11300014,1.0,0.0,1,1,6.9,0.0,6.9,6.9
11300015,1.0,0.0,1,1,10.3,0.0,10.3,10.3
11300045,1.0,0.0,1,1,8.9,0.0,8.9,8.9
11300046,2.0,0.0,2,2,17.8,0.0,17.8,17.8
11300051,1.0,0.0,1,1,8.9,0.0,8.9,8.9
11300060,1.0,0.0,1,1,4.5,0.0,4.5,4.5
11300073,1.0,0.0,1,1,13.6,0.0,13.6,13.6
11300083,1.0,0.0,1,1,14.8,0.0,14.8,14.8
11300089,1.0,0.0,1,1,3.1,0.0,3.1,3.1
11300114,1.0,0.0,1,1,8.5,0.0,8.5,8.5
11300116,1.0,0.0,1,1,8.8,0.0,8.8,8.8
11300120,1.0,0.0,1,1,7.5,0.0,7.5,7.5
11300121,1.0,0.0,1,1,13.9,0.0,13.9,13.9
11300123,1.0,0.0,1,1,12.9,0.0,12.9,12.9
11300130,1.0,0.0,1,1,12.9,0.0,12.9,12.9
11300141,1.0,0.0,1,1,5.9,0.0,5.9,5.9
11300142,1.0,0.0,1,1,5.9,0.0,5.9,5.9
11300149,1.0,0.0,1,1,14.5,0.0,14.5,14.5
11300157,1.0,0.0,1,1,9.9,0.0,9.9,9.9
11300164,1.0,0.0,1,1,12.8,0.0,12.8,12.8
11300187,1.0,0.0,1,1,9.5,0.0,9.5,9.5
11300191,1.5,0.5,2,2,41.7,13.9,55.6,55.6
11300194,1.0,0.0,1,1,11.7,0.0,11.7,11.7
11300219,2.0,0.0,2,2,5.98,0.0,5.98,5.98
11301004,1.0,0.0,1,1,9.9,0.0,9.9,9.9
11301055,1.0,0.0,1,1,20.9,0.0,20.9,20.9
11301056,1.0,0.0,1,1,35.0,0.0,35.0,35.0
11301082,1.0,0.0,1,1,15.8,0.0,15.8,15.8
11301086,1.0,0.0,1,1,29.8,0.0,29.8,29.8
11301088,1.0,0.0,1,1,25.8,0.0,25.8,25.8
11301089,1.0,0.0,1,1,19.8,0.0,19.8,19.8
11301090,1.0,0.0,1,1,22.8,0.0,22.8,22.8
11301093,1.0,0.0,1,1,19.8,0.0,19.8,19.8
11301095,1.0,0.0,1,1,15.8,0.0,15.8,15.8
11301134,1.0,0.0,1,1,4.9,0.0,4.9,4.9
11302000,1.0,0.0,1,1,19.0,0.0,19.0,19.0
11302016,1.0,0.0,1,1,6.9,0.0,6.9,6.9
11302019,1.0,0.0,1,1,6.8,0.0,6.8,6.8
11302024,1.0,0.0,1,1,8.9,0.0,8.9,8.9
11302032,1.0,0.0,1,1,10.8,0.0,10.8,10.8
11302034,1.0,0.0,1,1,14.8,0.0,14.8,14.8
11303020,1.0,0.0,1,1,14.8,0.0,14.8,14.8
11303035,1.0,0.0,1,1,16.2,0.0,16.2,16.2
11303039,1.0,0.0,1,1,5.9,0.0,5.9,5.9
11303051,1.0,0.0,1,1,10.3,0.0,10.3,10.3
11303055,3.0,0.0,3,3,3.0,0.0,3.0,3.0
11303074,1.0,0.0,1,1,29.0,0.0,29.0,29.0
11303075,1.0,0.0,1,1,26.95,2.05,29.0,29.0
11303076,1.0,0.0,1,1,7.5,0.0,7.5,7.5
11303078,1.0,0.0,1,1,6.9,0.0,6.9,6.9
11303079,1.0,0.0,1,1,11.0,0.0,11.0,11.0
11303084,1.0,0.0,1,1,12.0,0.0,12.0,12.0
11303088,1.0,0.0,1,1,8.3,0.0,8.3,8.3
11303098,1.0,0.0,1,1,6.8,0.0,6.8,6.8
11303111,1.0,0.0,1,1,12.9,0.0,12.9,12.9
11303131,1.0,0.0,1,1,12.6,0.0,12.6,12.6
11303134,1.0,0.0,1,1,17.6,0.0,17.6,17.6
11303137,1.0,0.0,1,1,13.2,0.0,13.2,13.2
11303144,2.0,0.0,2,2,9.8,0.0,9.8,9.8
11303159,1.0,0.0,1,1,12.9,0.0,12.9,12.9
11303196,1.0,0.0,1,1,9.9,0.0,9.9,9.9
11304010,1.0,0.0,1,1,7.6,0.0,7.6,7.6
11304015,1.0,0.0,1,1,6.9,0.0,6.9,6.9
11304018,1.0,0.0,1,1,10.8,0.0,10.8,10.8
11304032,1.0,0.0,1,1,7.8,0.0,7.8,7.8
11304037,1.0,0.0,1,1,12.6,0.0,12.6,12.6
11305010,1.0,0.0,1,1,22.9,0.0,22.9,22.9
11305014,2.0,0.0,2,2,49.8,0.0,49.8,49.8
11305016,1.0,0.0,1,1,21.8,0.0,21.8,21.8
11311002,1.0,0.0,1,1,58.0,0.0,58.0,58.0
11311015,1.0,0.0,1,1,11.5,0.0,11.5,11.5
11313006,1.0,0.0,1,1,39.0,0.0,39.0,39.0
11400035,1.0,0.0,1,1,36.9,0.0,36.9,36.9
11500014,1.0,0.0,1,1,36.0,0.0,36.0,36.0
11500027,1.0,0.0,1,1,9.9,0.0,9.9,9.9
11500029,1.0,0.0,1,1,13.2,0.0,13.2,13.2
11500031,2.0,0.0,2,2,9.0,0.0,9.0,9.0
11500065,1.5,0.5,2,2,19.35,6.45,25.8,25.8
11500067,1.0,0.0,1,1,7.9,0.0,7.9,7.9
11500071,1.5,0.5,2,2,10.5,3.5,14.0,14.0
11500073,1.0,0.0,1,1,5.2,0.0,5.2,5.2
11500076,1.0,0.0,1,1,14.9,0.0,14.9,14.9
11500077,1.0,0.0,1,1,9.2,0.0,9.2,9.2
11500078,2.0,0.0,2,2,18.4,0.0,18.4,18.4
11500079,1.0,0.0,1,1,5.7,0.0,5.7,5.7
11500080,1.0,0.0,1,1,9.9,0.0,9.9,9.9
11500091,1.0,0.0,1,1,7.8,0.0,7.8,7.8
11500093,1.0,0.0,1,1,9.8,0.0,9.8,9.8
11500094,1.0,0.0,1,1,10.5,0.0,10.5,10.5
11500095,1.0,0.0,1,1,10.9,0.0,10.9,10.9
11500101,1.0,0.0,1,1,29.9,0.0,29.9,29.9
11500113,2.0,0.0,2,2,7.6,0.0,7.6,7.6
11500119,1.0,0.0,1,1,14.5,0.0,14.5,14.5
11500123,1.0,0.0,1,1,8.5,0.0,8.5,8.5
11500128,1.0,0.0,1,1,9.5,0.0,9.5,9.5
11500134,2.0,0.0,2,2,9.8,0.0,9.8,9.8
11500136,1.0,0.0,1,1,15.2,0.0,15.2,15.2
11500144,1.0,0.0,1,1,13.9,0.0,13.9,13.9
11500151,1.0,0.0,1,1,15.8,0.0,15.8,15.8
11500161,1.5,0.5,2,2,25.35,8.45,33.8,33.8
11500195,1.0,0.0,1,1,9.9,0.0,9.9,9.9
11501012,1.0,0.0,1,1,38.0,0.0,38.0,38.0
11501023,2.0,0.0,2,2,17.8,0.0,17.8,17.8
11501030,1.0,0.0,1,1,9.5,0.0,9.5,9.5
11501037,1.0,0.0,1,1,3.4,0.0,3.4,3.4
11501048,3.0,0.0,3,3,32.7,0.0,32.7,32.7
11501052,1.0,0.0,1,1,8.9,0.0,8.9,8.9
11501061,1.0,0.0,1,1,9.9,0.0,9.9,9.9
11501064,1.0,0.0,1,1,9.5,0.0,9.5,9.5
11501065,1.0,0.0,1,1,8.5,0.0,8.5,8.5
11501070,1.0,0.0,1,1,10.9,0.0,10.9,10.9
11501077,2.0,0.0,2,2,13.0,0.0,13.0,13.0
11501090,2.5,0.5,3,3,24.5,4.9,29.4,29.4
11501115,1.0,0.0,1,1,9.8,0.0,9.8,9.8
11501116,1.0,0.0,1,1,15.8,0.0,15.8,15.8
11501132,1.0,0.0,1,1,11.9,0.0,11.9,11.9
11501142,1.0,0.0,1,1,9.9,0.0,9.9,9.9
11501147,1.0,0.0,1,1,9.9,0.0,9.9,9.9
11502024,1.0,0.0,1,1,7.6,0.0,7.6,7.6
11502030,1.0,0.0,1,1,4.5,0.0,4.5,4.5
11502035,1.0,0.0,1,1,3.8,0.0,3.8,3.8
11502036,1.0,0.0,1,1,4.9,0.0,4.9,4.9
11502049,2.0,0.0,2,2,17.6,0.0,17.6,17.6
11503002,2.0,0.0,2,2,41.0,0.0,41.0,41.0
11504011,1.0,0.0,1,1,9.9,0.0,9.9,9.9
11504023,1.0,0.0,1,1,13.8,0.0,13.8,13.8
11504031,1.0,0.0,1,1,10.9,0.0,10.9,10.9
11506002,1.0,0.0,1,1,29.8,0.0,29.8,29.8
11511031,2.0,0.0,2,2,304.0,0.0,304.0,304.0
11511051,1.0,0.0,1,1,43.0,0.0,43.0,43.0
11511086,3.0,0.0,3,3,126.0,0.0,126.0,126.0
11521018,1.0,0.0,1,1,17.9,0.0,17.9,17.9
11521063,1.0,0.0,1,1,16.8,0.0,16.8,16.8
11521066,1.0,0.0,1,1,28.9,0.0,28.9,28.9
11522004,1.0,0.0,1,1,21.9,0.0,21.9,21.9
11522010,2.0,0.0,2,2,47.8,0.0,47.8,47.8
11522023,1.0,0.0,1,1,11.9,0.0,11.9,11.9
11522025,1.0,0.0,1,1,29.9,0.0,29.9,29.9
11530008,1.0,0.0,1,1,12.9,0.0,12.9,12.9
11531010,1.0,0.0,1,1,4.0,0.0,4.0,4.0
11531011,1.0,0.0,1,1,17.5,0.0,17.5,17.5
11531017,1.0,0.0,1,1,16.9,0.0,16.9,16.9
11531029,1.0,0.0,1,1,14.9,0.0,14.9,14.9
11531047,1.2,0.4,2,1,14.28,4.76,23.8,11.9
11531048,1.0,0.0,1,1,18.9,0.0,18.9,18.9
11531053,1.0,0.0,1,1,9.9,0.0,9.9,9.9
11532006,1.0,0.0,1,1,8.9,0.0,8.9,8.9
11532011,1.0,0.0,1,1,8.85,1.05,9.9,9.9
11532018,1.0,0.0,1,1,3.6,0.0,3.6,3.6
11532023,1.0,0.0,1,1,2.9,0.0,2.9,2.9
11532036,2.5,1.5,4,4,8.75,5.25,14.0,14.0
11532037,1.0,0.0,1,1,12.75,4.25,17.0,17.0
11532038,1.0,0.0,1,1,9.5,0.0,9.5,9.5
11532039,1.0,0.0,1,1,5.3,0.0,5.3,5.3
11532042,1.0,0.0,1,1,7.5,0.0,7.5,7.5
11532044,1.0,0.0,1,1,7.5,0.0,7.5,7.5
11533006,2.0,0.0,2,2,3.98,0.0,3.98,3.98
11533011,1.0,0.0,1,1,3.4,0.0,3.4,3.4
11533012,1.0,0.0,1,1,10.8,0.0,10.8,10.8
11533016,3.0,0.0,3,3,10.8,0.0,10.8,10.8
11533017,1.0,0.0,1,1,3.6,0.0,3.6,3.6
11533029,1.5,0.5,2,2,1.65,0.35,2.0,2.0
11533034,1.0,0.0,1,1,2.7,0.0,2.7,2.7
11533041,1.0,0.0,1,1,3.2,0.0,3.2,3.2
11533045,1.0,0.0,1,1,2.8,0.0,2.8,2.8
11533061,1.0,0.0,1,1,2.9,0.0,2.9,2.9
11540000,1.0,0.0,1,1,7.8,0.0,7.8,7.8
14000000,1.0,0.0,1,1,3.2,0.0,3.2,3.2
14000001,1.5,0.5,2,2,4.8,1.6,6.4,6.4
14000002,1.5,0.5,2,2,4.8,1.6,6.4,6.4
14000004,1.0,0.0,1,1,7.8,0.0,7.8,7.8
14000005,1.33,0.47,2,1,10.4,3.68,15.6,7.8
14000006,1.0,0.0,1,1,7.8,0.0,7.8,7.8
14000008,1.0,0.0,1,1,6.5,0.0,6.5,6.5
14000009,1.0,0.0,1,1,3.5,0.0,3.5,3.5
14000010,1.33,0.47,2,1,4.67,1.65,7.0,3.5
14000011,1.33,0.47,2,1,4.67,1.65,7.0,3.5
14001019,1.0,0.0,1,1,7.8,0.0,7.8,7.8
14002008,1.0,0.0,1,1,7.5,0.0,7.5,7.5
14010001,1.0,0.0,1,1,28.5,0.0,28.5,28.5
14010008,1.0,0.0,1,1,5.5,0.0,5.5,5.5
14010011,1.0,0.0,1,1,3.8,0.0,3.8,3.8
14010012,1.8,0.4,2,2,6.3,1.4,7.0,7.0
14010017,1.0,0.0,1,1,2.3,0.0,2.3,2.3
14012004,2.0,0.0,2,2,7.6,0.0,7.6,7.6
14013009,1.0,0.0,1,1,4.2,0.0,4.2,4.2
14013010,1.33,0.47,2,1,5.6,1.98,8.4,4.2
14013011,1.0,0.0,1,1,3.33,1.18,5.0,2.5
14014012,2.0,0.0,2,2,13.6,0.0,13.6,13.6
14014014,1.0,0.0,1,1,6.8,0.0,6.8,6.8
14014027,1.0,0.0,1,1,12.8,0.0,12.8,12.8
14014037,1.0,0.0,1,1,20.0,0.0,20.0,20.0
14015003,1.0,0.0,1,1,11.2,0.0,11.2,11.2
14015004,1.0,0.0,1,1,11.2,0.0,11.2,11.2
14015063,1.0,0.0,1,1,13.6,0.0,13.6,13.6
14015065,1.5,0.5,2,2,19.2,6.4,25.6,25.6
14015066,1.0,0.0,1,1,12.8,0.0,12.8,12.8
14015090,1.0,0.0,1,1,11.8,0.0,11.8,11.8
14020002,1.0,0.0,1,1,6.9,0.0,6.9,6.9
14020003,1.0,0.0,1,1,6.9,0.0,6.9,6.9
14021006,1.0,0.0,1,1,6.9,0.0,6.9,6.9
14021007,1.33,0.47,2,1,19.87,8.44,31.8,13.9
14021008,3.0,0.0,3,3,21.6,0.0,21.6,21.6
14021027,1.0,0.0,1,1,9.9,0.0,9.9,9.9
14021045,1.0,0.0,1,1,3.9,0.0,3.9,3.9
14022003,1.0,0.0,1,1,7.2,0.0,7.2,7.2
14022008,1.0,0.0,1,1,19.5,0.0,19.5,19.5
14022010,1.0,0.0,1,1,19.5,0.0,19.5,19.5
14031005,1.0,0.0,1,1,7.9,0.0,7.9,7.9
14031006,1.0,0.0,1,1,7.9,0.0,7.9,7.9
14031010,1.0,0.0,1,1,16.8,0.0,16.8,16.8
14031031,1.0,0.0,1,1,5.9,0.0,5.9,5.9
14032001,6.0,0.0,6,6,61.2,0.0,61.2,61.2
14032025,1.0,0.0,1,1,5.9,0.0,5.9,5.9
14033016,1.0,0.0,1,1,5.9,0.0,5.9,5.9
14033044,1.0,0.0,1,1,5.9,0.0,5.9,5.9
14033046,1.0,0.0,1,1,5.9,0.0,5.9,5.9
14033048,1.0,0.0,1,1,5.9,0.0,5.9,5.9
14033050,1.0,0.0,1,1,5.9,0.0,5.9,5.9
14033054,1.0,0.0,1,1,6.9,0.0,6.9,6.9
14033055,1.0,0.0,1,1,6.9,0.0,6.9,6.9
14034007,6.0,0.0,6,6,61.2,0.0,61.2,61.2
14034009,1.0,0.0,1,1,5.9,0.0,5.9,5.9
14034016,1.0,0.0,1,1,15.9,0.0,15.9,15.9
14034017,1.0,0.0,1,1,5.9,0.0,5.9,5.9
14040008,1.0,0.0,1,1,7.5,0.0,7.5,7.5
14040009,1.0,0.0,1,1,20.5,0.0,20.5,20.5
14040016,1.5,0.5,2,2,37.8,12.9,50.7,50.7
14040018,1.0,0.0,1,1,4.9,0.0,4.9,4.9
14041002,1.0,0.0,1,1,4.9,0.0,4.9,4.9
14042001,1.0,0.0,1,1,24.9,0.0,24.9,24.9
14043011,1.0,0.0,1,1,8.5,0.0,8.5,8.5
14043012,1.0,0.0,1,1,8.5,0.0,8.5,8.5
14043017,1.0,0.0,1,1,20.5,0.0,20.5,20.5
14043022,1.0,0.0,1,1,20.5,0.0,20.5,20.5
14043027,1.0,0.0,1,1,28.9,0.0,28.9,28.9
14050013,1.0,0.0,1,1,4.5,0.0,4.5,4.5
14050020,1.0,0.0,1,1,5.9,0.0,5.9,5.9
14050025,1.0,0.0,1,1,6.5,0.0,6.5,6.5
14050026,1.0,0.0,1,1,4.5,0.0,4.5,4.5
14050045,2.0,0.0,2,2,15.0,0.0,15.0,15.0
14051004,1.0,0.0,1,1,5.5,0.0,5.5,5.5
14052003,1.0,0.0,1,1,4.9,0.0,4.9,4.9
14052005,2.0,0.0,2,2,9.8,0.0,9.8,9.8
14052007,1.0,0.0,1,1,5.5,0.0,5.5,5.5
14052015,1.0,0.0,1,1,7.2,0.0,7.2,7.2
14052027,1.0,0.0,1,1,5.5,0.0,5.5,5.5
14052029,1.0,0.0,1,1,5.5,0.0,5.5,5.5
14052030,2.0,0.0,2,2,11.0,0.0,11.0,11.0
14052035,2.0,0.0,2,2,8.0,0.0,8.0,8.0
14054004,1.0,0.0,1,1,4.5,0.0,4.5,4.5
14054007,1.0,0.0,1,1,4.5,0.0,4.5,4.5
14054008,1.0,0.0,1,1,4.5,0.0,4.5,4.5
14054012,1.0,0.0,1,1,4.5,0.0,4.5,4.5
14054013,1.0,0.0,1,1,4.5,0.0,4.5,4.5
14054014,1.0,0.0,1,1,4.5,0.0,4.5,4.5
14054020,1.0,0.0,1,1,10.8,0.0,10.8,10.8
14054030,1.0,0.0,1,1,9.9,0.0,9.9,9.9
14054072,1.0,0.0,1,1,10.8,0.0,10.8,10.8
14054075,1.0,0.0,1,1,8.5,0.0,8.5,8.5
14060002,3.0,2.0,5,5,23.7,15.8,39.5,39.5
14060003,1.0,0.0,1,1,9.9,0.0,9.9,9.9
14060006,1.0,0.0,1,1,9.9,0.0,9.9,9.9
14061005,1.0,0.0,1,1,21.9,0.0,21.9,21.9
14063000,1.0,0.0,1,1,7.9,0.0,7.9,7.9
14063003,1.0,0.0,1,1,9.14,0.74,9.8,9.8
14064006,1.0,0.0,1,1,8.5,0.0,8.5,8.5
14070003,1.0,0.0,1,1,6.9,0.0,6.9,6.9
14070016,1.0,0.0,1,1,6.2,0.0,6.2,6.2
14070032,1.0,0.0,1,1,10.5,0.0,10.5,10.5
14071000,1.0,0.0,1,1,4.7,0.0,4.7,4.7
14072008,1.0,0.0,1,1,5.9,0.0,5.9,5.9
14072009,1.0,0.0,1,1,11.9,0.0,11.9,11.9
14072013,1.0,0.0,1,1,6.8,0.0,6.8,6.8
14073006,1.0,0.0,1,1,15.8,0.0,15.8,15.8
14073007,1.0,0.0,1,1,6.6,0.0,6.6,6.6
14073008,1.0,0.0,1,1,9.9,0.0,9.9,9.9
14073009,1.0,0.0,1,1,16.8,0.0,16.8,16.8
14073011,1.0,0.0,1,1,16.8,0.0,16.8,16.8
14073019,1.0,0.0,1,1,10.9,0.0,10.9,10.9
14073020,1.0,0.0,1,1,10.9,0.0,10.9,10.9
14073041,1.33,0.47,2,1,17.2,7.5,27.8,11.9
14074021,1.0,0.0,1,1,14.9,0.0,14.9,14.9
14074024,1.0,0.0,1,1,13.8,0.0,13.8,13.8
14074054,1.0,0.0,1,1,37.5,0.0,37.5,37.5
14074059,1.0,0.0,1,1,11.5,0.0,11.5,11.5
14074061,1.0,0.0,1,1,12.8,0.0,12.8,12.8
14075007,1.0,0.0,1,1,4.5,0.0,4.5,4.5
14075011,1.0,0.0,1,1,10.8,0.0,10.8,10.8
14075012,1.0,0.0,1,1,9.85,0.95,10.8,10.8
14075022,1.0,0.0,1,1,11.6,0.0,11.6,11.6
14076000,1.0,0.0,1,1,15.3,0.0,15.3,15.3
14076009,1.11,0.31,2,1,11.2,3.05,19.8,9.9
14076010,1.0,0.0,1,1,12.5,0.0,12.5,12.5
14076012,1.14,0.35,2,1,11.66,3.82,21.0,9.9
14076016,1.0,0.0,1,1,7.5,0.0,7.5,7.5
14076018,1.0,0.0,1,1,7.5,0.0,7.5,7.5
14076019,1.0,0.0,1,1,11.5,0.0,11.5,11.5
14076040,1.0,0.0,1,1,6.8,0.0,6.8,6.8
14076041,1.0,0.0,1,1,5.5,0.0,5.5,5.5
14077014,1.0,0.0,1,1,9.8,0.0,9.8,9.8
14078000,1.0,0.0,1,1,19.8,0.0,19.8,19.8
14079027,1.0,0.0,1,1,15.9,0.0,15.9,15.9
14079028,1.0,0.0,1,1,15.9,0.0,15.9,15.9
14079030,1.0,0.0,1,1,15.9,0.0,15.9,15.9
14080000,1.0,0.0,1,1,15.6,0.0,15.6,15.6
14080001,1.0,0.0,1,1,15.6,0.0,15.6,15.6
14080016,1.0,0.0,1,1,6.8,0.0,6.8,6.8
14080019,1.0,0.0,1,1,8.5,0.0,8.5,8.5
14080020,1.0,0.0,1,1,4.0,0.0,4.0,4.0
14080021,1.0,0.0,1,1,8.5,0.0,8.5,8.5
14080031,1.0,0.0,1,1,18.7,0.0,18.7,18.7
14081006,1.0,0.0,1,1,11.9,1.0,12.9,12.9
14081010,1.0,0.0,1,1,6.5,0.0,6.5,6.5
14081030,1.0,0.0,1,1,16.9,0.0,16.9,16.9
14082000,5.0,0.0,5,5,19.5,0.0,19.5,19.5
14082002,1.0,0.0,1,1,3.9,0.0,3.9,3.9
14082011,1.0,0.0,1,1,8.6,0.0,8.6,8.6
14082015,1.0,0.0,1,1,3.8,0.0,3.8,3.8
14082017,1.33,0.47,2,1,3.73,1.32,5.6,2.8
14082018,1.0,0.0,1,1,2.8,0.0,2.8,2.8
14082021,1.0,0.0,1,1,2.5,0.0,2.5,2.5
14082022,1.0,0.0,1,1,2.8,0.0,2.8,2.8
14082023,1.0,0.0,1,1,2.8,0.0,2.8,2.8
14082024,1.0,0.0,1,1,3.5,0.0,3.5,3.5
14082026,1.0,0.0,1,1,3.5,0.0,3.5,3.5
14082028,1.0,0.0,1,1,2.8,0.0,2.8,2.8
14082037,1.0,0.0,1,1,3.0,0.0,3.0,3.0
14082038,1.0,0.0,1,1,3.0,0.0,3.0,3.0
14083000,1.0,0.0,1,1,3.8,0.0,3.8,3.8
14083002,1.0,0.0,1,1,3.8,0.0,3.8,3.8
14083004,1.0,0.0,1,1,3.8,0.0,3.8,3.8
14084003,1.0,0.0,1,1,8.9,0.0,8.9,8.9
14090000,1.0,0.0,1,1,7.9,0.0,7.9,7.9
14090003,1.0,0.0,1,1,7.9,0.0,7.9,7.9
14090005,1.0,0.0,1,1,8.6,0.0,8.6,8.6
14090006,1.0,0.0,1,1,8.5,0.0,8.5,8.5
14090008,1.0,0.0,1,1,8.5,0.0,8.5,8.5
14090009,1.67,0.47,2,2,9.83,2.78,11.8,11.8
14090013,1.0,0.0,1,1,7.9,0.0,7.9,7.9
14090018,1.0,0.0,1,1,7.66,0.39,8.0,7.8
14090019,1.0,0.0,1,1,7.35,0.45,7.8,7.8
14090020,1.0,0.0,1,1,6.9,0.0,6.9,6.9
14090021,1.0,0.0,1,1,7.27,0.52,8.0,6.9
14090033,1.0,0.0,1,1,10.9,0.0,10.9,10.9
14090040,1.0,0.0,1,1,9.9,0.0,9.9,9.9
14090041,1.0,0.0,1,1,9.9,0.0,9.9,9.9
14090042,1.0,0.0,1,1,9.9,0.0,9.9,9.9
14091000,2.5,1.5,4,4,9.75,5.85,15.6,15.6
14091001,2.0,0.0,2,2,7.8,0.0,7.8,7.8
14091004,1.0,0.0,1,1,5.9,0.0,5.9,5.9
14091005,1.0,0.0,1,1,9.9,0.0,9.9,9.9
14091006,1.0,0.0,1,1,5.9,0.0,5.9,5.9
14091007,1.17,0.37,2,1,4.55,1.45,7.8,3.9
14091009,1.0,0.0,1,1,3.9,0.0,3.9,3.9
14091012,1.0,0.0,1,1,3.9,0.0,3.9,3.9
14091021,1.5,0.5,2,2,4.5,1.5,6.0,6.0
14091022,1.0,0.0,1,1,3.0,0.0,3.0,3.0
14091025,1.0,0.0,1,1,3.0,0.0,3.0,3.0
14091027,1.5,0.5,2,2,4.5,1.5,6.0,6.0
14091028,1.0,0.0,1,1,3.0,0.0,3.0,3.0
14091046,1.0,0.0,1,1,5.7,0.2,5.9,5.9
14091047,1.0,0.0,1,1,5.5,0.0,5.5,5.5
14091073,1.5,0.5,2,2,8.7,2.9,11.6,11.6
14091074,1.0,0.0,1,1,5.8,0.0,5.8,5.8
14091075,1.0,0.0,1,1,5.8,0.0,5.8,5.8
14091077,1.33,0.47,2,1,7.73,2.73,11.6,5.8
14091079,1.5,0.5,2,2,8.7,2.9,11.6,11.6
14091090,1.0,0.0,1,1,5.8,0.0,5.8,5.8
14091091,1.0,0.0,1,1,5.8,0.0,5.8,5.8
14091093,1.0,0.0,1,1,6.9,0.0,6.9,6.9
14092002,1.0,0.0,1,1,4.9,0.0,4.9,4.9
14092007,1.5,0.5,2,2,15.9,5.3,21.2,21.2
14092010,2.0,0.0,2,2,7.8,0.0,7.8,7.8
14092013,1.0,0.0,1,1,3.9,0.0,3.9,3.9
14092014,1.0,0.0,1,1,3.9,0.0,3.9,3.9
14092015,1.0,0.0,1,1,3.9,0.0,3.9,3.9
14092016,1.0,0.0,1,1,5.9,0.0,5.9,5.9
14092017,1.0,0.0,1,1,3.9,0.0,3.9,3.9
14092021,1.0,0.0,1,1,6.03,0.38,6.3,6.3
14092022,1.0,0.0,1,1,6.3,0.0,6.3,6.3
14092023,1.0,0.0,1,1,6.3,0.0,6.3,6.3
14092025,1.0,0.0,1,1,4.2,0.0,4.2,4.2
14092026,1.0,0.0,1,1,6.0,0.0,6.0,6.0
14092039,1.0,0.0,1,1,12.8,0.0,12.8,12.8
14092042,1.0,0.0,1,1,4.8,0.0,4.8,4.8
14092043,1.0,0.0,1,1,4.8,0.0,4.8,4.8
14092044,1.0,0.0,1,1,4.8,0.0,4.8,4.8
14092056,1.0,0.0,1,1,3.9,0.0,3.9,3.9
14092057,1.0,0.0,1,1,3.9,0.0,3.9,3.9
14092059,1.0,0.0,1,1,3.9,0.0,3.9,3.9
14092060,1.0,0.0,1,1,3.9,0.0,3.9,3.9
14092062,1.25,0.43,2,1,4.88,1.69,7.8,3.9
14092063,1.5,0.87,3,1,9.3,5.37,18.6,6.2
14092065,1.0,0.0,1,1,6.2,0.0,6.2,6.2
14092066,1.0,0.0,1,1,3.9,0.0,3.9,3.9
14092067,2.0,0.82,3,2,7.8,3.18,11.7,7.8
14092069,1.0,0.0,1,1,5.8,0.0,5.8,5.8
14092072,1.0,0.0,1,1,3.9,0.0,3.9,3.9
14092074,2.0,0.0,2,2,10.0,0.0,10.0,10.0
14092075,1.14,0.35,2,1,6.43,2.26,10.0,5.0
14092077,1.0,0.0,1,1,3.0,0.0,3.0,3.0
14092078,1.0,0.0,1,1,3.0,0.0,3.0,3.0
14092094,1.0,0.0,1,1,4.6,0.0,4.6,4.6
14092099,1.25,0.43,2,1,13.62,4.72,21.8,10.9
14092105,1.0,0.0,1,1,3.5,0.0,3.5,3.5
14092106,1.0,0.0,1,1,3.5,0.0,3.5,3.5
14092107,1.0,0.0,1,1,6.0,0.0,6.0,6.0
14093001,1.0,0.0,1,1,38.0,0.0,38.0,38.0
14094012,1.0,0.0,1,1,3.9,0.0,3.9,3.9
14100056,1.0,0.0,1,1,6.5,0.0,6.5,6.5
14100100,1.0,0.0,1,1,11.8,0.0,11.8,11.8
14101009,1.0,0.0,1,1,2.0,0.0,2.0,2.0
14101025,1.0,0.0,1,1,9.9,0.0,9.9,9.9
14101026,1.0,0.0,1,1,4.0,0.0,4.0,4.0
14101028,1.0,0.0,1,1,4.0,0.0,4.0,4.0
14101074,1.0,0.0,1,1,22.8,0.0,22.8,22.8
14101132,1.0,0.0,1,1,1.2,0.0,1.2,1.2
14101161,1.0,0.0,1,1,4.5,0.0,4.5,4.5
14102006,1.0,0.0,1,1,11.8,0.0,11.8,11.8
14103004,1.0,0.0,1,1,8.8,0.0,8.8,8.8
14105011,1.0,0.0,1,1,6.0,0.0,6.0,6.0
14105013,1.0,0.0,1,1,6.0,0.0,6.0,6.0
14105014,1.0,0.0,1,1,6.0,0.0,6.0,6.0
14105015,1.0,0.0,1,1,12.9,0.0,12.9,12.9
14105020,1.0,0.0,1,1,0.5,0.0,0.5,0.5
14108007,1.0,0.0,1,1,13.5,0.0,13.5,13.5
14108008,1.0,0.0,1,1,13.5,0.0,13.5,13.5
14108021,1.0,0.0,1,1,10.6,0.0,10.6,10.6
14110001,1.0,0.0,1,1,24.8,0.0,24.8,24.8
14111002,1.0,0.0,1,1,12.8,0.0,12.8,12.8
14112000,1.0,0.0,1,1,4.5,0.0,4.5,4.5
14112002,1.0,0.0,1,1,4.5,0.0,4.5,4.5
14112009,1.0,0.0,1,1,11.8,0.0,11.8,11.8
14112010,1.0,0.0,1,1,11.8,0.0,11.8,11.8
14112011,1.0,0.0,1,1,11.8,0.0,11.8,11.8
14112012,1.0,0.0,1,1,11.8,0.0,11.8,11.8
14120000,1.0,0.0,1,1,5.5,0.0,5.5,5.5
14120002,1.0,0.0,1,1,5.5,0.0,5.5,5.5
14120012,1.0,0.0,1,1,5.5,0.0,5.5,5.5
14120029,1.0,0.0,1,1,5.5,0.0,5.5,5.5
14120030,1.0,0.0,1,1,3.0,0.0,3.0,3.0
14121010,1.0,0.0,1,1,16.6,0.0,16.6,16.6
14121011,1.0,0.0,1,1,16.6,0.0,16.6,16.6
14121012,1.0,0.0,1,1,16.6,0.0,16.6,16.6
14121013,1.0,0.0,1,1,16.6,0.0,16.6,16.6
14121014,1.0,0.0,1,1,9.5,0.0,9.5,9.5
14121018,1.0,0.0,1,1,9.9,0.0,9.9,9.9
14121023,1.0,0.0,1,1,10.9,0.0,10.9,10.9
14121029,1.0,0.0,1,1,12.0,0.0,12.0,12.0
14121033,1.0,0.0,1,1,11.5,0.0,11.5,11.5
14121047,1.0,0.0,1,1,11.5,0.0,11.5,11.5
14122001,1.0,0.0,1,1,2.5,0.0,2.5,2.5
14130013,1.0,0.0,1,1,7.8,0.0,7.8,7.8
14130025,1.0,0.0,1,1,7.8,0.0,7.8,7.8
14130041,1.0,0.0,1,1,7.5,0.0,7.5,7.5
14130049,1.0,0.0,1,1,7.7,0.0,7.7,7.7
14130054,1.0,0.0,1,1,8.7,0.0,8.7,8.7
14130055,1.2,0.4,2,1,10.44,3.48,17.4,8.7
14130060,1.0,0.0,1,1,3.99,0.0,3.99,3.99
14131001,1.0,0.0,1,1,5.0,0.0,5.0,5.0
14131016,1.0,0.0,1,1,9.8,0.0,9.8,9.8
14132016,1.0,0.0,1,1,129.0,0.0,129.0,129.0
14132040,1.0,0.0,1,1,109.2,0.0,109.2,109.2
14132041,1.0,0.0,1,1,125.7,0.0,125.7,125.7
14132055,1.0,0.0,1,1,21.6,0.0,21.6,21.6
14132115,1.0,0.0,1,1,15.9,0.0,15.9,15.9
14132120,1.0,0.0,1,1,13.2,0.0,13.2,13.2
14132170,1.0,0.0,1,1,10.0,0.0,10.0,10.0
14133005,1.0,0.0,1,1,4.8,0.0,4.8,4.8
14140195,2.0,0.0,2,2,23.8,0.0,23.8,23.8
14140210,1.0,0.0,1,1,11.9,0.0,11.9,11.9
14140211,1.0,0.0,1,1,11.9,0.0,11.9,11.9
14141028,1.0,0.0,1,1,3.6,0.0,3.6,3.6
14142039,2.0,0.0,2,2,8.4,0.0,8.4,8.4
14142040,1.0,0.0,1,1,4.2,0.0,4.2,4.2
14200010,1.0,0.0,1,1,3.9,0.0,3.9,3.9
14200011,1.0,0.0,1,1,3.9,0.0,3.9,3.9
14200012,1.0,0.0,1,1,3.9,0.0,3.9,3.9
14200016,1.0,0.0,1,1,3.9,0.0,3.9,3.9
14200020,1.0,0.0,1,1,4.9,0.0,4.9,4.9
14200022,1.0,0.0,1,1,4.9,0.0,4.9,4.9
14200035,1.0,0.0,1,1,9.9,0.0,9.9,9.9
14200037,1.0,0.0,1,1,4.9,0.0,4.9,4.9
14200038,1.0,0.0,1,1,11.9,0.0,11.9,11.9
14200039,1.0,0.0,1,1,4.9,0.0,4.9,4.9
14200040,1.0,0.0,1,1,9.9,0.0,9.9,9.9
14200042,1.0,0.0,1,1,12.5,0.0,12.5,12.5
14200046,1.0,0.0,1,1,11.9,0.0,11.9,11.9
14200049,1.0,0.0,1,1,15.5,0.0,15.5,15.5
14200050,1.0,0.0,1,1,11.9,0.0,11.9,11.9
14200055,1.0,0.0,1,1,8.6,0.0,8.6,8.6
14200056,1.0,0.0,1,1,8.6,0.0,8.6,8.6
14200059,1.0,0.0,1,1,8.6,0.0,8.6,8.6
14200061,1.0,0.0,1,1,11.6,0.0,11.6,11.6
14200074,1.0,0.0,1,1,12.5,0.0,12.5,12.5
14202011,2.0,0.0,2,2,25.0,0.0,25.0,25.0
14203007,1.0,0.0,1,1,12.9,0.0,12.9,12.9
14203013,1.0,0.0,1,1,3.8,0.0,3.8,3.8
14203014,1.0,0.0,1,1,10.0,0.0,10.0,10.0
14203019,1.0,0.0,1,1,10.6,0.0,10.6,10.6
14203022,1.0,0.0,1,1,8.6,0.0,8.6,8.6
14205013,1.0,0.0,1,1,9.0,0.0,9.0,9.0
14205014,1.0,0.0,1,1,1.9,0.0,1.9,1.9
14208002,1.0,0.0,1,1,28.5,0.0,28.5,28.5
14209009,1.0,0.0,1,1,15.8,0.0,15.8,15.8
14209010,1.0,0.0,1,1,32.0,0.0,32.0,32.0
14209014,1.0,0.0,1,1,12.5,0.0,12.5,12.5
14221007,1.0,0.0,1,1,19.9,0.0,19.9,19.9
14222008,1.0,0.0,1,1,7.9,0.0,7.9,7.9
14222009,1.0,0.0,1,1,10.2,0.0,10.2,10.2
14222010,1.0,0.0,1,1,12.0,0.0,12.0,12.0
14222013,2.0,0.0,2,2,22.6,0.0,22.6,22.6
14222023,1.0,0.0,1,1,3.3,0.0,3.3,3.3
14222032,1.0,0.0,1,1,7.8,0.0,7.8,7.8
14222033,1.0,0.0,1,1,7.8,0.0,7.8,7.8
14222034,1.0,0.0,1,1,7.8,0.0,7.8,7.8
14223000,1.0,0.0,1,1,4.5,0.0,4.5,4.5
14223006,1.0,0.0,1,1,16.0,0.0,16.0,16.0
14231003,1.0,0.0,1,1,4.9,0.0,4.9,4.9
14231008,1.0,0.0,1,1,5.5,0.0,5.5,5.5
14231010,1.0,0.0,1,1,5.5,0.0,5.5,5.5
14232008,1.0,0.0,1,1,2.5,0.0,2.5,2.5
14232010,1.0,0.0,1,1,4.0,0.0,4.0,4.0
14234000,1.0,0.0,1,1,3.9,0.0,3.9,3.9
14240001,1.0,0.0,1,1,3.9,0.0,3.9,3.9
14241000,1.0,0.0,1,1,3.9,0.0,3.9,3.9
14241001,3.0,2.83,7,1,11.7,11.03,27.3,3.9
14241003,1.0,0.0,1,1,5.5,0.0,5.5,5.5
14241004,1.0,0.0,1,1,2.9,0.0,2.9,2.9
14241005,1.0,0.0,1,1,2.9,0.0,2.9,2.9
14241007,1.0,0.0,1,1,4.0,0.0,4.0,4.0
14241008,1.0,0.0,1,1,2.5,0.0,2.5,2.5
14243001,1.0,0.0,1,1,2.5,0.0,2.5,2.5
14243002,1.0,0.0,1,1,4.0,0.0,4.0,4.0
14243004,1.0,0.0,1,1,3.8,0.0,3.8,3.8
14250002,1.0,0.0,1,1,17.5,0.0,17.5,17.5
14250004,1.0,0.0,1,1,9.5,0.0,9.5,9.5
14250007,2.0,0.0,2,2,39.6,0.0,39.6,39.6
14250012,1.0,0.0,1,1,7.9,0.0,7.9,7.9
14250016,2.0,0.0,2,2,42.4,0.0,42.4,42.4
14250017,1.0,0.0,1,1,9.9,0.0,9.9,9.9
14251001,1.0,0.0,1,1,19.9,0.0,19.9,19.9
14252006,1.0,0.0,1,1,23.8,0.0,23.8,23.8
14253003,1.0,0.0,1,1,9.9,0.0,9.9,9.9
14253004,1.0,0.0,1,1,9.9,0.0,9.9,9.9
14253005,1.67,0.94,3,1,16.5,9.33,29.7,9.9
14255001,1.0,0.0,1,1,15.9,0.0,15.9,15.9
14256000,1.0,0.0,1,1,29.5,0.0,29.5,29.5
14256001,1.0,0.0,1,1,23.8,0.0,23.8,23.8
14256002,1.0,0.0,1,1,12.5,0.0,12.5,12.5
14256003,1.0,0.0,1,1,12.5,0.0,12.5,12.5
14257004,1.0,0.0,1,1,26.0,0.0,26.0,26.0
14258002,1.0,0.0,1,1,12.5,0.0,12.5,12.5
14258008,1.0,0.0,1,1,10.9,0.0,10.9,10.9
14258011,1.0,0.0,1,1,12.5,0.0,12.5,12.5
14261001,1.5,0.5,2,2,40.2,13.4,53.6,53.6
14261002,1.0,0.0,1,1,16.9,0.0,16.9,16.9
14261005,1.0,0.0,1,1,19.8,0.0,19.8,19.8
14261018,1.0,0.0,1,1,5.8,0.0,5.8,5.8
14270001,1.0,0.0,1,1,3.2,0.0,3.2,3.2
14272004,1.0,0.0,1,1,5.9,0.0,5.9,5.9
14275007,1.0,0.0,1,1,4.0,0.0,4.0,4.0
14275009,1.0,0.0,1,1,17.3,0.0,17.3,17.3
14275013,1.0,0.0,1,1,14.8,0.0,14.8,14.8
14275016,1.0,0.0,1,1,12.9,0.0,12.9,12.9
14275018,1.0,0.0,1,1,5.3,0.0,5.3,5.3
14275019,1.0,0.0,1,1,10.8,0.0,10.8,10.8
14275022,1.0,0.0,1,1,2.2,0.0,2.2,2.2
14275023,1.0,0.0,1,1,3.3,0.0,3.3,3.3
14275024,1.0,0.0,1,1,5.5,0.0,5.5,5.5
14275025,2.0,0.0,2,2,7.6,0.0,7.6,7.6
14275033,1.0,0.0,1,1,15.7,0.0,15.7,15.7
14275036,1.0,0.0,1,1,6.9,0.0,6.9,6.9
14275038,1.0,0.0,1,1,15.7,0.0,15.7,15.7
14275042,1.0,0.0,1,1,11.0,0.0,11.0,11.0
14280000,1.0,0.0,1,1,5.5,0.0,5.5,5.5
14280007,1.0,0.0,1,1,5.8,0.0,5.8,5.8
14280008,1.5,0.5,2,2,8.7,2.9,11.6,11.6
14281000,2.0,0.0,2,2,11.0,0.0,11.0,11.0
14281001,1.0,0.0,1,1,6.9,0.0,6.9,6.9
14281009,1.0,0.0,1,1,7.9,0.0,7.9,7.9
14281014,2.0,0.0,2,2,13.6,0.0,13.6,13.6
14282000,1.0,0.0,1,1,5.5,0.0,5.5,5.5
14284001,1.0,0.0,1,1,3.9,0.0,3.9,3.9
14284008,2.0,0.0,2,2,5.0,0.0,5.0,5.0
14284009,1.0,0.0,1,1,14.9,0.0,14.9,14.9
14284014,1.0,0.0,1,1,5.8,0.0,5.8,5.8
14284017,1.0,0.0,1,1,6.8,0.0,6.8,6.8
14286001,1.0,0.0,1,1,3.4,0.5,3.9,3.9
14286002,1.0,0.0,1,1,3.9,0.0,3.9,3.9
14286003,1.25,0.43,2,1,4.12,1.6,6.8,3.9
14300001,2.5,1.5,4,4,16.25,9.75,26.0,26.0
14300003,1.0,0.0,1,1,10.5,0.0,10.5,10.5
14300004,1.0,0.0,1,1,10.5,0.0,10.5,10.5
14300006,1.0,0.0,1,1,10.5,0.0,10.5,10.5
14300007,1.0,0.0,1,1,10.5,0.0,10.5,10.5
14300008,1.0,0.0,1,1,16.5,0.0,16.5,16.5
14300010,1.0,0.0,1,1,8.6,0.0,8.6,8.6
14300038,1.0,0.0,1,1,7.5,0.0,7.5,7.5
14300043,1.0,0.0,1,1,9.8,0.0,9.8,9.8
14300045,1.0,0.0,1,1,7.5,0.0,7.5,7.5
14300060,1.0,0.0,1,1,15.5,0.0,15.5,15.5
14300064,1.0,0.0,1,1,22.5,0.0,22.5,22.5
14300065,1.0,0.0,1,1,24.0,0.0,24.0,24.0
14300067,1.0,0.0,1,1,20.2,0.0,20.2,20.2
14300085,1.0,0.0,1,1,15.8,0.0,15.8,15.8
14300086,1.0,0.0,1,1,15.8,0.0,15.8,15.8
14300101,1.0,0.0,1,1,12.6,0.0,12.6,12.6
14300102,2.0,0.0,2,2,15.2,0.0,15.2,15.2
14300106,1.0,0.0,1,1,5.8,0.0,5.8,5.8
14310047,1.0,0.0,1,1,18.9,0.0,18.9,18.9
14310051,2.0,0.0,2,2,59.6,0.0,59.6,59.6
14310057,1.0,0.0,1,1,6.8,0.0,6.8,6.8
14310067,1.0,0.0,1,1,19.8,0.0,19.8,19.8
14362001,1.0,0.0,1,1,100.0,0.0,100.0,100.0
14400007,1.0,0.0,1,1,2.0,0.0,2.0,2.0
14400019,1.0,0.0,1,1,15.79,0.0,15.79,15.79
14400021,1.0,0.0,1,1,18.05,0.0,18.05,18.05
14402009,1.0,0.0,1,1,8.38,1.15,9.53,9.53
14402013,1.0,0.0,1,1,15.84,0.0,15.84,15.84
14403022,1.0,0.0,1,1,24.18,0.0,24.18,24.18
14403071,1.0,0.0,1,1,27.72,9.24,36.96,36.96
14403075,1.0,0.0,1,1,6.91,0.0,6.91,6.91
14403083,1.2,0.4,2,1,23.78,16.9,62.33,22.0
14405025,1.0,0.0,1,1,28.08,0.0,28.08,28.08
14406003,1.0,0.0,1,1,38.56,0.0,38.56,38.56
14406011,1.0,0.0,1,1,8.56,1.28,9.84,9.84
14406017,1.0,0.0,1,1,10.02,0.0,10.02,10.02
14407001,1.0,0.0,1,1,18.2,0.0,18.2,18.2
14407009,1.5,0.5,2,2,16.67,7.51,24.18,24.18
14409026,1.0,0.0,1,1,13.16,0.0,13.16,13.16
14409039,1.0,0.0,1,1,7.59,1.35,8.94,8.94
14409042,1.0,0.0,1,1,8.58,0.0,8.58,8.58
14409043,1.0,0.0,1,1,7.18,0.0,7.18,7.18
14409044,1.0,0.0,1,1,7.17,0.0,7.17,7.17
14500013,1.0,0.0,1,1,65.0,0.0,65.0,65.0
14506025,1.0,0.0,1,1,29.8,0.0,29.8,29.8
14506029,2.0,0.0,2,2,23.8,0.0,23.8,23.8
14510002,1.0,0.0,1,1,12.9,0.0,12.9,12.9
14513017,2.0,0.0,2,2,9.0,0.0,9.0,9.0
14515001,1.0,0.0,1,1,10.55,1.13,12.5,9.9
14515013,1.0,0.0,1,1,16.9,0.0,16.9,16.9
14520008,1.0,0.0,1,1,16.8,0.0,16.8,16.8
14521012,1.0,0.0,1,1,13.6,0.0,13.6,13.6
14521025,1.0,0.0,1,1,36.8,0.0,36.8,36.8
14521026,1.0,0.0,1,1,36.8,0.0,36.8,36.8
14521028,1.0,0.0,1,1,10.9,0.0,10.9,10.9
14521029,1.0,0.0,1,1,36.8,0.0,36.8,36.8
14521033,1.0,0.0,1,1,42.8,0.0,42.8,42.8
14521042,2.0,0.0,2,2,21.8,0.0,21.8,21.8
14525017,1.0,0.0,1,1,16.99,0.0,16.99,16.99
14529000,1.0,0.0,1,1,12.8,0.0,12.8,12.8
14530010,1.0,0.0,1,1,10.9,0.0,10.9,10.9
14530014,1.0,0.0,1,1,8.9,0.0,8.9,8.9
14530015,1.0,0.0,1,1,29.57,3.77,34.9,26.9
14530017,1.0,0.0,1,1,19.9,0.0,19.9,19.9
14530023,1.0,0.0,1,1,58.0,0.0,58.0,58.0
14531012,2.0,0.0,2,2,79.6,0.0,79.6,79.6
14531018,1.0,0.0,1,1,29.8,0.0,29.8,29.8
14531029,1.0,0.0,1,1,29.9,0.0,29.9,29.9
14531032,1.0,0.0,1,1,26.9,0.0,26.9,26.9
14533002,1.0,0.0,1,1,22.9,0.0,22.9,22.9
14533004,1.0,0.0,1,1,9.9,0.0,9.9,9.9
14541005,1.0,0.0,1,1,27.8,0.0,27.8,27.8
14541006,1.0,0.0,1,1,27.8,0.0,27.8,27.8
14551016,2.0,0.0,2,2,37.0,0.0,37.0,37.0
14552000,2.0,0.0,2,2,29.6,0.0,29.6,29.6
14552002,1.0,0.0,1,1,11.9,0.0,11.9,11.9
14560000,1.0,0.0,1,1,7.7,0.0,7.7,7.7
14560008,2.0,0.0,2,2,13.2,0.0,13.2,13.2
14560009,1.0,0.0,1,1,9.8,0.0,9.8,9.8
14563003,1.0,0.0,1,1,11.9,0.0,11.9,11.9
14570003,1.0,0.0,1,1,9.9,0.0,9.9,9.9
14570013,1.0,0.0,1,1,27.8,0.0,27.8,27.8
14570094,1.0,0.0,1,1,66.9,0.0,66.9,66.9
14572003,1.0,0.0,1,1,59.0,0.0,59.0,59.0
14573004,1.0,0.0,1,1,10.2,0.0,10.2,10.2
14573008,1.0,0.0,1,1,16.8,0.0,16.8,16.8
14573010,1.0,0.0,1,1,16.8,0.0,16.8,16.8
14580009,1.0,0.0,1,1,41.9,0.0,41.9,41.9
14580017,1.0,0.0,1,1,38.0,0.0,38.0,38.0
14582016,1.0,0.0,1,1,65.0,0.0,65.0,65.0
14584091,1.0,0.0,1,1,65.0,0.0,65.0,65.0
14584161,2.0,0.0,2,2,142.0,0.0,142.0,142.0
14585004,1.0,0.0,1,1,22.9,0.0,22.9,22.9
14585005,1.0,0.0,1,1,28.8,0.0,28.8,28.8
14590021,1.0,0.0,1,1,28.8,0.0,28.8,28.8
14593014,1.0,0.0,1,1,5.8,0.0,5.8,5.8
14593015,1.0,0.0,1,1,5.8,0.0,5.8,5.8
14594007,1.0,0.0,1,1,2.7,0.0,2.7,2.7
14594010,1.0,0.0,1,1,5.9,0.0,5.9,5.9
14594012,1.0,0.0,1,1,4.8,0.0,4.8,4.8
14594019,1.0,0.0,1,1,6.5,0.0,6.5,6.5
14594022,1.0,0.0,1,1,5.8,0.0,5.8,5.8
14594023,2.0,0.0,2,2,6.0,0.0,6.0,6.0
14594025,1.0,0.0,1,1,3.0,0.0,3.0,3.0
14596013,1.0,0.0,1,1,9.5,0.0,9.5,9.5
14596015,1.0,0.0,1,1,9.5,0.0,9.5,9.5
14596016,1.0,0.0,1,1,4.0,0.0,4.0,4.0
14600002,1.0,0.0,1,1,188.0,0.0,188.0,188.0
14630005,1.0,0.0,1,1,12.85,0.05,12.9,12.9
14630006,1.0,0.0,1,1,5.8,0.0,5.8,5.8
14630008,2.0,0.0,2,2,33.0,0.0,33.0,33.0
14633000,2.0,0.0,2,2,11.0,0.0,11.0,11.0
14633003,1.0,0.0,1,1,5.8,0.0,5.8,5.8
14635002,1.0,0.0,1,1,8.5,0.0,8.5,8.5
14636009,2.0,0.0,2,2,7.0,0.0,7.0,7.0
14636010,1.0,0.0,1,1,4.0,0.0,4.0,4.0
14644000,1.0,0.0,1,1,3.5,0.0,3.5,3.5
14644001,1.0,0.0,1,1,7.7,0.0,7.7,7.7
14650000,1.0,0.0,1,1,12.5,0.0,12.5,12.5
14651000,1.0,0.0,1,1,12.5,0.0,12.5,12.5
14651001,1.0,0.0,1,1,12.2,0.0,12.2,12.2
14652001,1.0,0.0,1,1,20.0,0.0,20.0,20.0
14654002,1.0,0.0,1,1,9.0,0.0,9.0,9.0
14661005,1.0,0.0,1,1,14.8,0.0,14.8,14.8
14700007,1.0,0.0,1,1,45.0,0.0,45.0,45.0
14700013,1.0,0.0,1,1,58.9,0.0,58.9,58.9
14700032,2.0,0.0,2,2,67.0,0.0,67.0,67.0
14700033,2.0,0.0,2,2,73.0,0.0,73.0,73.0
14700054,1.0,0.0,1,1,17.9,0.0,17.9,17.9
14701015,1.0,0.0,1,1,58.8,0.0,58.8,58.8
14701035,1.0,0.0,1,1,37.35,2.45,39.8,39.8
14702000,1.0,0.0,1,1,71.8,0.0,71.8,71.8
14710015,1.0,0.0,1,1,28.9,0.0,28.9,28.9
14710016,1.0,0.0,1,1,34.9,0.0,34.9,34.9
14710019,1.0,0.0,1,1,32.8,0.0,32.8,32.8
14710024,1.0,0.0,1,1,49.9,0.0,49.9,49.9
14710026,1.0,0.0,1,1,29.9,0.0,29.9,29.9
14713004,1.0,0.0,1,1,31.9,0.0,31.9,31.9
14714001,1.0,0.0,1,1,24.9,0.0,24.9,24.9
14715009,1.0,0.0,1,1,36.8,0.0,36.8,36.8
14720001,1.0,0.0,1,1,3.0,0.0,3.0,3.0
14720016,1.0,0.0,1,1,4.6,0.0,4.6,4.6
14721017,1.0,0.0,1,1,15.1,0.0,15.1,15.1
14721018,1.0,0.0,1,1,15.1,0.0,15.1,15.1
14721019,1.0,0.0,1,1,15.1,0.0,15.1,15.1
14721020,1.0,0.0,1,1,7.2,0.3,7.5,7.5
14721021,1.0,0.0,1,1,7.5,0.0,7.5,7.5
14721022,3.0,0.0,3,3,21.9,0.0,21.9,21.9
14721026,1.0,0.0,1,1,15.0,0.0,15.0,15.0
14721028,1.0,0.0,1,1,15.0,0.0,15.0,15.0
14721034,1.5,0.5,2,2,18.75,6.25,25.0,25.0
14721037,1.0,0.0,1,1,15.0,0.0,15.0,15.0
14721039,1.0,0.0,1,1,12.5,0.0,12.5,12.5
14721042,1.0,0.0,1,1,11.5,0.0,11.5,11.5
14721044,1.0,0.0,1,1,11.5,0.0,11.5,11.5
14721051,1.0,0.0,1,1,26.5,0.0,26.5,26.5
14721064,1.0,0.0,1,1,26.5,0.0,26.5,26.5
14721068,1.0,0.0,1,1,34.0,0.0,34.0,34.0
14721069,1.0,0.0,1,1,35.0,0.0,35.0,35.0
14721071,1.0,0.0,1,1,12.5,0.0,12.5,12.5
14721073,1.0,0.0,1,1,12.5,0.0,12.5,12.5
14721076,1.0,0.0,1,1,12.5,0.0,12.5,12.5
14721080,1.0,0.0,1,1,16.8,0.0,16.8,16.8
14721082,1.0,0.0,1,1,12.8,0.0,12.8,12.8
14721083,1.0,0.0,1,1,16.8,0.0,16.8,16.8
14722003,1.0,0.0,1,1,10.9,0.0,10.9,10.9
14722015,2.0,1.0,3,3,10.5,6.0,16.5,16.5
14722020,1.0,0.0,1,1,6.5,0.0,6.5,6.5
14722028,1.0,0.0,1,1,4.0,0.0,4.0,4.0
14722029,1.0,0.0,1,1,4.0,0.0,4.0,4.0
14722031,1.0,0.0,1,1,4.0,0.0,4.0,4.0
14722032,1.0,0.0,1,1,4.0,0.0,4.0,4.0
14722036,1.0,0.0,1,1,3.0,0.0,3.0,3.0
14722043,1.0,0.0,1,1,4.0,0.0,4.0,4.0
14722048,1.0,0.0,1,1,9.8,0.0,9.8,9.8
14722065,1.5,0.5,2,2,6.0,2.0,8.0,8.0
14722066,1.33,0.47,2,1,5.33,1.89,8.0,4.0
14722070,1.0,0.0,1,1,6.0,0.0,6.0,6.0
14722071,1.0,0.0,1,1,8.0,0.0,8.0,8.0
14722072,1.0,0.0,1,1,5.0,0.0,5.0,5.0
14722073,1.0,0.0,1,1,8.0,0.0,8.0,8.0
14722090,1.0,0.0,1,1,12.5,0.0,12.5,12.5
14722097,1.0,0.0,1,1,4.5,0.0,4.5,4.5
14723011,1.0,0.0,1,1,1.0,0.0,1.0,1.0
14732002,1.0,0.0,1,1,5.0,0.0,5.0,5.0
14733000,1.0,0.0,1,1,6.0,0.0,6.0,6.0
14733004,1.0,0.0,1,1,6.0,0.0,6.0,6.0
14733015,1.0,0.0,1,1,6.0,0.0,6.0,6.0
14741000,1.0,0.0,1,1,4.5,0.0,4.5,4.5
14741001,1.0,0.0,1,1,4.5,0.0,4.5,4.5
14750011,1.0,0.0,1,1,7.9,0.0,7.9,7.9
14750012,1.0,0.0,1,1,12.5,0.0,12.5,12.5
14750022,1.0,0.0,1,1,10.9,0.0,10.9,10.9
14750025,1.0,0.0,1,1,11.5,0.0,11.5,11.5
14750028,1.0,0.0,1,1,10.9,0.0,10.9,10.9
14750029,1.0,0.0,1,1,10.9,0.0,10.9,10.9
14750037,1.0,0.0,1,1,9.7,0.8,10.5,10.5
14750038,1.0,0.0,1,1,9.9,0.0,9.9,9.9
14750040,1.0,0.0,1,1,9.9,0.0,9.9,9.9
14750041,1.5,0.5,2,2,8.98,3.0,11.98,11.98
14750044,1.0,0.0,1,1,11.8,0.0,11.8,11.8
14750056,1.5,0.5,2,2,14.55,4.85,19.4,19.4
14750057,1.0,0.0,1,1,9.7,0.0,9.7,9.7
14750061,1.0,0.0,1,1,13.6,0.0,13.6,13.6
14750062,2.0,0.0,2,2,25.2,0.0,25.2,25.2
14750064,1.0,0.0,1,1,7.45,1.55,9.0,9.0
14750067,2.0,1.0,3,3,10.8,3.9,14.7,14.7
14750070,1.0,0.0,1,1,19.8,0.0,19.8,19.8
14753000,1.0,0.0,1,1,19.3,0.0,19.3,19.3
14753001,1.0,0.0,1,1,19.3,0.0,19.3,19.3
14753007,1.0,0.0,1,1,6.8,0.0,6.8,6.8
14753012,1.0,0.0,1,1,9.9,0.0,9.9,9.9
14753025,1.0,0.0,1,1,18.9,0.0,18.9,18.9
14754001,1.0,0.0,1,1,15.8,0.0,15.8,15.8
14754011,1.0,0.0,1,1,15.9,0.0,15.9,15.9
14754017,1.0,0.0,1,1,19.9,0.0,19.9,19.9
14754018,1.0,0.0,1,1,16.9,0.0,16.9,16.9
14754022,1.0,0.0,1,1,7.9,0.0,7.9,7.9
14754024,2.0,0.0,2,2,33.8,0.0,33.8,33.8
14754030,1.0,0.0,1,1,18.5,0.0,18.5,18.5
14761003,2.0,0.0,2,2,20.8,0.0,20.8,20.8
14763006,1.0,0.0,1,1,19.9,0.0,19.9,19.9
14770010,1.0,0.0,1,1,142.8,0.0,142.8,142.8
14770015,1.0,0.0,1,1,199.0,0.0,199.0,199.0
14770025,1.0,0.0,1,1,109.9,0.0,109.9,109.9
14772008,1.0,0.0,1,1,49.9,0.0,49.9,49.9
14772011,1.0,0.0,1,1,59.9,0.0,59.9,59.9
14772026,1.0,0.0,1,1,36.8,0.0,36.8,36.8
14774003,1.0,0.0,1,1,69.8,0.0,69.8,69.8
14774010,1.0,0.0,1,1,70.0,0.0,70.0,70.0
14774022,1.0,0.0,1,1,40.57,0.94,41.9,39.9
14775014,1.0,0.0,1,1,33.9,0.0,33.9,33.9
14800002,1.0,0.0,1,1,17.5,0.0,17.5,17.5
14800003,1.0,0.0,1,1,6.0,0.0,6.0,6.0
14800015,1.0,0.0,1,1,1.99,0.0,1.99,1.99
14800017,1.0,0.0,1,1,12.9,0.0,12.9,12.9
14800019,1.0,0.0,1,1,8.8,0.0,8.8,8.8
14800020,1.0,0.0,1,1,11.9,0.0,11.9,11.9
14800027,1.0,0.0,1,1,11.8,0.0,11.8,11.8
14801002,1.0,0.0,1,1,8.5,0.0,8.5,8.5
14801005,1.0,0.0,1,1,9.0,0.0,9.0,9.0
14801006,1.0,0.0,1,1,7.2,0.0,7.2,7.2
14801009,1.0,0.0,1,1,11.99,0.0,11.99,11.99
14801010,1.0,0.0,1,1,9.5,0.0,9.5,9.5
14802006,1.0,0.0,1,1,10.0,0.0,10.0,10.0
14802009,1.0,0.0,1,1,15.0,0.0,15.0,15.0
14802010,1.0,0.0,1,1,19.9,0.0,19.9,19.9
14802011,1.0,0.0,1,1,7.5,0.0,7.5,7.5
14802016,1.0,0.0,1,1,16.5,0.0,16.5,16.5
14802019,1.0,0.0,1,1,11.8,0.0,11.8,11.8
14802020,1.0,0.0,1,1,9.8,0.0,9.8,9.8
14802036,1.0,0.0,1,1,18.8,0.0,18.8,18.8
14802049,1.0,0.0,1,1,53.8,0.0,53.8,53.8
14802050,1.0,0.0,1,1,14.4,0.0,14.4,14.4
14802052,1.0,0.0,1,1,14.9,0.0,14.9,14.9
14802054,1.0,0.0,1,1,18.5,0.0,18.5,18.5
14802056,1.0,0.0,1,1,17.1,1.91,19.8,15.9
14802057,1.0,0.0,1,1,10.7,0.0,10.7,10.7
14802060,1.0,0.0,1,1,15.9,0.0,15.9,15.9
14802061,1.0,0.0,1,1,6.9,0.0,6.9,6.9
14802063,1.0,0.0,1,1,17.9,0.0,17.9,17.9
14802066,1.0,0.0,1,1,45.8,0.0,45.8,45.8
14803001,1.0,0.0,1,1,18.9,0.0,18.9,18.9
14804010,1.0,0.0,1,1,10.7,0.0,10.7,10.7
14804024,1.0,0.0,1,1,9.9,0.0,9.9,9.9
14811002,1.0,0.0,1,1,5.0,0.0,5.0,5.0
14811004,1.0,0.0,1,1,8.0,0.0,8.0,8.0
14811005,1.0,0.0,1,1,9.0,0.0,9.0,9.0
14811007,1.0,0.0,1,1,15.9,0.0,15.9,15.9
14811012,1.0,0.0,1,1,8.9,0.0,8.9,8.9
14811023,1.0,0.0,1,1,16.5,0.0,16.5,16.5
14812002,1.0,0.0,1,1,7.7,0.0,7.7,7.7
14812003,1.0,0.0,1,1,22.0,0.0,22.0,22.0
14812004,1.0,0.0,1,1,18.0,0.0,18.0,18.0
14812007,1.0,0.0,1,1,8.9,0.0,8.9,8.9
14812009,1.0,0.0,1,1,8.2,0.0,8.2,8.2
14812020,1.0,0.0,1,1,6.9,0.0,6.9,6.9
14813000,1.0,0.0,1,1,5.9,0.0,5.9,5.9
14813001,1.0,0.0,1,1,7.7,0.0,7.7,7.7
14813007,1.0,0.0,1,1,29.0,0.0,29.0,29.0
14814000,1.0,0.0,1,1,5.5,0.0,5.5,5.5
14814021,1.0,0.0,1,1,5.9,0.0,5.9,5.9
14814022,1.0,0.0,1,1,4.9,0.0,4.9,4.9
14814026,1.0,0.0,1,1,8.6,0.0,8.6,8.6
14815001,1.0,0.0,1,1,5.7,0.0,5.7,5.7
14815002,1.0,0.0,1,1,10.1,0.0,10.1,10.1
14815007,1.33,0.47,2,1,7.47,2.64,11.2,5.6
14815011,1.0,0.0,1,1,6.0,0.0,6.0,6.0
14815013,1.0,0.0,1,1,5.6,0.0,5.6,5.6
14820016,1.0,0.0,1,1,29.9,0.0,29.9,29.9
14822000,1.0,0.0,1,1,9.9,0.0,9.9,9.9
14822002,1.0,0.0,1,1,6.9,0.0,6.9,6.9
14823000,1.0,0.0,1,1,9.9,0.0,9.9,9.9
14826020,1.0,0.0,1,1,6.5,0.0,6.5,6.5
14826023,1.0,0.0,1,1,4.5,0.0,4.5,4.5
14827000,1.0,0.0,1,1,17.6,0.0,17.6,17.6
14828010,1.0,0.0,1,1,16.2,0.0,16.2,16.2
14830005,1.0,0.0,1,1,6.9,0.0,6.9,6.9
14830009,1.0,0.0,1,1,8.9,0.0,8.9,8.9
14830013,1.0,0.0,1,1,13.8,0.0,13.8,13.8
14830014,1.0,0.0,1,1,9.3,0.0,9.3,9.3
14830016,1.0,0.0,1,1,9.3,0.0,9.3,9.3
14830021,1.0,0.0,1,1,6.8,0.0,6.8,6.8
14830029,2.0,0.0,2,2,19.8,0.0,19.8,19.8
14830031,1.0,0.0,1,1,9.9,0.0,9.9,9.9
14830045,1.0,0.0,1,1,12.8,0.0,12.8,12.8
14831002,1.0,0.0,1,1,8.0,0.0,8.0,8.0
14831003,1.0,0.0,1,1,16.8,0.0,16.8,16.8
14831007,1.5,0.87,3,1,10.5,6.06,21.0,7.0
14831008,1.0,0.0,1,1,13.5,0.0,13.5,13.5
14831012,1.0,0.0,1,1,7.5,0.0,7.5,7.5
14831015,1.0,0.0,1,1,9.3,0.0,9.3,9.3
14831016,1.0,0.0,1,1,11.2,0.0,11.2,11.2
14831017,1.0,0.0,1,1,7.5,0.0,7.5,7.5
14831022,1.0,0.0,1,1,5.9,0.0,5.9,5.9
14831027,1.0,0.0,1,1,6.5,0.0,6.5,6.5
14831031,1.0,0.0,1,1,10.5,0.0,10.5,10.5
14831033,1.0,0.0,1,1,2.2,0.0,2.2,2.2
14831034,1.0,0.0,1,1,4.3,0.0,4.3,4.3
14833003,1.0,0.0,1,1,10.5,0.0,10.5,10.5
14833005,1.0,0.0,1,1,13.4,0.0,13.4,13.4
14833008,1.0,0.0,1,1,7.5,0.0,7.5,7.5
14833011,1.0,0.0,1,1,3.7,0.0,3.7,3.7
14834017,6.0,0.0,6,6,17.4,0.0,17.4,17.4
14836000,1.0,0.0,1,1,5.5,0.0,5.5,5.5
14836013,1.0,0.0,1,1,6.6,0.0,6.6,6.6
14836014,1.0,0.0,1,1,10.5,0.0,10.5,10.5
14836017,1.0,0.0,1,1,24.5,0.0,24.5,24.5
14836018,1.0,0.0,1,1,25.8,0.0,25.8,25.8
14836022,1.0,0.0,1,1,7.5,0.0,7.5,7.5
14837003,1.0,0.0,1,1,9.8,0.0,9.8,9.8
14837005,1.0,0.0,1,1,9.8,0.0,9.8,9.8
14837006,1.0,0.0,1,1,10.8,0.0,10.8,10.8
14837013,1.0,0.0,1,1,8.6,0.0,8.6,8.6
14838002,1.0,0.0,1,1,6.6,0.0,6.6,6.6
14839012,1.0,0.0,1,1,11.8,0.0,11.8,11.8
14839013,1.0,0.0,1,1,10.5,0.0,10.5,10.5
14839029,1.0,0.0,1,1,13.8,0.0,13.8,13.8
14839048,1.0,0.0,1,1,12.9,0.0,12.9,12.9
14839049,1.0,0.0,1,1,8.2,0.0,8.2,8.2
14839051,1.0,0.0,1,1,10.8,0.0,10.8,10.8
14840002,1.0,0.0,1,1,4.0,0.0,4.0,4.0
14841008,1.67,0.94,3,1,9.03,4.01,14.7,6.2
14841011,1.0,0.0,1,1,13.9,0.0,13.9,13.9
14841016,1.0,0.0,1,1,16.2,0.0,16.2,16.2
14841018,1.0,0.0,1,1,10.25,0.65,10.9,10.9
14842003,1.0,0.0,1,1,11.8,0.0,11.8,11.8
14842012,1.0,0.0,1,1,9.9,0.0,9.9,9.9
14842017,1.0,0.0,1,1,3.7,0.0,3.7,3.7
14842019,1.0,0.0,1,1,3.4,0.0,3.4,3.4
14842020,1.0,0.0,1,1,12.4,0.0,12.4,12.4
14842024,1.0,0.0,1,1,16.9,0.0,16.9,16.9
14842025,1.0,0.0,1,1,1.8,0.0,1.8,1.8
14843015,1.0,0.0,1,1,3.5,0.0,3.5,3.5
14843019,1.0,0.0,1,1,3.5,0.0,3.5,3.5
14844004,1.0,0.0,1,1,6.5,0.0,6.5,6.5
14844010,1.0,0.0,1,1,6.9,0.0,6.9,6.9
14844027,1.0,0.0,1,1,12.9,0.0,12.9,12.9
14844029,1.0,0.0,1,1,7.9,0.0,7.9,7.9
14844030,1.0,0.0,1,1,6.0,0.0,6.0,6.0
14844035,1.0,0.0,1,1,4.3,0.0,4.3,4.3
14844037,1.0,0.0,1,1,4.3,0.0,4.3,4.3
14844043,1.0,0.0,1,1,14.8,0.0,14.8,14.8
14845018,1.0,0.0,1,1,9.6,0.0,9.6,9.6
14845025,1.0,0.0,1,1,3.9,0.0,3.9,3.9
14846000,1.0,0.0,1,1,9.9,0.0,9.9,9.9
14846012,1.0,0.0,1,1,3.9,0.0,3.9,3.9
14846014,1.0,0.0,1,1,6.5,0.0,6.5,6.5
14846017,1.0,0.0,1,1,3.5,0.0,3.5,3.5
14846026,1.0,0.0,1,1,4.9,0.0,4.9,4.9
14847017,1.0,0.0,1,1,6.5,0.0,6.5,6.5
14847018,1.0,0.0,1,1,1.8,0.0,1.8,1.8
14850005,1.0,0.0,1,1,9.9,0.0,9.9,9.9
14850017,1.0,0.0,1,1,9.9,0.0,9.9,9.9
14851007,1.0,0.0,1,1,3.8,0.0,3.8,3.8
14851009,1.0,0.0,1,1,22.8,0.0,22.8,22.8
14851012,1.0,0.0,1,1,22.8,0.0,22.8,22.8
14860014,1.5,0.5,2,2,2.7,0.9,3.6,3.6
14860017,1.89,1.2,5,2,5.29,3.35,14.0,5.6
14860020,1.5,0.5,2,2,4.2,1.4,5.6,5.6
14860021,3.0,2.0,5,5,6.0,4.0,10.0,10.0
14860022,1.0,0.0,1,1,2.0,0.0,2.0,2.0
14860025,1.71,0.45,2,2,5.14,1.36,6.0,6.0
14861002,1.2,0.4,2,1,12.0,4.0,20.0,10.0
14861003,1.0,0.0,1,1,10.5,0.0,10.5,10.5
14861012,1.0,0.0,1,1,10.5,0.0,10.5,10.5
14862005,1.0,0.0,1,1,9.6,0.0,9.6,9.6
14862007,1.0,0.0,1,1,8.9,0.0,8.9,8.9
14863007,1.0,0.0,1,1,9.9,0.0,9.9,9.9
14863008,1.0,0.0,1,1,6.0,0.0,6.0,6.0
14863011,1.0,0.0,1,1,9.8,0.0,9.8,9.8
14863013,1.0,0.0,1,1,9.6,0.0,9.6,9.6
14870001,1.0,0.0,1,1,4.3,0.0,4.3,4.3
14870003,1.0,0.0,1,1,5.7,0.0,5.7,5.7
14870004,1.0,0.0,1,1,5.5,0.0,5.5,5.5
14870005,1.0,0.0,1,1,8.8,0.0,8.8,8.8
14870009,1.0,0.0,1,1,6.9,0.0,6.9,6.9
14871000,1.0,0.0,1,1,2.5,0.0,2.5,2.5
14872001,1.0,0.0,1,1,2.5,0.0,2.5,2.5
14873000,1.0,0.0,1,1,5.9,0.0,5.9,5.9
14873001,1.0,0.0,1,1,9.0,0.0,9.0,9.0
14873002,1.0,0.0,1,1,1.2,0.0,1.2,1.2
14873004,1.0,0.0,1,1,1.5,0.0,1.5,1.5
14874000,1.0,0.0,1,1,7.2,0.0,7.2,7.2
14900005,5.5,3.5,9,9,13.5,9.9,23.4,23.4
14900006,2.0,0.0,2,2,3.6,0.0,3.6,3.6
14900007,3.0,1.63,5,3,5.4,2.94,9.0,5.4
14900008,4.0,0.0,4,4,7.2,0.0,7.2,7.2
14900009,2.5,1.5,4,4,13.75,3.75,17.5,17.5
14900010,1.0,0.0,1,1,2.5,0.0,2.5,2.5
14900011,4.0,0.0,4,4,14.6,0.0,14.6,14.6
14900014,2.0,0.0,2,2,4.39,0.61,5.0,5.0
14900015,1.5,0.5,2,2,1.95,0.65,2.6,2.6
14900017,2.0,0.0,2,2,5.0,0.0,5.0,5.0
14900021,1.5,0.5,2,2,3.6,1.2,4.8,4.8
14900022,1.0,0.0,1,1,2.2,0.0,2.2,2.2
14900024,1.0,0.0,1,1,3.0,0.0,3.0,3.0
14901002,2.0,0.0,2,2,4.0,0.0,4.0,4.0
14903001,2.0,0.0,2,2,4.0,0.0,4.0,4.0
14903002,2.0,0.0,2,2,3.6,0.0,3.6,3.6
14905001,2.0,0.0,2,2,6.0,0.0,6.0,6.0
14905007,1.0,0.0,1,1,4.0,2.0,6.0,6.0
14905009,1.0,0.0,1,1,1.8,0.0,1.8,1.8
14906002,1.0,0.0,1,1,3.9,0.0,3.9,3.9
14911001,1.0,0.0,1,1,7.99,0.0,7.99,7.99
14912001,1.0,0.0,1,1,10.8,0.0,10.8,10.8
14912004,1.0,0.0,1,1,6.9,0.0,6.9,6.9
14914007,3.0,0.0,3,3,25.5,0.0,25.5,25.5
14916002,1.0,0.0,1,1,6.2,0.0,6.2,6.2
14916005,1.0,0.0,1,1,6.8,0.0,6.8,6.8
14916006,1.0,0.0,1,1,7.0,0.0,7.0,7.0
14916007,1.0,0.0,1,1,7.0,0.0,7.0,7.0
14917001,1.0,0.0,1,1,11.0,0.0,11.0,11.0
14917003,1.0,0.0,1,1,10.9,0.0,10.9,10.9
14917009,1.0,0.0,1,1,11.3,0.0,11.3,11.3
14917010,1.0,0.0,1,1,2.7,0.0,2.7,2.7
14917011,1.0,0.0,1,1,6.5,0.0,6.5,6.5
14920004,1.0,0.0,1,1,35.5,0.0,35.5,35.5
14922002,1.0,0.0,1,1,38.8,0.0,38.8,38.8
14924002,1.0,0.0,1,1,32.0,0.0,32.0,32.0
14924003,1.0,0.0,1,1,34.6,0.0,34.6,34.6
14926002,1.0,0.0,1,1,19.8,0.0,19.8,19.8
14932016,1.0,0.0,1,1,9.9,0.0,9.9,9.9
14940007,1.0,0.0,1,1,34.9,0.0,34.9,34.9
14943025,1.0,0.0,1,1,98.0,0.0,98.0,98.0
14943028,1.0,0.0,1,1,79.9,0.0,79.9,79.9
14956002,1.0,0.0,1,1,8.5,0.0,8.5,8.5
14956006,1.0,0.0,1,1,18.8,0.0,18.8,18.8
14956008,1.0,0.0,1,1,13.8,0.0,13.8,13.8
15000006,1.2,0.4,2,1,15.12,5.58,26.2,13.1
15000007,1.0,0.0,1,1,18.8,0.0,18.8,18.8
15000008,1.0,0.0,1,1,21.9,0.0,21.9,21.9
15000021,1.0,0.0,1,1,11.1,1.47,12.9,9.9
15000024,1.0,0.0,1,1,14.99,0.0,14.99,14.99
15000031,1.0,0.0,1,1,13.0,0.0,13.0,13.0
15000037,1.0,0.0,1,1,15.5,0.0,15.5,15.5
15000038,1.0,0.0,1,1,19.5,0.0,19.5,19.5
15000043,1.0,0.0,1,1,18.9,0.0,18.9,18.9
15000048,1.0,0.0,1,1,10.4,0.5,10.9,10.9
15000053,1.0,0.0,1,1,13.9,0.0,13.9,13.9
15001003,1.0,0.0,1,1,8.9,0.0,8.9,8.9
15001009,1.0,0.0,1,1,10.9,0.0,10.9,10.9
15002000,1.0,0.0,1,1,15.9,0.0,15.9,15.9
15004003,1.0,0.0,1,1,8.9,0.0,8.9,8.9
15004005,1.0,0.0,1,1,2.2,0.0,2.2,2.2
15004006,1.0,0.0,1,1,2.2,0.0,2.2,2.2
15004009,1.0,0.0,1,1,9.8,0.0,9.8,9.8
15004012,2.0,0.0,2,2,3.98,0.0,3.98,3.98
15004013,1.0,0.0,1,1,4.8,0.0,4.8,4.8
15004014,1.0,0.0,1,1,4.8,0.0,4.8,4.8
15004017,1.0,0.0,1,1,1.99,0.0,1.99,1.99
15004019,1.0,0.0,1,1,5.8,0.0,5.8,5.8
15004021,1.0,0.0,1,1,8.8,0.0,8.8,8.8
15004024,1.4,0.8,3,1,9.46,0.98,9.95,9.95
15004028,1.0,0.0,1,1,6.9,0.0,6.9,6.9
15004029,1.0,0.0,1,1,9.9,0.0,9.9,9.9
15004032,1.0,0.0,1,1,2.5,0.0,2.5,2.5
15004033,1.0,0.0,1,1,2.5,0.0,2.5,2.5
15004036,1.0,0.0,1,1,10.0,0.0,10.0,10.0
15004040,1.5,0.5,2,2,7.35,2.45,9.8,9.8
15004041,1.5,0.5,2,2,7.35,2.45,9.8,9.8
15004051,1.5,0.5,2,2,1.5,0.5,2.0,2.0
15004053,1.0,0.0,1,1,7.5,0.0,7.5,7.5
15004055,1.0,0.0,1,1,6.9,0.0,6.9,6.9
15004056,1.0,0.0,1,1,5.5,0.0,5.5,5.5
15004058,1.5,0.5,2,2,3.0,1.0,4.0,4.0
15004062,1.0,0.0,1,1,5.9,0.0,5.9,5.9
15004064,1.0,0.0,1,1,5.9,0.0,5.9,5.9
15004066,1.0,0.0,1,1,7.2,0.3,7.5,7.5
15004071,1.5,0.5,2,2,1.6,0.4,2.0,2.0
15004073,1.0,0.0,1,1,9.9,0.0,9.9,9.9
15004079,1.0,0.0,1,1,3.0,0.0,3.0,3.0
15004080,1.0,0.0,1,1,11.99,0.0,11.99,11.99
15004085,1.0,0.0,1,1,12.5,0.0,12.5,12.5
15005002,1.0,0.0,1,1,29.9,0.0,29.9,29.9
15012007,1.0,0.0,1,1,5.8,0.0,5.8,5.8
15021025,1.0,0.0,1,1,3.9,0.0,3.9,3.9
15021027,1.0,0.0,1,1,13.8,0.0,13.8,13.8
15021031,1.0,0.0,1,1,13.8,0.0,13.8,13.8
15022017,1.0,0.0,1,1,6.0,0.0,6.0,6.0
15029015,1.0,0.0,1,1,5.5,0.0,5.5,5.5
15029016,1.0,0.0,1,1,5.5,0.0,5.5,5.5
15029048,1.0,0.0,1,1,5.5,0.0,5.5,5.5
15029050,1.0,0.0,1,1,9.5,0.0,9.5,9.5
15100002,1.0,0.0,1,1,49.8,0.0,49.8,49.8
15101003,2.0,1.0,3,3,48.0,24.0,72.0,72.0
15101005,1.0,0.0,1,1,30.8,0.0,30.8,30.8
15103000,1.0,0.0,1,1,18.0,0.0,18.0,18.0
15104009,1.0,0.0,1,1,19.8,0.0,19.8,19.8
15104011,1.0,0.0,1,1,20.8,0.0,20.8,20.8
15104012,1.0,0.0,1,1,14.5,0.0,14.5,14.5
15104013,1.0,0.0,1,1,17.6,0.0,17.6,17.6
15104019,1.0,0.0,1,1,17.5,0.0,17.5,17.5
15104021,1.0,0.0,1,1,17.5,0.0,17.5,17.5
15104025,1.5,0.5,2,2,32.85,10.95,43.8,43.8
15105000,1.5,0.5,2,2,8.7,2.9,11.6,11.6
15105002,1.0,0.0,1,1,5.8,0.0,5.8,5.8
15110000,1.0,0.0,1,1,12.5,0.0,12.5,12.5
15110001,1.82,0.98,4,2,28.32,17.33,69.6,17.4
15110003,1.0,0.0,1,1,3.3,0.0,3.3,3.3
15110004,9.0,11.31,25,1,80.67,106.3,231.0,5.5
15110008,1.0,0.0,1,1,9.9,0.0,9.9,9.9
15110009,1.0,0.0,1,1,6.5,0.0,6.5,6.5
15110010,2.5,0.5,3,3,8.75,1.75,10.5,10.5
15110012,1.0,0.0,1,1,4.7,0.2,4.9,4.9
15110014,1.0,0.0,1,1,9.3,0.49,9.9,8.9
15110015,1.0,0.0,1,1,9.42,4.68,15.0,9.6
15110016,1.0,0.0,1,1,4.8,0.0,4.8,4.8
15110017,1.0,0.0,1,1,18.8,0.0,18.8,18.8
15110018,2.33,1.89,5,1,19.6,15.84,42.0,8.4
15110019,1.0,0.0,1,1,9.9,0.0,9.9,9.9
15110020,1.0,0.0,1,1,21.6,0.0,21.6,21.6
15110021,1.5,0.5,2,2,7.5,2.5,10.0,10.0
15110022,1.0,0.0,1,1,18.5,0.0,18.5,18.5
15110023,1.0,0.0,1,1,15.3,0.0,15.3,15.3
15110026,1.0,0.0,1,1,13.5,4.5,18.0,18.0
15110027,1.0,0.0,1,1,7.5,0.0,7.5,7.5
15110028,1.4,0.49,2,1,11.31,3.17,13.98,13.7
15110029,1.0,0.0,1,1,3.5,0.0,3.5,3.5
15110030,1.4,0.49,2,1,13.68,5.01,19.8,9.9
15110031,2.0,1.15,4,2,36.45,18.83,64.3,39.6
15110032,1.33,0.47,2,1,7.53,3.04,11.8,5.9
15110033,1.0,0.0,1,1,12.0,0.0,12.0,12.0
15110035,1.5,0.5,2,2,11.55,8.25,19.8,19.8
15110036,1.0,0.0,1,1,3.9,0.0,3.9,3.9
15110037,2.0,0.0,2,2,12.5,0.0,12.5,12.5
15110038,1.0,0.0,1,1,12.9,0.0,12.9,12.9
15110041,2.5,0.5,3,3,14.75,2.95,17.7,17.7
15110042,1.0,0.0,1,1,9.9,0.0,9.9,9.9
15110043,1.33,0.94,4,1,10.42,6.77,29.4,8.4
15110044,1.2,0.4,2,1,13.56,7.93,27.0,10.8
15110046,1.2,0.4,2,1,13.52,5.43,23.9,9.9
15110048,1.0,0.0,1,1,11.9,0.0,11.9,11.9
15110051,1.0,0.0,1,1,14.9,0.0,14.9,14.9
15110052,1.0,0.0,1,1,15.2,0.0,15.2,15.2
15110060,1.0,0.0,1,1,18.9,0.0,18.9,18.9
15110062,2.0,0.0,2,2,31.8,0.0,31.8,31.8
15110066,1.0,0.0,1,1,25.8,0.0,25.8,25.8
15110068,2.0,0.0,2,2,9.6,0.0,9.6,9.6
15110069,1.0,0.0,1,1,11.1,0.4,11.9,10.9
15110071,1.47,0.82,4,1,11.3,10.29,40.0,7.96
15110073,1.0,0.0,1,1,16.8,0.0,16.8,16.8
15110076,1.0,0.0,1,1,6.9,0.0,6.9,6.9
15110079,1.0,0.0,1,1,12.8,0.0,12.8,12.8
15110080,1.89,1.29,5,1,39.47,36.25,118.4,14.8
15110082,1.0,0.0,1,1,10.83,3.06,13.0,13.0
15110083,1.0,0.0,1,1,11.8,0.0,11.8,11.8
15110084,1.0,0.0,1,1,7.5,0.0,7.5,7.5
15111001,1.0,0.0,1,1,9.15,0.43,9.9,8.9
15111002,1.25,0.43,2,1,9.88,3.42,15.8,7.9
15111003,1.0,0.0,1,1,14.9,0.0,14.9,14.9
15111004,1.5,0.5,2,2,13.35,4.45,17.8,17.8
15111010,1.0,0.0,1,1,4.5,0.0,4.5,4.5
15111011,1.0,0.0,1,1,15.9,0.0,15.9,15.9
15111012,1.0,0.0,1,1,17.8,0.0,17.8,17.8
15112000,1.33,0.47,2,1,17.8,0.0,17.8,17.8
15113000,1.0,0.0,1,1,15.75,2.78,16.8,16.8
15113001,1.0,0.0,1,1,10.9,0.0,10.9,10.9
15113004,1.33,0.47,2,1,21.6,7.64,32.4,16.2
15114000,1.14,0.35,2,1,7.43,3.98,14.4,6.4
15114001,2.0,0.0,2,2,7.0,0.0,7.0,7.0
15114003,1.0,0.0,1,1,7.5,0.0,7.5,7.5
15114004,2.0,0.0,2,2,10.2,0.0,10.2,10.2
15114005,1.0,0.0,1,1,5.1,0.0,5.1,5.1
15114006,1.0,0.0,1,1,4.4,2.2,6.6,6.6
15114010,1.11,0.31,2,1,23.09,11.45,49.5,19.8
15114013,1.27,0.45,2,1,6.55,2.58,9.0,7.5
15114014,1.0,0.0,1,1,9.5,0.0,9.5,9.5
15114015,1.53,0.78,3,1,22.89,28.23,131.6,11.2
15114031,1.0,0.0,1,1,9.5,2.69,11.4,11.4
15114032,1.0,0.0,1,1,6.9,0.0,6.9,6.9
15114033,2.33,1.25,4,2,6.98,3.73,11.96,5.98
15114036,1.0,0.0,1,1,9.75,3.25,13.0,13.0
15115000,1.0,0.0,1,1,3.9,0.0,3.9,3.9
15115001,1.5,0.76,3,1,5.85,2.98,11.7,3.9
15115002,1.5,0.5,2,2,23.62,8.64,36.0,27.0
15115003,2.08,1.77,7,1,15.4,8.78,34.3,18.0
15115007,2.0,0.0,2,2,17.8,0.0,17.8,17.8
15115008,1.0,0.0,1,1,8.9,0.0,8.9,8.9
15115009,1.33,0.47,2,1,37.07,13.11,55.6,27.8
15115010,1.0,0.0,1,1,13.9,0.0,13.9,13.9
15115014,1.0,0.0,1,1,18.0,0.0,18.0,18.0
15115015,1.0,0.0,1,1,8.9,0.0,8.9,8.9
15115026,2.0,0.0,2,2,27.6,0.0,27.6,27.6
15115027,1.0,0.0,1,1,19.8,0.0,19.8,19.8
15115028,2.0,0.0,2,2,17.0,0.0,17.0,17.0
15115030,2.5,1.5,4,4,23.0,13.8,36.8,36.8
15115031,1.5,0.5,2,2,13.8,4.6,18.4,18.4
15115035,1.5,0.5,2,2,41.4,13.8,55.2,55.2
15115036,1.0,0.0,1,1,17.0,0.0,17.0,17.0
15115037,1.0,0.0,1,1,27.6,0.0,27.6,27.6
15115043,1.33,0.47,2,1,17.8,0.0,17.8,17.8
15115046,1.0,0.0,1,1,5.8,0.0,5.8,5.8
15116001,1.0,0.0,1,1,6.3,2.1,8.4,8.4
15116002,3.25,1.64,6,3,11.18,8.58,25.0,11.7
15116003,2.2,0.98,4,2,11.68,5.26,20.0,10.0
15119000,2.0,0.0,2,2,4.6,0.0,4.6,4.6
15119001,1.65,0.79,4,2,11.77,5.91,25.2,8.4
15119005,1.0,0.0,1,1,26.5,0.0,26.5,26.5
15119009,1.33,0.47,2,1,23.73,8.39,35.6,17.8
15120000,1.12,0.33,2,1,11.56,4.5,15.0,15.0
15120003,1.0,0.0,1,1,14.9,0.0,14.9,14.9
15120004,1.0,0.0,1,1,5.0,0.0,5.0,5.0
15120005,1.0,0.0,1,1,11.0,0.0,11.0,11.0
15120006,1.0,0.0,1,1,22.0,0.0,22.0,22.0
15120007,1.0,0.0,1,1,4.0,0.0,4.0,4.0
15120008,2.0,0.0,2,2,7.2,0.0,7.2,7.2
15120015,1.0,0.0,1,1,9.9,0.0,9.9,9.9
15121000,1.0,0.0,1,1,5.5,0.0,5.5,5.5
15121001,1.0,0.0,1,1,12.0,0.0,12.0,12.0
15121002,2.0,0.0,2,2,46.0,0.0,46.0,46.0
15130002,1.5,0.5,2,2,3.45,1.15,4.6,4.6
15130006,1.4,0.61,3,1,9.26,4.02,19.8,6.6
15130007,1.0,0.0,1,1,3.9,0.0,3.9,3.9
15130009,1.21,0.41,2,1,9.34,2.99,15.98,7.99
15130010,1.6,0.8,3,1,19.8,15.34,49.5,9.9
15130012,1.0,0.0,1,1,9.9,0.0,9.9,9.9
15130013,1.0,0.0,1,1,9.52,0.76,9.9,9.9
15130015,1.0,0.0,1,1,6.9,0.0,6.9,6.9
15130016,1.0,0.0,1,1,9.9,0.0,9.9,9.9
15130024,1.67,0.47,2,2,9.33,2.64,11.2,11.2
15130027,1.42,0.63,3,1,15.65,6.94,33.0,11.0
15130029,1.0,0.0,1,1,9.9,0.0,9.9,9.9
15130031,1.5,0.5,2,2,17.15,7.35,24.5,24.5
15130033,1.0,0.0,1,1,5.5,0.0,5.5,5.5
15130034,1.33,0.47,2,1,7.33,2.59,11.0,5.5
15130035,1.11,0.31,2,1,13.33,3.77,24.0,12.0
15130036,1.0,0.0,1,1,9.9,0.0,9.9,9.9
15131001,1.0,0.0,1,1,8.9,0.0,8.9,8.9
15131002,1.0,0.0,1,1,5.5,0.0,5.5,5.5
15139002,1.0,0.0,1,1,9.6,0.0,9.6,9.6
15139008,1.0,0.0,1,1,8.5,0.0,8.5,8.5
15139013,1.0,0.0,1,1,9.9,0.0,9.9,9.9
15139014,1.0,0.0,1,1,8.5,0.0,8.5,8.5
15139015,1.0,0.0,1,1,8.5,0.0,8.5,8.5
15140001,1.0,0.0,1,1,19.8,0.0,19.8,19.8
15140002,1.0,0.0,1,1,19.8,0.0,19.8,19.8
15140004,1.0,0.0,1,1,19.8,0.0,19.8,19.8
15140006,1.0,0.0,1,1,19.8,0.0,19.8,19.8
15140008,5.0,0.0,5,5,111.0,0.0,111.0,111.0
15140012,1.0,0.0,1,1,22.8,0.0,22.8,22.8
15140015,2.0,0.0,2,2,39.6,0.0,39.6,39.6
15140018,1.0,0.0,1,1,19.8,0.0,19.8,19.8
15149000,2.0,0.0,2,2,9.0,0.0,9.0,9.0
15149001,2.0,0.0,2,2,19.8,0.0,19.8,19.8
15149002,1.5,0.5,2,2,28.2,9.4,37.6,37.6
15149003,3.0,0.0,3,3,56.4,0.0,56.4,56.4
15149004,1.0,0.0,1,1,18.8,0.0,18.8,18.8
15149005,1.0,0.0,1,1,18.8,0.0,18.8,18.8
15149006,1.0,0.0,1,1,18.8,0.0,18.8,18.8
15200001,1.5,0.5,2,2,9.2,4.6,13.8,13.8
15200004,1.25,0.43,2,1,36.25,26.22,92.8,46.4
15200007,1.35,0.57,3,1,20.93,12.64,36.8,18.4
15200008,1.33,0.67,3,1,29.97,26.23,92.8,11.6
15200009,1.0,0.0,1,1,3.2,0.0,3.2,3.2
15200012,1.5,0.5,2,2,27.3,12.93,46.8,31.2
15201001,5.0,0.0,5,5,16.5,0.0,16.5,16.5
15201002,1.0,0.0,1,1,12.0,0.0,12.0,12.0
15201003,1.0,0.0,1,1,3.3,0.0,3.3,3.3
15202001,1.0,0.0,1,1,30.0,0.0,30.0,30.0
15202002,1.5,0.5,2,2,6.8,3.4,10.2,10.2
15202003,1.0,0.0,1,1,54.0,0.0,54.0,54.0
15202007,2.0,0.0,2,2,144.0,0.0,144.0,144.0
15202008,2.0,0.0,2,2,6.0,0.0,6.0,6.0
15202012,1.0,0.0,1,1,4.9,0.0,4.9,4.9
15202013,2.0,1.0,3,3,48.75,29.25,78.0,78.0
15202017,4.0,0.0,4,4,81.2,0.0,81.2,81.2
15202018,1.5,0.5,2,2,17.4,5.8,23.2,23.2
15202020,1.0,0.0,1,1,4.0,0.0,4.0,4.0
15202031,1.0,0.0,1,1,6.0,0.0,6.0,6.0
15202037,1.33,0.47,2,1,12.0,4.24,18.0,9.0
15202038,2.0,0.0,2,2,6.0,0.0,6.0,6.0
15202044,1.36,0.48,2,1,67.09,24.38,108.0,54.0
15202047,1.0,0.0,1,1,10.0,0.0,10.0,10.0
15202061,1.0,0.0,1,1,25.8,0.0,25.8,25.8
15202065,1.0,0.0,1,1,19.8,0.0,19.8,19.8
15202072,1.5,0.5,2,2,8.25,2.75,11.0,11.0
15202078,1.0,0.0,1,1,39.0,0.0,39.0,39.0
15202079,1.5,0.5,2,2,23.4,7.8,31.2,31.2
15202082,1.0,0.0,1,1,54.0,18.0,72.0,72.0
15209006,1.0,0.0,1,1,16.8,0.0,16.8,16.8
15209031,1.0,0.0,1,1,13.8,0.0,13.8,13.8
15209032,1.0,0.0,1,1,13.8,0.0,13.8,13.8
15212003,2.0,0.0,2,2,7.0,0.0,7.0,7.0
15219007,2.0,0.0,2,2,5.2,0.0,5.2,5.2
15230001,1.67,0.75,3,2,10.0,4.47,18.0,12.0
15230002,1.0,0.0,1,1,8.5,0.0,8.5,8.5
15230004,1.38,0.7,3,1,9.62,4.87,21.0,7.0
15231004,1.6,0.8,3,1,8.8,4.4,16.5,5.5
15231005,2.5,3.2,12,2,10.0,12.81,48.0,8.0
15231006,2.5,1.5,4,4,10.0,6.0,16.0,16.0
15231007,1.17,0.37,2,1,8.17,2.61,14.0,7.0
15231008,1.0,0.0,1,1,5.5,0.0,5.5,5.5
15232001,1.64,1.23,5,1,7.36,5.52,22.5,4.5
15232003,1.75,0.83,3,2,8.75,4.15,15.0,10.0
15235001,3.4,3.01,9,2,10.0,10.37,30.0,5.0
15240001,1.0,0.0,1,1,1.0,0.0,1.0,1.0
15240008,1.0,0.0,1,1,8.5,0.0,8.5,8.5
15240010,2.0,0.0,2,2,25.2,0.0,25.2,25.2
15240014,1.0,0.0,1,1,10.0,0.0,10.0,10.0
15240016,2.0,0.0,2,2,19.8,0.0,19.8,19.8
15241004,1.0,0.0,1,1,12.0,0.0,12.0,12.0
15242000,1.0,0.0,1,1,10.9,0.0,10.9,10.9
15242002,2.0,0.0,2,2,21.8,0.0,21.8,21.8
15242005,1.0,0.0,1,1,12.9,0.0,12.9,12.9
15242009,1.0,0.0,1,1,15.9,0.0,15.9,15.9
15242010,1.0,0.0,1,1,2.5,0.0,2.5,2.5
15242027,1.0,0.0,1,1,2.4,0.0,2.4,2.4
15242028,1.0,0.0,1,1,6.0,0.0,6.0,6.0
15242031,1.0,0.0,1,1,9.5,0.0,9.5,9.5
15242042,1.0,0.0,1,1,14.5,0.0,14.5,14.5
15242044,1.0,0.0,1,1,18.5,0.0,18.5,18.5
15242050,1.0,0.0,1,1,12.0,0.0,12.0,12.0
15243001,1.0,0.0,1,1,2.0,0.0,2.0,2.0
15249001,1.0,0.0,1,1,2.0,0.0,2.0,2.0
15250004,1.0,0.0,1,1,16.5,0.0,16.5,16.5
15250006,1.0,0.0,1,1,32.9,0.0,32.9,32.9
15250007,1.0,0.0,1,1,22.5,0.0,22.5,22.5
15261001,2.0,0.0,2,2,4.8,0.0,4.8,4.8
15262000,1.5,0.5,2,2,4.35,1.45,5.8,5.8
15262002,1.5,0.5,2,2,6.45,2.15,8.6,8.6
15263000,1.0,0.0,1,1,2.8,0.0,2.8,2.8
15263001,2.33,1.25,4,2,3.5,1.87,6.0,3.0
15263002,1.0,0.0,1,1,17.0,0.0,17.0,17.0
15263006,1.5,0.5,2,2,5.95,2.55,8.5,8.5
15263011,1.5,0.5,2,2,6.65,2.85,9.5,9.5
15319001,1.0,0.0,1,1,13.8,0.0,13.8,13.8
15320002,1.0,0.0,1,1,10.9,0.0,10.9,10.9
15321002,1.0,0.0,1,1,11.8,0.0,11.8,11.8
15323003,2.0,0.0,2,2,31.6,0.0,31.6,31.6
15330000,2.0,0.0,2,2,25.6,0.0,25.6,25.6
15339001,1.25,0.43,2,1,13.5,4.68,21.6,10.8
15340045,1.0,0.0,1,1,29.9,0.0,29.9,29.9
15343006,1.0,0.0,1,1,7.9,0.0,7.9,7.9
15343007,1.5,0.5,2,2,17.55,5.85,23.4,23.4
15343010,1.0,0.0,1,1,9.6,0.0,9.6,9.6
15343021,1.0,0.0,1,1,7.9,0.0,7.9,7.9
15401002,1.0,0.0,1,1,22.8,0.0,22.8,22.8
15401006,1.0,0.0,1,1,31.3,1.5,32.8,32.8
15402007,1.0,0.0,1,1,12.6,0.4,12.8,12.8
15402013,1.0,0.0,1,1,17.9,0.0,17.9,17.9
15402027,1.0,0.0,1,1,32.8,0.0,32.8,32.8
15402029,1.0,0.0,1,1,32.8,0.0,32.8,32.8
15402030,1.0,0.0,1,1,29.8,0.0,29.8,29.8
15402034,1.0,0.0,1,1,13.8,0.0,13.8,13.8
15404002,1.0,0.0,1,1,39.9,0.0,39.9,39.9
15404008,1.0,0.0,1,1,28.0,0.0,28.0,28.0
15409011,1.0,0.0,1,1,18.0,0.0,18.0,18.0
15419001,1.0,0.0,1,1,4.9,0.0,4.9,4.9
15419026,1.0,0.0,1,1,25.9,0.0,25.9,25.9
15420000,1.0,0.0,1,1,25.8,0.0,25.8,25.8
15420002,1.0,0.0,1,1,16.8,0.0,16.8,16.8
15422007,1.0,0.0,1,1,34.8,0.0,34.8,34.8
15422008,1.0,0.0,1,1,32.35,2.45,34.8,34.8
15430000,1.0,0.0,1,1,11.8,0.0,11.8,11.8
15433003,1.0,0.0,1,1,9.8,0.0,9.8,9.8
15433007,1.0,0.0,1,1,13.5,0.0,13.5,13.5
15433008,1.0,0.0,1,1,13.5,0.0,13.5,13.5
15440001,1.0,0.0,1,1,11.9,0.0,11.9,11.9
15440002,2.2,1.47,5,2,30.36,20.28,69.0,27.6
15440003,1.0,0.0,1,1,13.8,0.0,13.8,13.8
15440007,2.0,0.0,2,2,43.6,0.0,43.6,43.6
15440017,1.0,0.0,1,1,19.8,0.0,19.8,19.8
15440024,1.0,0.0,1,1,19.9,0.0,19.9,19.9
15442004,1.0,0.0,1,1,15.8,0.0,15.8,15.8
15442006,1.0,0.0,1,1,15.0,0.0,15.0,15.0
15449011,1.0,0.0,1,1,34.9,0.0,34.9,34.9
15450009,1.0,0.0,1,1,36.8,0.0,36.8,36.8
15459000,1.0,0.0,1,1,23.4,0.0,23.4,23.4
15459019,1.0,0.0,1,1,32.9,0.0,32.9,32.9
15459020,1.0,0.0,1,1,37.8,0.0,37.8,37.8
15459021,1.0,0.0,1,1,34.8,0.0,34.8,34.8
15469003,1.0,0.0,1,1,19.8,0.0,19.8,19.8
15469014,1.0,0.0,1,1,10.8,0.0,10.8,10.8
15469017,1.0,0.0,1,1,9.9,0.0,9.9,9.9
15469025,1.0,0.0,1,1,9.9,0.0,9.9,9.9
15469037,1.0,0.0,1,1,15.8,0.0,15.8,15.8
15500028,1.0,0.0,1,1,8.0,0.0,8.0,8.0
15501000,1.0,0.0,1,1,27.6,0.0,27.6,27.6
15502002,1.0,0.0,1,1,19.9,0.0,19.9,19.9
15502008,1.0,0.0,1,1,8.8,0.0,8.8,8.8
15502010,1.0,0.0,1,1,8.3,0.5,8.8,8.8
15502030,1.0,0.0,1,1,3.2,0.0,3.2,3.2
15502031,1.25,0.43,2,1,9.0,7.79,22.5,4.5
15502035,1.0,0.0,1,1,8.0,0.0,8.0,8.0
15502036,1.5,0.5,2,2,21.0,7.0,28.0,28.0
15502037,1.0,0.0,1,1,8.0,0.0,8.0,8.0
15502043,1.0,0.0,1,1,9.8,0.0,9.8,9.8
15502049,1.0,0.0,1,1,5.0,0.0,5.0,5.0
15502060,1.0,0.0,1,1,9.0,0.0,9.0,9.0
15502062,1.0,0.0,1,1,7.8,0.0,7.8,7.8
15502063,1.33,0.47,2,1,11.2,4.81,18.0,7.8
15502065,1.0,0.0,1,1,37.8,0.0,37.8,37.8
15503000,1.0,0.0,1,1,33.6,0.0,33.6,33.6
15503003,2.0,0.0,2,2,26.4,0.0,26.4,26.4
15503005,1.0,0.0,1,1,24.9,0.0,24.9,24.9
15503022,1.33,0.47,2,1,18.67,6.6,28.0,14.0
15503039,1.0,0.0,1,1,5.0,0.0,5.0,5.0
15503042,1.0,0.0,1,1,6.0,0.0,6.0,6.0
15503043,1.0,0.0,1,1,25.8,0.0,25.8,25.8
15503044,1.0,0.0,1,1,25.8,0.0,25.8,25.8
15503045,1.0,0.0,1,1,68.0,0.0,68.0,68.0
15503049,1.0,0.0,1,1,68.0,0.0,68.0,68.0
15604010,1.0,0.0,1,1,89.0,0.0,89.0,89.0
15605013,1.0,0.0,1,1,4.9,0.0,4.9,4.9
15605016,2.0,0.0,2,2,272.0,0.0,272.0,272.0
15605048,2.5,1.5,4,4,172.5,103.5,276.0,276.0
15605055,1.0,0.0,1,1,57.0,0.0,57.0,57.0
15605060,2.0,0.0,2,2,59.8,0.0,59.8,59.8
20014000,1.0,0.0,1,1,4.02,0.0,4.02,4.02
20014001,1.33,0.47,2,1,7.67,3.38,13.95,8.47
20100027,2.0,0.0,2,2,27.37,0.0,27.37,27.37
20101014,1.0,0.0,1,1,4.5,0.0,4.5,4.5
20103019,1.0,0.0,1,1,4.22,0.57,4.73,4.5
20110008,1.0,0.0,1,1,5.9,0.0,5.9,5.9
20110019,1.0,0.0,1,1,12.13,0.94,12.8,12.8
20121037,1.5,0.87,3,1,6.86,2.64,11.34,6.23
20121056,1.0,0.0,1,1,4.25,0.25,4.5,4.5
20121061,1.0,0.0,1,1,26.66,0.0,26.66,26.66
20130039,1.0,0.0,1,1,2.48,0.0,2.48,2.48
21000017,1.0,0.0,1,1,18.8,0.0,18.8,18.8
21011008,1.0,0.0,1,1,14.54,0.0,14.54,14.54
21011010,1.0,0.0,1,1,30.52,0.0,30.52,30.52
21011017,1.0,0.0,1,1,9.95,0.84,10.79,10.79
21011027,1.0,0.0,1,1,23.56,3.6,27.16,27.16
21011029,1.0,0.0,1,1,22.3,0.0,22.3,22.3
21012001,1.0,0.0,1,1,28.85,0.0,28.85,28.85
21012003,1.0,0.0,1,1,19.02,0.0,19.02,19.02
21012004,1.0,0.0,1,1,12.98,0.54,13.52,13.52
21021043,1.3,0.64,3,1,31.86,17.95,68.68,33.56
21021045,2.0,0.0,2,2,16.34,0.0,16.34,16.34
21021050,1.0,0.0,1,1,16.66,0.0,16.66,16.66
21021052,1.0,0.0,1,1,15.5,0.22,15.72,15.72
21021065,1.0,0.0,1,1,3.39,0.0,3.39,3.39
21110004,1.0,0.0,1,1,15.38,0.0,15.38,15.38
21120007,1.0,0.0,1,1,7.9,1.7,9.6,9.6
21200001,1.0,0.0,1,1,5.75,0.0,5.75,5.75
21200008,1.0,0.0,1,1,13.83,0.0,13.83,13.83
21400001,1.0,0.0,1,1,3.97,0.0,3.97,3.97
21400021,1.0,0.0,1,1,9.13,0.0,9.13,9.13
21700003,1.0,0.0,1,1,17.47,0.0,17.47,17.47
21700012,1.0,0.0,1,1,7.67,0.0,7.67,7.67
21801037,1.0,0.0,1,1,25.0,0.0,25.0,25.0
21801107,1.0,0.0,1,1,25.0,0.0,25.0,25.0
21801116,1.0,0.0,1,1,11.3,0.62,12.04,11.33
21801119,1.0,0.0,1,1,26.31,3.9,33.07,23.83
21801125,1.14,0.52,3,1,14.54,6.03,27.71,14.4
21812019,1.0,0.0,1,1,35.5,0.0,35.5,35.5
22000005,1.0,0.0,1,1,18.02,0.0,18.02,18.02
22000009,1.0,0.0,1,1,7.12,1.82,8.94,8.94
22000014,1.0,0.0,1,1,7.76,0.88,8.64,8.64
22000031,1.25,0.43,2,1,6.96,2.71,11.34,7.01
22000049,1.0,0.0,1,1,12.63,3.68,19.96,13.05
22001000,1.0,0.0,1,1,2.29,0.4,2.69,2.69
22001001,1.0,0.0,1,1,6.38,2.44,8.81,8.81
22001006,1.0,0.0,1,1,6.15,0.3,6.45,6.45
22001012,1.0,0.0,1,1,4.36,0.0,4.36,4.36
22001038,1.0,0.0,1,1,12.38,2.36,16.21,12.42
22002006,1.0,0.0,1,1,16.61,0.0,16.61,16.61
22002008,1.0,0.0,1,1,9.48,0.0,9.48,9.48
22002239,1.1,0.29,2,1,10.32,5.48,23.86,8.1
22002240,1.22,0.42,2,1,6.61,3.41,14.95,5.86
22002242,1.0,0.0,1,1,7.8,3.83,11.63,11.63
22003002,1.0,0.0,1,1,9.07,3.14,13.97,9.49
22004008,1.0,0.0,1,1,8.41,3.4,12.2,7.85
22005000,1.0,0.0,1,1,9.18,7.43,25.0,6.74
22005001,1.0,0.0,1,1,2.83,0.0,2.83,2.83
22005006,1.0,0.0,1,1,5.23,1.71,7.93,4.8
22007005,1.0,0.0,1,1,2.21,0.36,2.56,2.56
22007008,1.0,0.0,1,1,1.5,0.28,1.78,1.78
22007022,1.0,0.0,1,1,18.38,0.56,18.95,18.95
22007031,1.44,0.96,4,1,14.79,6.67,31.96,12.8
22008007,1.0,0.0,1,1,6.5,0.0,6.5,6.5
22008009,1.0,0.0,1,1,19.2,9.5,41.27,17.15
22008012,1.0,0.0,1,1,49.61,11.03,65.45,54.3
22008019,1.0,0.0,1,1,5.96,2.35,11.03,5.37
22008020,1.0,0.0,1,1,9.68,1.62,12.08,9.38
22008021,1.0,0.0,1,1,23.08,9.97,42.67,18.01
22008022,1.0,0.0,1,1,11.89,0.0,11.89,11.89
22010032,1.0,0.0,1,1,10.57,6.13,18.43,8.81
22013007,1.0,0.0,1,1,11.89,1.46,13.36,13.36
22020002,1.8,0.91,4,2,6.49,2.94,11.81,6.81
22020003,1.0,0.0,1,1,7.7,0.0,7.7,7.7
22020004,1.0,0.0,1,1,14.5,0.0,14.5,14.5
22020006,1.8,0.75,3,2,17.98,8.88,33.78,14.42
22020010,1.33,0.47,2,1,12.25,4.38,18.28,10.47
22021009,1.0,0.0,1,1,8.0,0.0,8.0,8.0
22021016,1.0,0.0,1,1,16.12,0.0,16.12,16.12
22021260,1.25,0.43,2,1,16.2,9.62,31.92,14.66
22021276,1.0,0.0,1,1,5.03,0.0,5.03,5.03
22030005,1.14,0.35,2,1,18.25,12.74,45.64,12.62
22030008,1.12,0.33,2,1,19.07,9.88,41.16,14.2
22030010,1.0,0.0,1,1,11.16,3.16,14.32,14.32
22030011,1.29,0.7,4,1,17.76,11.59,62.85,16.13
22032012,1.0,0.0,1,1,10.5,4.97,18.0,12.0
22034001,1.33,0.47,2,1,18.52,8.54,25.64,23.41
22034002,1.5,0.5,2,2,19.22,15.89,35.12,35.12
22034004,1.0,0.0,1,1,15.99,0.0,15.99,15.99
22034007,1.0,0.0,1,1,27.53,0.0,27.53,27.53
22034021,1.0,0.0,1,1,17.3,0.0,17.3,17.3
22035000,1.11,0.4,3,1,15.7,11.54,71.49,11.99
22035007,1.0,0.0,1,1,9.0,4.28,14.75,7.76
22035009,1.0,0.0,1,1,18.9,0.0,18.9,18.9
22036000,1.21,0.52,3,1,9.42,7.42,36.21,6.17
22036007,1.0,0.0,1,1,11.3,0.0,11.3,11.3
22040009,1.0,0.0,1,1,15.8,0.0,15.8,15.8
22040157,1.0,0.0,1,1,8.43,1.73,10.97,8.65
22040158,1.0,0.0,1,1,19.62,0.0,19.62,19.62
22041001,1.0,0.0,1,1,13.91,0.0,13.91,13.91
22042082,1.33,0.47,2,1,15.24,6.45,23.5,14.47
22071000,1.0,0.0,1,1,10.87,2.73,12.8,12.8
22100000,1.0,0.0,1,1,2.17,1.12,5.19,1.99
22100002,1.0,0.0,1,1,2.0,0.0,2.0,2.0
22100010,1.29,1.08,6,1,2.3,1.68,8.64,1.85
22100021,1.0,0.0,1,1,2.65,0.0,2.65,2.65
22100025,1.0,0.0,1,1,0.57,0.0,0.57,0.57
22100056,1.0,0.0,1,1,1.68,0.0,1.68,1.68
22101000,1.3,0.64,3,1,2.06,1.6,6.22,1.64
22101001,1.23,0.58,3,1,1.17,0.55,2.22,1.14
22101002,1.0,0.0,1,1,2.31,0.46,2.78,2.78
22101004,1.0,0.0,1,1,2.99,0.0,2.99,2.99
22102000,1.31,0.82,4,1,2.33,1.73,7.05,1.4
22102001,1.0,0.0,1,1,1.91,0.4,2.32,2.03
22102004,1.0,0.0,1,1,1.27,0.52,2.24,1.13
22102005,1.16,0.36,2,1,1.58,0.88,4.35,1.36
22102006,1.0,0.0,1,1,2.17,0.43,2.6,2.6
22102009,3.6,4.72,13,1,6.54,9.16,24.79,2.19
22102012,1.0,0.0,1,1,1.56,0.0,1.56,1.56
22102013,1.0,0.0,1,1,1.45,0.82,2.86,1.11
22102014,1.32,0.78,4,1,3.27,2.66,11.7,2.53
22103001,1.18,0.39,2,1,3.0,2.1,7.76,2.25
22103003,1.0,0.0,1,1,2.35,0.4,2.92,2.1
22103004,1.14,0.35,2,1,3.19,1.96,7.64,2.14
22103005,1.29,0.45,2,1,1.34,0.55,2.28,1.24
22103006,1.33,0.47,2,1,3.32,1.38,5.24,2.64
22103008,1.0,0.0,1,1,2.08,0.67,3.03,1.71
22103009,1.0,0.0,1,1,2.16,0.0,2.16,2.16
22103010,1.11,0.31,2,1,2.24,0.94,4.18,2.11
22103011,1.12,0.33,2,1,2.31,1.05,4.83,2.26
22103012,1.0,0.0,1,1,0.9,0.0,0.9,0.9
22103013,1.0,0.0,1,1,3.77,0.08,3.85,3.85
22110004,1.0,0.0,1,1,3.7,2.15,6.74,2.33
22110085,2.0,0.0,2,2,16.44,0.0,16.44,16.44
22111001,1.0,0.0,1,1,2.6,1.0,4.34,2.11
22111004,1.13,0.34,2,1,2.62,1.8,7.39,2.14
22111006,1.0,0.0,1,1,2.18,0.96,3.14,3.14
22111008,1.0,0.0,1,1,2.34,1.27,4.6,2.21
22111012,1.23,0.42,2,1,1.77,0.64,2.99,1.61
22111024,1.0,0.0,1,1,3.26,0.0,3.26,3.26
22111026,1.0,0.0,1,1,8.79,3.6,11.92,11.44
22111029,1.0,0.0,1,1,0.78,0.09,0.87,0.87
22111031,1.29,0.59,3,1,1.5,0.73,3.11,1.39
22120005,1.0,0.0,1,1,3.46,0.44,3.9,3.9
22130000,1.12,0.33,2,1,2.02,0.68,2.85,2.29
22130003,1.0,0.0,1,1,1.18,0.0,1.18,1.18
22130007,1.0,0.0,1,1,1.25,0.69,2.53,1.14
22130011,1.0,0.0,1,1,1.0,0.0,1.0,1.0
22130016,1.2,0.4,2,1,0.94,0.17,1.19,0.87
22130017,1.0,0.0,1,1,1.16,0.22,1.47,1.0
22130029,1.5,0.87,3,1,3.04,1.34,5.06,3.36
22132010,1.33,0.47,2,1,2.69,1.67,5.05,1.61
22160001,1.33,0.47,2,1,5.48,2.19,8.54,4.42
22170000,1.0,0.0,1,1,0.73,0.0,0.73,0.73
22170001,1.0,0.0,1,1,1.86,1.02,3.86,1.63
22170003,1.0,0.0,1,1,0.95,0.0,0.95,0.95
22171000,1.0,0.0,1,1,2.95,0.0,2.95,2.95
22171002,1.5,0.5,2,2,4.8,1.93,6.73,6.73
22171004,1.0,0.0,1,1,1.27,1.28,4.88,0.8
22171005,1.0,0.0,1,1,3.07,0.0,3.07,3.07
22172001,1.0,0.0,1,1,2.88,0.0,2.88,2.88
22172003,2.0,0.82,3,2,1.56,0.84,2.54,1.65
22172006,1.0,0.0,1,1,2.51,0.0,2.51,2.51
22172007,1.0,0.0,1,1,0.86,0.2,1.25,0.88
22172008,1.0,0.0,1,1,1.0,0.49,1.82,0.94
22172012,1.0,0.0,1,1,1.2,0.3,1.67,1.28
22180002,1.0,0.0,1,1,1.39,0.35,1.74,1.74
22190000,1.25,0.66,3,1,3.6,2.08,9.0,3.0
22190002,1.0,0.0,1,1,1.97,0.0,1.97,1.97
22500001,1.0,0.0,1,1,15.09,0.0,15.09,15.09
22500022,1.56,0.96,4,1,14.98,12.3,55.44,11.64
22500056,1.5,0.5,2,2,23.7,7.9,31.6,31.6
22500072,1.0,0.0,1,1,15.8,0.0,15.8,15.8
22501065,1.0,0.0,1,1,1.95,0.0,1.95,1.95
22511000,1.0,0.0,1,1,4.13,2.1,6.23,6.23
22600000,1.25,0.43,2,1,27.75,19.4,72.9,24.11
22600002,1.5,0.76,3,1,30.41,20.64,62.76,25.19
22601000,1.29,0.59,3,1,11.42,7.17,29.98,9.76
22601002,1.0,0.0,1,1,12.78,0.71,13.49,13.49
22602000,1.0,0.0,1,1,4.91,0.0,4.91,4.91
22603000,1.0,0.0,1,1,8.81,3.91,14.66,10.05
22603001,1.0,0.0,1,1,10.32,2.87,14.69,10.99
22603002,1.0,0.0,1,1,8.9,0.0,8.9,8.9
22604000,1.0,0.0,1,1,11.76,6.35,24.74,11.31
22610000,1.0,0.0,1,1,3.92,0.0,3.92,3.92
22610002,2.0,0.0,2,2,4.72,0.0,4.72,4.72
22610003,1.0,0.0,1,1,2.03,0.0,2.03,2.03
22610004,2.0,0.0,2,2,10.61,0.0,10.61,10.61
22610103,1.0,0.0,1,1,8.67,3.35,15.38,7.87
22620012,1.0,0.0,1,1,5.91,0.0,5.91,5.91
22621002,1.0,0.0,1,1,3.65,0.67,4.77,3.56
22622000,1.0,0.0,1,1,4.69,1.48,6.17,6.17
22622001,1.0,0.0,1,1,3.9,0.0,3.9,3.9
22630000,1.0,0.0,1,1,9.31,1.3,10.61,10.61
22630007,1.0,0.0,1,1,5.94,0.0,5.94,5.94
22630009,1.0,0.0,1,1,8.08,2.37,12.75,7.57
22630010,1.14,0.35,2,1,14.35,7.73,32.37,11.87
22630013,1.0,0.0,1,1,17.16,0.0,17.16,17.16
22630049,1.0,0.0,1,1,7.05,4.89,12.97,7.2
22631002,1.0,0.0,1,1,6.65,2.23,10.36,5.57
22671053,1.0,0.0,1,1,11.9,0.0,11.9,11.9
22671056,1.0,0.0,1,1,3.22,0.0,3.22,3.22
22671060,1.0,0.0,1,1,13.65,0.0,13.65,13.65
22671064,1.0,0.0,1,1,20.38,0.0,20.38,20.38
22671067,1.0,0.0,1,1,9.11,0.0,9.11,9.11
22671069,1.0,0.0,1,1,4.98,0.0,4.98,4.98
22671070,1.0,0.0,1,1,16.02,10.99,34.64,12.94
22671071,1.67,0.94,3,1,8.83,5.44,16.04,7.53
22671072,1.0,0.0,1,1,30.11,0.0,30.11,30.11
22671075,1.0,0.0,1,1,1.79,0.0,1.79,1.79
22671076,1.0,0.0,1,1,2.74,0.97,3.71,3.71
22671077,1.0,0.0,1,1,6.18,3.79,10.47,6.82
22671078,1.0,0.0,1,1,7.65,0.0,7.65,7.65
22671079,1.0,0.0,1,1,18.16,6.81,26.93,17.2
22671080,1.0,0.0,1,1,7.96,0.0,7.96,7.96
22700000,1.0,0.0,1,1,11.72,0.0,11.72,11.72
22701000,1.0,0.0,1,1,6.86,0.0,6.86,6.86
22701014,1.3,0.64,3,1,17.65,17.79,60.14,10.43
22702003,1.0,0.0,1,1,3.12,0.98,4.1,4.1
22702005,1.25,0.43,2,1,22.39,8.67,32.51,29.41
22702006,1.0,0.0,1,1,22.72,0.0,22.72,22.72
22800000,1.25,0.43,2,1,13.8,6.73,25.42,10.85
22800001,1.0,0.0,1,1,7.87,4.62,12.48,12.48
22801000,1.0,0.0,1,1,7.82,3.44,11.26,11.26
22802001,1.0,0.0,1,1,8.71,2.61,12.57,8.82
22830002,1.0,0.0,1,1,5.59,0.0,5.59,5.59
22830003,1.0,0.0,1,1,16.31,2.94,20.23,15.52
22830005,1.0,0.0,1,1,8.76,0.0,8.76,8.76
22840002,1.2,0.4,2,1,10.47,3.09,14.59,11.73
22851000,1.0,0.0,1,1,2.22,0.04,2.26,2.26
22851001,1.0,0.0,1,1,1.73,0.0,1.73,1.73
22852000,1.0,0.0,1,1,8.4,0.0,8.4,8.4
22860001,1.0,0.0,1,1,1.5,0.0,1.5,1.5
22901000,1.0,0.0,1,1,3.51,0.0,3.51,3.51
22902014,2.0,0.0,2,2,38.82,0.0,38.82,38.82
23110001,1.11,0.31,2,1,21.04,27.35,120.0,11.0
23110004,1.0,0.0,1,1,3.99,0.0,3.99,3.99
23110005,1.0,0.0,1,1,6.5,0.0,6.5,6.5
23110006,1.0,0.0,1,1,7.5,0.0,7.5,7.5
23110007,1.17,0.37,2,1,14.0,4.47,24.0,12.0
23110009,1.53,0.96,5,1,15.33,9.57,50.0,10.0
23110028,1.0,0.0,1,1,6.0,0.0,6.0,6.0
23110029,1.0,0.0,1,1,4.0,0.0,4.0,4.0
23110144,1.25,0.43,2,1,5.0,1.73,8.0,4.0
23110172,1.0,0.0,1,1,5.25,0.0,5.25,5.25
23110175,1.0,0.0,1,1,11.37,0.0,11.37,11.37
23110184,1.0,0.0,1,1,4.0,0.0,4.0,4.0
23110186,1.33,0.47,2,1,4.0,1.41,6.0,3.0
23110187,1.33,0.47,2,1,5.07,1.79,7.6,3.8
23110188,1.0,0.0,1,1,3.8,0.0,3.8,3.8
23110190,1.0,0.0,1,1,3.6,0.0,3.6,3.6
23110192,1.5,0.5,2,2,6.75,2.25,9.0,9.0
23110193,1.0,0.0,1,1,8.0,0.0,8.0,8.0
23112013,1.0,0.0,1,1,7.0,0.0,7.0,7.0
23112031,1.0,0.0,1,1,4.0,0.0,4.0,4.0
23112032,1.0,0.0,1,1,8.0,0.0,8.0,8.0
23113003,1.0,0.0,1,1,11.8,0.0,11.8,11.8
23113019,1.0,0.0,1,1,7.5,0.0,7.5,7.5
23113022,1.0,0.0,1,1,8.0,0.0,8.0,8.0
23113023,1.33,0.47,2,1,20.0,7.07,30.0,15.0
23113024,1.14,0.35,2,1,20.57,6.3,36.0,18.0
23113025,1.0,0.0,1,1,15.0,0.0,15.0,15.0
23113026,1.0,0.0,1,1,18.0,0.0,18.0,18.0
23113027,1.7,1.19,4,1,11.9,8.31,28.0,7.0
23113028,1.5,0.5,2,2,9.0,3.0,12.0,12.0
23120001,1.24,0.69,4,1,12.53,7.73,37.45,10.62
23120059,1.0,0.0,1,1,15.0,0.0,15.0,15.0
23121051,1.0,0.0,1,1,12.61,3.78,16.39,16.39
23121052,1.0,0.0,1,1,5.27,0.98,6.24,6.24
23121054,1.0,0.0,1,1,12.0,0.0,12.0,12.0
23121061,1.0,0.0,1,1,10.0,0.0,10.0,10.0
23130012,1.0,0.0,1,1,9.8,0.0,9.8,9.8
23130073,1.0,0.0,1,1,9.0,0.0,9.0,9.0
23130079,1.0,0.0,1,1,15.0,0.0,15.0,15.0
23131002,1.38,0.79,4,1,11.05,6.28,32.0,8.0
23132060,1.0,0.0,1,1,12.0,0.0,12.0,12.0
23132061,1.64,0.77,3,1,9.09,4.17,15.0,10.0
23132063,1.29,0.45,2,1,7.07,2.48,11.0,5.5
23132068,1.28,0.58,3,1,9.91,8.04,44.14,7.37
23132072,1.33,0.47,2,1,8.32,2.36,11.41,7.86
23134002,1.07,0.25,2,1,9.08,3.98,18.43,8.5
23134003,1.15,0.36,2,1,6.9,2.14,12.0,6.0
23135028,2.0,0.0,2,2,24.0,0.0,24.0,24.0
23141012,1.0,0.0,1,1,18.0,0.0,18.0,18.0
23142001,1.17,0.37,2,1,20.67,7.99,37.0,20.0
23142012,1.0,0.0,1,1,8.35,0.0,8.35,8.35
23142046,1.0,0.0,1,1,23.0,0.0,23.0,23.0
24000137,1.0,0.0,1,1,17.99,0.0,17.99,17.99
24000370,1.0,0.0,1,1,100.91,25.79,124.17,113.6
24000371,1.0,0.0,1,1,352.21,0.0,352.21,352.21
24000372,1.0,0.0,1,1,51.9,0.0,51.9,51.9
24000373,1.5,0.5,2,2,35.33,9.54,47.64,38.16
24000379,1.5,0.5,2,2,23.7,7.9,31.6,31.6
24000388,1.0,0.0,1,1,36.85,0.0,36.85,36.85
24000390,1.0,0.0,1,1,39.22,0.0,39.22,39.22
24000393,1.67,0.47,2,2,102.74,33.55,134.1,117.9
24010000,1.75,0.83,3,2,32.45,24.42,70.93,32.79
24010016,1.5,0.87,3,1,32.2,26.04,76.71,23.76
24010017,1.0,0.0,1,1,23.99,6.76,29.25,28.28
24010378,1.0,0.0,1,1,51.44,0.0,51.44,51.44
24010380,1.18,0.39,2,1,26.15,20.68,78.57,17.13
24010384,1.0,0.0,1,1,27.7,11.21,50.61,29.4
24010556,1.0,0.0,1,1,50.13,10.44,60.57,60.57
24010809,1.0,0.0,1,1,37.88,21.02,87.07,33.36
24010811,1.0,0.0,1,1,31.79,13.76,49.59,29.68
24010812,1.0,0.0,1,1,34.57,0.0,34.57,34.57
24010817,1.0,0.0,1,1,23.55,9.44,35.03,23.7
24010819,1.0,0.0,1,1,20.06,7.39,29.28,19.33
24010823,1.0,0.0,1,1,28.28,11.61,40.64,25.81
24010825,1.0,0.0,1,1,27.47,19.6,47.08,47.08
24010829,1.0,0.0,1,1,28.1,5.33,33.44,33.44
24010885,1.0,0.0,1,1,96.54,26.2,122.74,122.74
24011002,1.0,0.0,1,1,44.54,0.0,44.54,44.54
24011017,1.0,0.0,1,1,29.46,0.0,29.46,29.46
24011018,1.0,0.0,1,1,30.55,8.65,47.36,29.45
24011096,1.0,0.0,1,1,95.36,0.0,95.36,95.36
24011098,1.0,0.0,1,1,69.66,25.58,95.25,95.25
24011099,1.0,0.0,1,1,82.05,0.0,82.05,82.05
24011103,1.0,0.0,1,1,18.42,0.0,18.42,18.42
24011108,1.0,0.0,1,1,42.86,20.36,63.23,63.23
24011110,1.0,0.0,1,1,15.19,0.53,15.72,15.72
24011146,1.0,0.0,1,1,69.32,0.0,69.32,69.32
24012001,1.0,0.0,1,1,23.13,0.0,23.13,23.13
24012151,1.0,0.0,1,1,26.72,0.0,26.72,26.72
24030061,1.0,0.0,1,1,29.68,0.0,29.68,29.68
24030065,1.0,0.0,1,1,38.28,17.88,63.2,29.5
24030074,2.0,1.0,3,3,62.97,30.33,93.3,93.3
24100000,1.0,0.0,1,1,23.78,2.53,26.31,26.31
24100001,1.0,0.0,1,1,39.2,0.0,39.2,39.2
24100003,2.0,0.0,2,2,33.85,0.0,33.85,33.85
24100023,1.0,0.0,1,1,33.48,0.0,33.48,33.48
24101000,1.14,0.35,2,1,12.82,6.32,23.7,10.87
24101002,1.0,0.0,1,1,30.58,11.75,52.94,27.76
24101003,1.5,0.5,2,2,15.57,1.91,17.49,17.49
24101005,1.0,0.0,1,1,7.03,0.49,7.52,7.52
24101006,1.19,0.53,3,1,7.8,4.3,19.23,6.27
24101076,1.0,0.0,1,1,16.89,0.0,16.89,16.89
24102002,1.33,0.47,2,1,13.23,6.75,22.7,9.53
24111015,1.0,0.0,1,1,8.48,0.17,8.65,8.65
24220023,1.0,0.0,1,1,11.02,0.0,11.02,11.02
24401008,3.0,0.0,3,3,56.68,0.0,56.68,56.68
24403016,1.0,0.0,1,1,13.42,0.0,13.42,13.42
24403017,1.0,0.0,1,1,5.18,0.0,5.18,5.18
24403020,1.0,0.0,1,1,13.78,0.0,13.78,13.78
25005060,1.0,0.0,1,1,3.0,0.0,3.0,3.0
25012012,1.25,0.43,2,1,8.17,2.14,11.64,8.12
25100108,1.5,0.5,2,2,10.45,3.07,13.57,13.42
25100113,1.0,0.0,1,1,8.53,1.04,10.0,7.8
25101002,1.43,1.05,4,1,12.66,9.64,36.13,8.98
25101011,1.44,1.26,5,1,4.12,1.86,8.65,3.85
25101044,1.86,1.2,5,1,6.69,6.04,36.0,6.0
25101046,1.62,1.32,5,1,6.0,4.5,15.0,3.0
25110012,1.0,0.0,1,1,3.75,1.25,5.0,5.0
25111021,1.0,0.0,1,1,3.0,0.0,3.0,3.0
25111045,2.25,1.3,4,3,12.75,5.49,20.0,15.0
25111048,1.29,0.75,4,1,5.29,3.21,14.0,4.0
25111051,1.33,0.47,2,1,6.93,4.2,12.8,4.8
25112007,1.0,0.0,1,1,11.6,0.0,11.6,11.6
25112008,1.0,0.0,1,1,5.53,0.0,5.53,5.53
25112014,1.0,0.0,1,1,5.53,0.0,5.53,5.53
25120014,1.38,0.48,2,1,4.35,1.58,7.2,4.8
25120016,1.61,1.18,5,1,5.82,5.99,30.0,4.0
25120036,6.36,16.02,57,1,17.56,47.14,166.6,2.8
25121003,1.0,0.0,1,1,3.0,0.0,3.0,3.0
25121013,1.0,0.0,1,1,3.34,0.3,3.65,3.65
25121022,1.0,0.0,1,1,2.25,0.75,3.0,3.0
25130010,1.0,0.0,1,1,3.25,1.88,6.93,2.91
25150001,1.0,0.0,1,1,6.8,0.0,6.8,6.8
25405948,1.25,0.43,2,1,7.46,2.96,12.59,5.9
27000006,1.0,0.0,1,1,23.22,0.0,23.22,23.22
27000012,1.0,0.0,1,1,16.77,1.0,17.76,17.76
27000019,1.0,0.0,1,1,55.35,0.0,55.35,55.35
27000020,3.0,2.0,5,5,127.41,91.38,218.79,218.79
27000034,1.0,0.0,1,1,31.22,0.0,31.22,31.22
27000037,1.0,0.0,1,1,24.3,1.0,25.31,25.31
27000556,1.0,0.0,1,1,7.17,0.0,7.17,7.17
27000573,2.0,1.25,4,1,18.85,14.88,54.75,11.66
27000574,1.77,1.31,5,1,30.23,22.6,80.0,18.0
27000575,2.0,1.0,3,3,41.12,24.56,65.69,65.69
27000576,1.0,0.0,1,1,7.36,3.06,12.0,7.0
27000577,1.0,0.0,1,1,11.66,2.34,14.0,14.0
27000578,2.0,1.22,4,2,25.0,20.66,60.0,20.0
27000581,2.46,2.18,12,2,27.22,28.73,149.13,20.1
27000582,2.1,2.14,9,1,22.55,27.69,118.0,10.0
27000611,1.0,0.0,1,1,18.71,1.09,19.8,19.8
27002163,1.0,0.0,1,1,24.47,8.83,35.73,23.5
27002165,1.0,0.0,1,1,19.05,9.43,28.48,28.48
27002166,1.0,0.0,1,1,12.14,0.0,12.14,12.14
27002167,1.5,0.5,2,2,27.93,7.11,33.13,31.7
27002169,1.0,0.0,1,1,34.32,16.92,62.88,33.99
27002173,1.0,0.0,1,1,10.87,4.37,15.92,11.44
27002174,1.0,0.0,1,1,26.42,5.76,35.6,24.99
27002176,1.0,0.0,1,1,20.73,4.91,23.85,23.61
27002177,1.5,0.5,2,2,14.87,7.04,21.91,21.91
27002182,1.0,0.0,1,1,13.06,4.59,20.55,12.82
27002186,1.0,0.0,1,1,18.15,2.51,20.66,20.66
27002187,1.0,0.0,1,1,12.4,3.97,17.95,10.35
27002188,1.0,0.0,1,1,32.92,11.2,51.96,28.32
27002190,1.0,0.0,1,1,12.96,0.0,12.96,12.96
27002194,1.67,0.94,3,1,14.33,9.79,27.6,11.12
27002262,1.0,0.0,1,1,8.59,0.0,8.59,8.59
27002269,2.0,0.0,2,2,77.29,0.0,77.29,77.29
27002435,1.0,0.0,1,1,33.89,0.0,33.89,33.89
27002436,1.0,0.0,1,1,30.36,18.46,48.81,48.81
27002440,1.0,0.0,1,1,29.46,9.68,41.36,36.62
27002441,1.0,0.0,1,1,16.66,0.0,16.66,16.66
27002554,2.0,1.0,3,3,15.98,7.98,23.96,23.96
27002555,1.25,0.43,2,1,17.91,4.38,23.22,19.55
27002558,1.12,0.33,2,1,5.98,3.47,14.72,4.78
27002559,1.0,0.0,1,1,12.06,0.0,12.06,12.06
27002560,1.0,0.0,1,1,10.0,5.0,15.0,15.0
27002561,1.0,0.0,1,1,6.0,2.0,8.0,8.0
27002572,1.0,0.0,1,1,34.11,0.0,34.11,34.11
27002573,1.0,0.0,1,1,5.62,0.0,5.62,5.62
27002575,1.0,0.0,1,1,6.14,3.43,9.57,9.57
27002576,1.0,0.0,1,1,12.26,0.0,12.26,12.26
27002584,1.25,0.43,2,1,12.5,4.33,20.0,10.0
27002588,1.0,0.0,1,1,18.0,0.0,18.0,18.0
27002590,2.0,0.0,2,2,36.0,0.0,36.0,36.0
27030020,1.5,0.5,2,2,19.2,6.4,25.6,25.6
27100542,1.17,0.48,3,1,12.11,15.27,79.98,9.27
27200170,1.0,0.0,1,1,7.0,0.0,7.0,7.0
27200924,2.37,2.89,14,1,19.79,26.52,128.0,8.0
27200925,1.6,0.8,3,1,9.6,4.8,18.0,6.0
27200938,1.42,0.64,3,1,10.8,5.94,24.0,10.0
27201062,1.0,0.0,1,1,7.0,1.0,8.0,8.0
27210006,1.25,0.43,2,1,18.5,6.41,29.6,14.8
27240000,1.0,0.0,1,1,4.01,0.16,4.2,4.03
27300273,2.12,1.49,7,2,6.03,3.83,17.0,5.0
27300274,1.27,0.62,3,1,3.92,2.41,11.88,2.98
27300275,1.0,0.0,1,1,3.8,0.0,3.8,3.8
27300276,1.33,0.47,2,1,10.39,5.1,17.56,8.27
27300278,1.0,0.0,1,1,5.53,0.0,5.53,5.53
27300279,1.0,0.0,1,1,7.58,1.27,8.66,8.28
27300281,1.0,0.0,1,1,5.34,3.84,11.98,3.49
27300282,1.29,0.45,2,1,5.6,2.13,9.1,4.68
27400052,1.0,0.0,1,1,6.8,0.0,6.8,6.8
27400059,1.0,0.0,1,1,11.8,0.0,11.8,11.8
27400061,1.0,0.0,1,1,9.33,0.0,9.33,9.33
27400118,1.0,0.0,1,1,14.61,4.75,19.36,19.36
27400119,1.0,0.0,1,1,18.0,0.0,18.0,18.0
27400145,1.2,0.4,2,1,15.55,5.08,25.49,14.26
27400158,1.0,0.0,1,1,16.81,0.83,17.64,17.64
27400289,1.0,0.0,1,1,10.74,9.89,27.8,6.0
27400302,1.5,0.5,2,2,27.24,9.6,36.84,36.84
27400708,1.33,0.47,2,1,24.69,9.43,38.02,18.42
27400855,1.1,0.3,2,1,8.8,2.4,16.0,8.0
27401706,2.0,0.0,2,2,74.82,0.0,74.82,74.82
27401707,1.0,0.0,1,1,28.06,0.0,28.06,28.06
27410000,1.33,0.82,6,1,9.29,5.39,36.0,7.0
27410001,1.12,0.33,2,1,9.0,2.65,16.0,8.0
27410002,1.44,0.96,4,1,8.67,5.73,24.0,6.0
27410003,1.47,0.7,3,1,16.71,9.86,36.0,12.0
27410004,1.0,0.0,1,1,5.06,0.2,5.27,5.27
27410005,1.12,0.33,2,1,6.88,2.42,10.0,5.0
27410007,1.0,0.0,1,1,5.5,2.5,8.0,8.0
27410042,1.0,0.0,1,1,3.5,0.0,3.5,3.5
27410044,1.83,1.4,6,1,7.05,4.56,14.8,5.23
27410045,1.0,0.0,1,1,5.35,0.0,5.35,5.35
30000083,1.0,0.0,1,1,9.9,0.0,9.9,9.9
30000087,1.0,0.0,1,1,9.9,0.0,9.9,9.9
30000094,1.0,0.0,1,1,9.9,0.0,9.9,9.9
30001004,2.0,0.0,2,2,7.8,0.0,7.8,7.8
30010020,1.0,0.0,1,1,14.9,0.0,14.9,14.9
30010023,1.0,0.0,1,1,3.9,0.0,3.9,3.9
30010038,1.0,0.0,1,1,5.9,0.0,5.9,5.9
30011012,1.0,0.0,1,1,25.9,0.0,25.9,25.9
30011016,1.0,0.0,1,1,29.9,0.0,29.9,29.9
30011032,1.0,0.0,1,1,15.9,0.0,15.9,15.9
30011088,1.0,0.0,1,1,49.9,0.0,49.9,49.9
30011100,1.0,0.0,1,1,9.99,0.0,9.99,9.99
30012002,1.0,0.0,1,1,9.9,0.0,9.9,9.9
30014001,1.0,0.0,1,1,9.9,0.0,9.9,9.9
30020018,2.0,0.0,2,2,49.8,0.0,49.8,49.8
30030002,1.0,0.0,1,1,29.9,0.0,29.9,29.9
30102002,1.0,0.0,1,1,31.9,0.0,31.9,31.9
30103006,1.0,0.0,1,1,12.9,0.0,12.9,12.9
30133003,2.0,0.0,2,2,23.8,0.0,23.8,23.8
30141008,1.0,0.0,1,1,15.9,0.0,15.9,15.9
30161060,1.0,0.0,1,1,6.9,0.0,6.9,6.9
30165004,1.0,0.0,1,1,20.0,0.0,20.0,20.0
30165005,1.0,0.0,1,1,10.9,0.0,10.9,10.9
30166013,1.0,0.0,1,1,13.9,0.0,13.9,13.9
30166014,1.0,0.0,1,1,13.9,0.0,13.9,13.9
30167005,1.0,0.0,1,1,8.5,0.0,8.5,8.5
30167007,1.0,0.0,1,1,23.0,0.0,23.0,23.0
30168005,1.0,0.0,1,1,29.9,0.0,29.9,29.9
30170011,1.0,0.0,1,1,14.9,0.0,14.9,14.9
30171006,1.0,0.0,1,1,5.9,0.0,5.9,5.9
30175021,1.0,0.0,1,1,12.0,0.0,12.0,12.0
30175023,2.0,0.0,2,2,20.0,0.0,20.0,20.0
30302004,1.0,0.0,1,1,49.0,0.0,49.0,49.0
30304013,1.0,0.0,1,1,12.9,0.0,12.9,12.9
30304018,1.0,0.0,1,1,15.9,0.0,15.9,15.9
30304027,2.0,0.0,2,2,25.8,0.0,25.8,25.8
30308012,1.0,0.0,1,1,69.0,0.0,69.0,69.0
30320004,1.0,0.0,1,1,10.7,0.8,11.5,11.5
30320008,1.0,0.0,1,1,4.9,0.0,4.9,4.9
30320009,1.0,0.0,1,1,13.9,0.0,13.9,13.9
30321004,1.0,0.0,1,1,10.98,1.04,11.5,11.5
30321007,1.5,0.5,2,2,15.95,7.05,23.0,23.0
30321008,1.0,0.0,1,1,11.5,0.0,11.5,11.5
30323001,1.0,0.0,1,1,11.9,0.0,11.9,11.9
30330004,1.0,0.0,1,1,4.9,0.0,4.9,4.9
30331005,1.0,0.0,1,1,7.9,0.0,7.9,7.9
30334046,1.0,0.0,1,1,19.9,0.0,19.9,19.9
30335006,1.0,0.0,1,1,6.0,0.0,6.0,6.0
30335010,1.0,0.0,1,1,19.5,0.0,19.5,19.5
30335030,1.0,0.0,1,1,19.9,0.0,19.9,19.9
30335045,1.0,0.0,1,1,99.9,0.0,99.9,99.9
30336007,1.0,0.0,1,1,9.9,0.0,9.9,9.9
30338004,1.0,0.0,1,1,29.9,0.0,29.9,29.9
30338006,1.0,0.0,1,1,12.9,0.0,12.9,12.9
30338013,1.0,0.0,1,1,14.0,0.0,14.0,14.0
30348004,2.0,0.0,2,2,39.8,0.0,39.8,39.8
30348029,1.0,0.0,1,1,7.9,0.0,7.9,7.9
30348044,1.0,0.0,1,1,9.9,0.0,9.9,9.9
30351007,1.0,0.0,1,1,13.9,0.0,13.9,13.9
30351010,1.0,0.0,1,1,12.9,0.0,12.9,12.9
30356016,1.0,0.0,1,1,22.9,0.0,22.9,22.9
30364004,1.0,0.0,1,1,9.9,0.0,9.9,9.9
30365012,2.0,0.0,2,2,15.8,0.0,15.8,15.8
30365021,1.0,0.0,1,1,14.9,0.0,14.9,14.9
30380001,1.14,0.35,2,1,0.12,0.06,0.3,0.1
30380002,1.41,0.72,4,1,0.44,0.26,1.8,0.3
30380003,1.45,0.89,6,1,0.3,0.21,1.4,0.2
30421006,1.0,0.0,1,1,12.0,0.0,12.0,12.0
30446001,3.0,0.0,3,3,29.7,0.0,29.7,29.7
30447003,1.0,0.0,1,1,5.8,0.0,5.8,5.8
30448015,1.0,0.0,1,1,18.9,0.0,18.9,18.9
30448016,1.0,0.0,1,1,18.9,0.0,18.9,18.9
30448017,1.0,0.0,1,1,6.9,0.0,6.9,6.9
30448023,1.0,0.0,1,1,10.9,0.0,10.9,10.9
30448030,2.0,0.0,2,2,15.8,0.0,15.8,15.8
30451046,1.0,0.0,1,1,24.9,0.0,24.9,24.9
30500013,1.0,0.0,1,1,39.9,0.0,39.9,39.9
30500024,1.0,0.0,1,1,62.0,0.0,62.0,62.0
30500027,1.0,0.0,1,1,39.9,0.0,39.9,39.9
30503001,1.0,0.0,1,1,18.8,0.0,18.8,18.8
30504004,1.0,0.0,1,1,14.8,0.0,14.8,14.8
30504008,1.0,0.0,1,1,13.8,0.0,13.8,13.8
30510013,1.0,0.0,1,1,7.9,0.0,7.9,7.9
30510016,1.0,0.0,1,1,11.9,0.0,11.9,11.9
30511006,1.0,0.0,1,1,14.9,0.0,14.9,14.9
30512011,1.0,0.0,1,1,10.9,0.0,10.9,10.9
30512012,1.0,0.0,1,1,2.7,0.0,2.7,2.7
30512034,1.0,0.0,1,1,15.9,0.0,15.9,15.9
30514009,1.0,0.0,1,1,2.8,0.0,2.8,2.8
30514028,1.0,0.0,1,1,9.9,0.0,9.9,9.9
30515011,1.0,0.0,1,1,4.2,0.0,4.2,4.2
30515015,1.0,0.0,1,1,7.0,0.0,7.0,7.0
30522023,1.0,0.0,1,1,13.5,0.0,13.5,13.5
30522062,1.0,0.0,1,1,15.9,0.0,15.9,15.9
30522066,1.0,0.0,1,1,16.9,0.0,16.9,16.9
30530047,1.0,0.0,1,1,6.9,0.0,6.9,6.9
30534006,1.0,0.0,1,1,8.9,0.0,8.9,8.9
30600006,1.0,0.0,1,1,16.9,0.0,16.9,16.9
30600017,1.0,0.0,1,1,25.9,0.0,25.9,25.9
30604040,1.0,0.0,1,1,29.9,0.0,29.9,29.9
30611014,1.0,0.0,1,1,129.0,0.0,129.0,129.0
30612004,1.0,0.0,1,1,35.0,0.0,35.0,35.0
30634014,1.0,0.0,1,1,5.9,0.0,5.9,5.9
30643024,2.0,0.0,2,2,7.8,0.0,7.8,7.8
30701033,1.0,0.0,1,1,16.9,0.0,16.9,16.9
30710015,1.0,0.0,1,1,6.9,0.0,6.9,6.9
30710041,1.0,0.0,1,1,6.8,0.0,6.8,6.8
30710046,1.0,0.0,1,1,4.6,0.0,4.6,4.6
30710095,1.0,0.0,1,1,6.9,0.0,6.9,6.9
30710100,1.0,0.0,1,1,7.9,0.0,7.9,7.9
30723007,1.0,0.0,1,1,4.9,0.0,4.9,4.9
30803005,1.0,0.0,1,1,13.9,0.0,13.9,13.9
30804009,1.0,0.0,1,1,16.8,0.0,16.8,16.8
30810011,1.0,0.0,1,1,3.0,0.0,3.0,3.0
30810020,1.0,0.0,1,1,33.9,0.0,33.9,33.9
30816011,1.0,0.0,1,1,6.6,0.0,6.6,6.6
30820025,1.0,0.0,1,1,9.9,0.0,9.9,9.9
30820027,1.0,0.0,1,1,7.9,0.0,7.9,7.9
30821004,1.0,0.0,1,1,8.9,0.0,8.9,8.9
30821015,1.0,0.0,1,1,5.9,0.0,5.9,5.9
30821022,1.0,0.0,1,1,6.9,0.0,6.9,6.9
30821027,1.0,0.0,1,1,5.9,0.0,5.9,5.9
30822046,1.0,0.0,1,1,13.9,0.0,13.9,13.9
30825018,1.0,0.0,1,1,19.8,0.0,19.8,19.8
30903056,1.0,0.0,1,1,39.9,0.0,39.9,39.9
31001020,1.0,0.0,1,1,9.9,0.0,9.9,9.9
31001028,1.0,0.0,1,1,7.9,0.0,7.9,7.9
31001065,1.0,0.0,1,1,4.9,0.0,4.9,4.9
31001078,1.0,0.0,1,1,7.6,0.0,7.6,7.6
31002011,1.0,0.0,1,1,10.9,0.0,10.9,10.9
31003009,1.0,0.0,1,1,28.25,26.75,55.0,55.0
31003012,1.0,0.0,1,1,8.7,0.0,8.7,8.7
31003027,1.0,0.0,1,1,8.9,0.0,8.9,8.9
31004032,5.0,0.0,5,5,6.0,0.0,6.0,6.0
31004033,1.0,0.0,1,1,9.9,0.0,9.9,9.9
31011000,1.0,0.0,1,1,50.9,0.0,50.9,50.9
31014016,1.0,0.0,1,1,5.9,0.0,5.9,5.9
31015006,1.0,0.0,1,1,5.9,0.0,5.9,5.9
31017012,1.0,0.0,1,1,15.0,0.0,15.0,15.0
31017021,1.0,0.0,1,1,14.9,0.0,14.9,14.9
31020003,1.0,0.0,1,1,2.9,0.0,2.9,2.9
31021008,1.0,0.0,1,1,2.9,0.0,2.9,2.9
31021022,1.0,0.0,1,1,4.5,0.0,4.5,4.5
31023008,1.0,0.0,1,1,7.9,0.0,7.9,7.9
31024031,1.0,0.0,1,1,42.6,0.0,42.6,42.6
31024075,1.0,0.0,1,1,42.0,0.0,42.0,42.0
31042000,1.0,0.0,1,1,2.2,0.0,2.2,2.2
31042001,2.0,0.0,2,2,4.4,0.0,4.4,4.4
31042018,1.0,0.0,1,1,2.9,0.0,2.9,2.9
31043005,1.0,0.0,1,1,4.0,0.0,4.0,4.0
31133007,1.0,0.0,1,1,6.5,0.0,6.5,6.5
32030024,1.0,0.0,1,1,48.0,0.0,48.0,48.0
32030035,2.0,0.0,2,2,69.2,0.0,69.2,69.2
32043008,1.0,0.0,1,1,29.0,0.0,29.0,29.0
32110007,1.5,0.5,2,2,5.99,2.0,7.98,7.98
32214004,1.0,0.0,1,1,58.0,0.0,58.0,58.0
32301005,1.0,0.0,1,1,55.0,0.0,55.0,55.0
32315012,1.0,0.0,1,1,39.9,0.0,39.9,39.9
32322041,1.0,0.0,1,1,94.0,0.0,94.0,94.0
32323014,1.0,0.0,1,1,29.0,0.0,29.0,29.0
32324069,1.0,0.0,1,1,37.0,0.0,37.0,37.0
32325273,1.0,0.0,1,1,62.0,0.0,62.0,62.0
32325274,1.0,0.0,1,1,49.9,0.0,49.9,49.9
32403027,1.0,0.0,1,1,2.0,0.0,2.0,2.0
32403030,1.0,0.0,1,1,7.0,0.0,7.0,7.0
32403042,1.0,0.0,1,1,12.0,0.0,12.0,12.0
32416009,1.0,0.0,1,1,14.97,4.58,23.8,13.8
32823014,1.0,0.0,1,1,6.0,0.0,6.0,6.0
33004020,1.0,0.0,1,1,299.0,0.0,299.0,299.0
33006017,1.0,0.0,1,1,338.0,0.0,338.0,338.0
33016056,1.0,0.0,1,1,159.0,0.0,159.0,159.0
33016121,1.0,0.0,1,1,199.0,0.0,199.0,199.0
33026012,1.0,0.0,1,1,29.0,0.0,29.0,29.0
33026015,2.0,0.0,2,2,0.0,0.0,0.0,0.0
33026016,1.0,0.0,1,1,28.0,0.0,28.0,28.0
33060008,1.0,0.0,1,1,5.9,0.0,5.9,5.9
33060009,1.0,0.0,1,1,9.9,0.0,9.9,9.9
33060010,1.0,0.0,1,1,13.9,0.0,13.9,13.9
33060017,1.0,0.0,1,1,12.5,0.0,12.5,12.5
33060018,1.0,0.0,1,1,12.5,0.0,12.5,12.5
33060024,1.0,0.0,1,1,11.7,0.0,11.7,11.7
33060052,1.0,0.0,1,1,15.9,0.0,15.9,15.9
34023002,1.0,0.0,1,1,15.0,0.0,15.0,15.0
34023007,2.0,0.0,2,2,19.8,0.0,19.8,19.8
34030015,1.0,0.0,1,1,19.9,0.0,19.9,19.9
34100010,1.0,0.0,1,1,55.9,0.0,55.9,55.9
34101007,1.0,0.0,1,1,29.9,0.0,29.9,29.9
34101037,1.0,0.0,1,1,79.9,0.0,79.9,79.9
34101060,1.0,0.0,1,1,59.9,0.0,59.9,59.9
34101223,1.0,0.0,1,1,65.9,0.0,65.9,65.9
34104009,1.5,0.5,2,2,59.85,19.95,79.8,79.8
34110031,1.0,0.0,1,1,59.9,0.0,59.9,59.9
34120008,1.0,0.0,1,1,38.9,0.0,38.9,38.9
34121104,1.0,0.0,1,1,28.9,0.0,28.9,28.9
34121133,1.0,0.0,1,1,42.9,0.0,42.9,42.9
34121136,1.0,0.0,1,1,49.9,0.0,49.9,49.9
34150002,1.0,0.0,1,1,37.9,0.0,37.9,37.9
34150006,1.0,0.0,1,1,27.9,0.0,27.9,27.9
34200019,1.0,0.0,1,1,19.9,0.0,19.9,19.9
34204001,1.0,0.0,1,1,12.9,0.0,12.9,12.9
34204002,1.0,0.0,1,1,12.9,0.0,12.9,12.9
34204154,1.0,0.0,1,1,15.9,0.0,15.9,15.9
34212008,1.0,0.0,1,1,12.9,0.0,12.9,12.9
34213024,1.0,0.0,1,1,14.9,0.0,14.9,14.9
34220004,2.0,0.0,2,2,29.8,0.0,29.8,29.8
34220017,1.0,0.0,1,1,14.9,0.0,14.9,14.9
34225006,1.0,0.0,1,1,25.9,0.0,25.9,25.9
34225007,2.0,0.0,2,2,45.8,0.0,45.8,45.8
34225051,2.0,0.0,2,2,69.8,0.0,69.8,69.8
34225082,2.0,0.0,2,2,65.8,0.0,65.8,65.8
34240027,2.0,0.0,2,2,15.8,0.0,15.8,15.8
34240031,1.0,0.0,1,1,7.9,0.0,7.9,7.9
34304010,2.0,0.0,2,2,12.5,2.5,15.0,15.0
34356010,1.0,0.0,1,1,89.0,0.0,89.0,89.0
34363011,2.0,0.0,2,2,59.8,0.0,59.8,59.8
34511057,1.0,0.0,1,1,14.9,0.0,14.9,14.9
34513081,1.0,0.0,1,1,23.9,0.0,23.9,23.9
34514050,1.0,0.0,1,1,88.0,0.0,88.0,88.0
34617015,1.0,0.0,1,1,9.9,0.0,9.9,9.9
34621037,1.0,0.0,1,1,39.0,10.0,49.0,49.0
36010027,1.0,0.0,1,1,18.9,0.0,18.9,18.9
36020006,1.0,0.0,1,1,17.9,0.0,17.9,17.9
36020019,1.0,0.0,1,1,9.9,0.0,9.9,9.9
36020037,1.0,0.0,1,1,24.9,0.0,24.9,24.9
36020038,1.0,0.0,1,1,23.9,0.0,23.9,23.9
36020041,1.0,0.0,1,1,29.9,0.0,29.9,29.9
36025007,2.0,0.0,2,2,29.8,0.0,29.8,29.8
36030033,2.0,0.0,2,2,29.8,0.0,29.8,29.8
36035002,1.0,0.0,1,1,38.9,0.0,38.9,38.9
40000667,1.5,0.5,2,2,391.5,376.5,768.0,768.0
40000675,1.0,0.0,1,1,43.95,19.95,63.9,63.9
40000676,1.0,0.0,1,1,374.0,0.0,374.0,374.0
40000678,1.0,0.0,1,1,60.0,0.0,60.0,60.0
40000694,1.0,0.0,1,1,53.9,29.9,83.8,83.8
