i,i_agg_user_max,i_agg_user_max_median,i_agg_user_max_mean,i_agg_user_max_std
10000000,2,1,1.0,0.82
10000003,1,0,0.33,0.47
10000004,1,1,0.67,0.47
10000005,1,0,0.33,0.47
10000006,6,3,3.33,2.05
10000007,1,1,1.0,0.0
10000009,2,2,1.33,0.94
10000010,1,0,0.33,0.47
10000011,4,4,3.0,1.41
10000012,1,1,1.0,0.0
10000015,4,2,2.33,1.25
10000016,2,0,0.67,0.94
10000017,1,0,0.33,0.47
10000025,1,0,0.33,0.47
10001002,1,0,0.33,0.47
10001003,5,0,1.67,2.36
10001006,2,1,1.33,0.47
10001007,1,1,0.67,0.47
10002000,1,0,0.33,0.47
10002003,1,0,0.33,0.47
10002004,2,1,1.0,0.82
10002005,1,0,0.33,0.47
10002006,1,0,0.33,0.47
10002009,1,1,0.67,0.47
10002015,1,0,0.33,0.47
10002017,1,0,0.33,0.47
10002020,3,0,1.0,1.41
10002025,1,0,0.33,0.47
10002026,1,0,0.33,0.47
10002027,1,1,0.67,0.47
10002030,1,1,0.67,0.47
10002031,1,1,0.67,0.47
10002034,1,0,0.33,0.47
10002040,1,0,0.33,0.47
10002041,3,0,1.0,1.41
10002043,1,0,0.33,0.47
10002044,1,0,0.33,0.47
10008001,1,0,0.33,0.47
10008003,1,0,0.33,0.47
10008007,1,1,0.67,0.47
10008008,1,0,0.33,0.47
10008009,1,0,0.33,0.47
10008011,2,0,0.67,0.94
10008012,2,0,0.67,0.94
10008013,2,0,0.67,0.94
10100005,1,0,0.33,0.47
10101000,1,0,0.33,0.47
10102002,3,0,1.0,1.41
10103003,2,0,0.67,0.94
10109002,1,0,0.33,0.47
10109004,3,0,1.0,1.41
10109009,2,0,0.67,0.94
10109016,1,0,0.33,0.47
10109021,2,0,0.67,0.94
10109026,1,0,0.33,0.47
10109027,1,0,0.33,0.47
10110000,1,1,1.0,0.0
10110010,1,0,0.33,0.47
10110016,4,1,2.0,1.41
10110017,2,1,1.0,0.82
10110018,1,0,0.33,0.47
10110020,1,0,0.33,0.47
10110025,1,0,0.33,0.47
10111000,1,1,0.67,0.47
10112003,2,0,0.67,0.94
10112005,1,0,0.33,0.47
10112007,1,0,0.33,0.47
10112009,1,0,0.33,0.47
10112014,1,0,0.33,0.47
10113000,2,0,0.67,0.94
10113005,1,0,0.33,0.47
10113006,1,0,0.33,0.47
10113007,2,0,0.67,0.94
10113011,3,0,1.0,1.41
10114000,2,2,1.67,0.47
10114004,1,0,0.33,0.47
10114005,2,0,0.67,0.94
10116000,2,1,1.0,0.82
10116015,2,0,0.67,0.94
10116016,1,0,0.33,0.47
10116017,1,0,0.33,0.47
10116021,1,0,0.33,0.47
10116022,2,1,1.0,0.82
10116023,2,0,0.67,0.94
10116025,4,1,1.67,1.7
10116026,2,1,1.0,0.82
10116027,1,1,0.67,0.47
10116028,1,0,0.33,0.47
10116030,1,0,0.33,0.47
10116031,1,1,0.67,0.47
10116032,2,2,1.33,0.94
10116034,4,1,1.67,1.7
10116039,3,0,1.0,1.41
10117000,4,0,1.33,1.89
10119010,1,0,0.33,0.47
10119012,2,1,1.33,0.47
10119013,2,1,1.33,0.47
10119019,7,1,2.67,3.09
10119020,4,0,1.33,1.89
10119022,1,0,0.33,0.47
10119024,1,1,0.67,0.47
10119026,1,0,0.33,0.47
10119028,1,1,0.67,0.47
10119033,2,1,1.0,0.82
10119038,1,0,0.33,0.47
10119043,1,0,0.33,0.47
10119044,1,1,0.67,0.47
10119047,1,0,0.33,0.47
10119049,1,0,0.33,0.47
10119051,1,0,0.33,0.47
10119052,1,0,0.33,0.47
10119054,1,0,0.33,0.47
10119055,1,0,0.33,0.47
10119060,1,0,0.33,0.47
10119074,1,1,0.67,0.47
10119078,1,0,0.33,0.47
10119079,1,1,0.67,0.47
10119081,3,1,1.33,1.25
10119082,1,1,0.67,0.47
10119083,1,0,0.33,0.47
10119085,1,1,0.67,0.47
10119086,2,0,0.67,0.94
10119089,1,0,0.33,0.47
10119090,2,0,0.67,0.94
10119100,1,0,0.33,0.47
10119101,3,1,1.67,0.94
10119102,5,2,2.67,1.7
10119126,1,0,0.33,0.47
10130002,2,1,1.33,0.47
10130006,1,0,0.33,0.47
10130007,2,0,0.67,0.94
10130008,1,0,0.33,0.47
10130009,1,0,0.33,0.47
10131002,2,0,0.67,0.94
10131007,2,1,1.0,0.82
10132000,1,0,0.33,0.47
10132001,2,2,1.67,0.47
10132005,1,0,0.33,0.47
10133001,1,0,0.33,0.47
10135000,2,0,0.67,0.94
10135001,1,0,0.33,0.47
10135002,1,1,1.0,0.0
10135008,1,0,0.33,0.47
10136000,2,0,0.67,0.94
10136001,1,1,0.67,0.47
10136004,1,0,0.33,0.47
10136005,1,0,0.33,0.47
10136006,1,0,0.33,0.47
10136008,2,2,1.67,0.47
10137009,2,2,1.67,0.47
10137010,1,0,0.33,0.47
10137011,2,1,1.0,0.82
10137012,2,2,1.33,0.94
10140002,5,4,3.67,1.25
10140003,1,0,0.33,0.47
10140005,1,0,0.33,0.47
10140006,2,0,0.67,0.94
10141000,1,1,0.67,0.47
10141002,1,1,0.67,0.47
10141004,1,0,0.33,0.47
10141005,1,1,1.0,0.0
10141006,3,0,1.0,1.41
10141007,1,1,0.67,0.47
10141012,1,1,0.67,0.47
10141014,1,0,0.33,0.47
10141019,1,1,0.67,0.47
10141020,1,0,0.33,0.47
10141021,2,0,0.67,0.94
10141023,1,1,0.67,0.47
10141025,2,2,1.67,0.47
10141026,2,0,0.67,0.94
10141030,3,3,2.67,0.47
10141038,4,3,2.67,1.25
10141039,3,1,1.67,0.94
10141040,4,1,1.67,1.7
10141041,2,2,1.67,0.47
10141042,5,4,3.33,1.7
10141044,2,2,1.33,0.94
10141045,1,0,0.33,0.47
10141046,3,3,2.0,1.41
10141047,1,0,0.33,0.47
10141048,2,0,0.67,0.94
10141049,1,0,0.33,0.47
10141056,1,0,0.33,0.47
10141063,1,0,0.33,0.47
10141070,1,1,0.67,0.47
10141071,2,2,1.33,0.94
10141072,2,1,1.0,0.82
10141080,2,0,0.67,0.94
10150003,1,0,0.33,0.47
10150004,3,2,2.0,0.82
10150006,5,1,2.0,2.16
10150007,1,0,0.33,0.47
10150009,1,0,0.33,0.47
10150010,1,0,0.33,0.47
10150012,2,0,0.67,0.94
10150015,2,0,0.67,0.94
10150016,4,2,2.33,1.25
10150017,1,0,0.33,0.47
10150018,1,0,0.33,0.47
10150019,2,1,1.0,0.82
10150020,1,1,0.67,0.47
10150021,1,1,0.67,0.47
10150022,2,0,0.67,0.94
10150023,2,0,0.67,0.94
10150024,1,0,0.33,0.47
10150025,1,0,0.33,0.47
10150026,1,0,0.33,0.47
10150035,1,0,0.33,0.47
10150036,1,0,0.33,0.47
10150037,1,0,0.33,0.47
10150038,1,0,0.33,0.47
10150040,1,0,0.33,0.47
10150041,1,0,0.33,0.47
10150046,1,1,0.67,0.47
10150047,1,0,0.33,0.47
10151001,1,1,0.67,0.47
10151002,7,2,3.33,2.62
10152002,1,0,0.33,0.47
10152007,1,0,0.33,0.47
10152011,2,0,0.67,0.94
10152012,1,0,0.33,0.47
10152013,5,0,1.67,2.36
10152021,1,0,0.33,0.47
10152024,1,0,0.33,0.47
10153004,1,0,0.33,0.47
10200003,1,0,0.33,0.47
10200004,1,0,0.33,0.47
10200006,1,0,0.33,0.47
10200011,1,0,0.33,0.47
10200012,1,0,0.33,0.47
10200019,1,0,0.33,0.47
10200021,2,0,0.67,0.94
10200025,1,0,0.33,0.47
10200034,1,0,0.33,0.47
10200035,1,0,0.33,0.47
10200036,2,0,0.67,0.94
10200038,1,0,0.33,0.47
10200040,1,0,0.33,0.47
10200042,1,0,0.33,0.47
10201000,2,0,0.67,0.94
10201001,1,0,0.33,0.47
10201004,1,0,0.33,0.47
10201006,1,0,0.33,0.47
10201007,2,1,1.33,0.47
10201010,1,0,0.33,0.47
10201014,2,1,1.0,0.82
10201015,1,1,0.67,0.47
10201016,3,2,2.0,0.82
10201021,1,0,0.33,0.47
10201022,1,0,0.33,0.47
10201023,1,0,0.33,0.47
10201029,1,0,0.33,0.47
10201030,2,2,1.67,0.47
10202001,1,0,0.33,0.47
10300011,1,0,0.33,0.47
10300019,2,0,0.67,0.94
10300021,1,0,0.33,0.47
10300026,1,0,0.33,0.47
10300030,1,0,0.33,0.47
10300037,2,0,0.67,0.94
10300042,1,1,0.67,0.47
10300043,1,0,0.33,0.47
10300044,1,0,0.33,0.47
10300052,1,0,0.33,0.47
10300070,1,0,0.33,0.47
10309001,2,2,1.33,0.94
10310001,1,0,0.33,0.47
10310021,1,0,0.33,0.47
10312012,1,0,0.33,0.47
10319004,1,0,0.33,0.47
10400226,1,0,0.33,0.47
10401008,1,0,0.33,0.47
10401025,2,0,0.67,0.94
10401036,1,0,0.33,0.47
10401038,1,0,0.33,0.47
10401051,3,0,1.0,1.41
10401060,1,0,0.33,0.47
10401072,1,0,0.33,0.47
10410004,1,0,0.33,0.47
10410006,1,0,0.33,0.47
10411002,1,0,0.33,0.47
10420015,1,0,0.33,0.47
10420016,1,1,0.67,0.47
10420017,1,0,0.33,0.47
10421006,1,0,0.33,0.47
10421012,1,0,0.33,0.47
10421016,1,0,0.33,0.47
10421024,1,0,0.33,0.47
10422008,1,0,0.33,0.47
10422010,1,0,0.33,0.47
10422011,1,0,0.33,0.47
10422012,2,0,0.67,0.94
10435002,1,0,0.33,0.47
10435004,2,0,0.67,0.94
10435007,1,0,0.33,0.47
10435024,1,0,0.33,0.47
10435031,1,1,0.67,0.47
10435034,1,0,0.33,0.47
10435036,2,0,0.67,0.94
10435037,1,0,0.33,0.47
10435040,2,0,0.67,0.94
10439017,1,0,0.33,0.47
10439019,1,0,0.33,0.47
10440002,1,0,0.33,0.47
10440005,1,0,0.33,0.47
10440006,1,0,0.33,0.47
10440036,1,0,0.33,0.47
10440048,1,0,0.33,0.47
10441009,1,0,0.33,0.47
10441013,1,0,0.33,0.47
10441014,1,0,0.33,0.47
10441016,1,0,0.33,0.47
10443004,1,0,0.33,0.47
10450004,1,0,0.33,0.47
10454002,1,0,0.33,0.47
10454005,1,0,0.33,0.47
10454006,1,0,0.33,0.47
10501053,1,0,0.33,0.47
10501054,2,0,0.67,0.94
10501076,1,0,0.33,0.47
10501079,1,1,0.67,0.47
10501088,1,0,0.33,0.47
10501092,1,0,0.33,0.47
10501093,1,1,0.67,0.47
10502004,1,0,0.33,0.47
10502041,1,0,0.33,0.47
10502042,1,0,0.33,0.47
10502045,1,0,0.33,0.47
10502047,1,0,0.33,0.47
10502059,1,0,0.33,0.47
10603002,1,0,0.33,0.47
11000007,1,0,0.33,0.47
11002005,1,0,0.33,0.47
11003018,1,0,0.33,0.47
11004003,1,1,0.67,0.47
11004019,1,0,0.33,0.47
11005009,1,0,0.33,0.47
11005012,1,0,0.33,0.47
11005015,1,0,0.33,0.47
11008004,1,1,0.67,0.47
11010002,1,0,0.33,0.47
11011001,1,0,0.33,0.47
11011002,1,0,0.33,0.47
11011004,1,0,0.33,0.47
11011015,1,1,0.67,0.47
11011027,1,0,0.33,0.47
11011028,2,0,0.67,0.94
11011030,1,1,0.67,0.47
11011031,1,0,0.33,0.47
11011034,1,1,0.67,0.47
11011035,1,0,0.33,0.47
11011036,1,0,0.33,0.47
11011037,1,0,0.33,0.47
11020004,1,0,0.33,0.47
11020005,1,0,0.33,0.47
11020018,1,0,0.33,0.47
11020021,1,0,0.33,0.47
11022005,1,0,0.33,0.47
11022006,1,0,0.33,0.47
11022016,1,0,0.33,0.47
11022022,2,0,0.67,0.94
11022030,1,1,1.0,0.0
11022037,1,0,0.33,0.47
11022040,1,0,0.33,0.47
11022041,1,0,0.33,0.47
11022065,2,0,0.67,0.94
11022075,1,0,0.33,0.47
11022082,1,0,0.33,0.47
11023002,1,0,0.33,0.47
11030003,1,0,0.33,0.47
11030004,1,0,0.33,0.47
11034002,1,0,0.33,0.47
11044009,1,0,0.33,0.47
11046012,1,0,0.33,0.47
11052002,1,0,0.33,0.47
11052006,1,0,0.33,0.47
11052010,1,0,0.33,0.47
11052012,1,1,0.67,0.47
11052013,1,0,0.33,0.47
11052015,1,0,0.33,0.47
11054001,1,0,0.33,0.47
11054017,1,0,0.33,0.47
11054030,1,0,0.33,0.47
11054033,2,2,1.33,0.94
11054036,1,0,0.33,0.47
11054040,1,0,0.33,0.47
11054044,1,0,0.33,0.47
11054048,1,0,0.33,0.47
11054072,1,0,0.33,0.47
11055005,1,0,0.33,0.47
11055007,1,0,0.33,0.47
11055009,1,0,0.33,0.47
11055011,1,0,0.33,0.47
11056005,1,0,0.33,0.47
11056012,2,0,0.67,0.94
11056017,2,0,0.67,0.94
11056025,1,0,0.33,0.47
11056035,1,0,0.33,0.47
11056046,1,0,0.33,0.47
11056048,1,0,0.33,0.47
11056050,1,0,0.33,0.47
11056054,1,0,0.33,0.47
11056064,1,0,0.33,0.47
11056085,10,3,4.33,4.19
11057000,1,0,0.33,0.47
11057029,1,0,0.33,0.47
11057040,4,4,2.67,1.89
11057049,3,1,1.33,1.25
11057050,1,0,0.33,0.47
11057120,1,0,0.33,0.47
11057222,1,0,0.33,0.47
11058004,1,0,0.33,0.47
11058005,1,0,0.33,0.47
11100045,1,0,0.33,0.47
11101013,1,0,0.33,0.47
11101021,1,0,0.33,0.47
11101024,1,0,0.33,0.47
11102100,1,0,0.33,0.47
11104013,1,0,0.33,0.47
11104026,1,0,0.33,0.47
11104027,1,1,0.67,0.47
11104037,1,0,0.33,0.47
11110004,5,4,4.0,0.82
11110046,2,0,0.67,0.94
11110047,1,1,0.67,0.47
11110050,2,1,1.33,0.47
11110052,2,1,1.0,0.82
11110121,1,0,0.33,0.47
11110154,1,0,0.33,0.47
11110157,2,0,0.67,0.94
11111000,1,0,0.33,0.47
11111001,2,1,1.0,0.82
11111015,1,0,0.33,0.47
11112019,2,1,1.0,0.82
11112048,1,0,0.33,0.47
11114007,1,0,0.33,0.47
11114018,1,0,0.33,0.47
11114043,1,0,0.33,0.47
11114052,1,0,0.33,0.47
11114053,1,0,0.33,0.47
11115083,1,0,0.33,0.47
11115178,1,0,0.33,0.47
11120017,1,0,0.33,0.47
11121030,1,0,0.33,0.47
11121078,1,0,0.33,0.47
11141002,3,2,2.0,0.82
11200051,1,0,0.33,0.47
11200057,1,0,0.33,0.47
11200065,1,0,0.33,0.47
11200067,1,0,0.33,0.47
11201005,1,0,0.33,0.47
11201027,1,0,0.33,0.47
11201064,1,0,0.33,0.47
11204001,1,0,0.33,0.47
11205004,1,0,0.33,0.47
11205013,1,0,0.33,0.47
11210049,1,0,0.33,0.47
11210076,1,0,0.33,0.47
11220003,1,1,0.67,0.47
11220014,1,0,0.33,0.47
11220016,2,0,0.67,0.94
11220024,2,0,0.67,0.94
11220032,1,0,0.33,0.47
11220039,1,0,0.33,0.47
11220040,1,1,0.67,0.47
11220041,2,1,1.0,0.82
11220054,1,0,0.33,0.47
11220057,1,1,0.67,0.47
11221017,1,0,0.33,0.47
11221030,1,0,0.33,0.47
11221039,2,0,0.67,0.94
11221041,1,0,0.33,0.47
11221044,1,0,0.33,0.47
11221047,1,0,0.33,0.47
11221051,1,0,0.33,0.47
11221055,1,0,0.33,0.47
11221059,1,0,0.33,0.47
11221061,1,0,0.33,0.47
11222017,1,0,0.33,0.47
11222027,1,0,0.33,0.47
11222028,1,0,0.33,0.47
11222045,1,1,0.67,0.47
11230027,1,0,0.33,0.47
11230031,1,0,0.33,0.47
11230052,1,1,0.67,0.47
11230058,1,0,0.33,0.47
11230063,1,0,0.33,0.47
11230070,1,1,0.67,0.47
11230110,1,0,0.33,0.47
11230118,1,1,0.67,0.47
11230132,1,0,0.33,0.47
11230136,1,0,0.33,0.47
11230157,1,0,0.33,0.47
11230174,1,0,0.33,0.47
11230201,1,1,0.67,0.47
11230215,1,0,0.33,0.47
11230248,1,0,0.33,0.47
11230251,1,0,0.33,0.47
11231075,1,0,0.33,0.47
11231094,1,0,0.33,0.47
11231114,1,0,0.33,0.47
11231115,1,0,0.33,0.47
11231124,1,0,0.33,0.47
11231150,1,1,0.67,0.47
11231152,1,0,0.33,0.47
11231196,1,0,0.33,0.47
11232012,1,0,0.33,0.47
11233005,1,0,0.33,0.47
11233039,1,0,0.33,0.47
11233041,1,0,0.33,0.47
11233047,1,0,0.33,0.47
11233081,1,0,0.33,0.47
11233087,1,0,0.33,0.47
11233093,1,0,0.33,0.47
11233104,1,0,0.33,0.47
11233132,1,0,0.33,0.47
11234015,1,0,0.33,0.47
11240006,2,0,0.67,0.94
11240007,1,1,0.67,0.47
11240017,2,0,0.67,0.94
11240023,1,0,0.33,0.47
11241015,1,0,0.33,0.47
11241024,1,0,0.33,0.47
11241028,2,0,0.67,0.94
11241042,1,0,0.33,0.47
11241054,1,0,0.33,0.47
11300020,1,0,0.33,0.47
11300045,1,0,0.33,0.47
11300051,1,0,0.33,0.47
11300054,1,1,0.67,0.47
11300060,2,1,1.0,0.82
11300066,1,0,0.33,0.47
11300067,1,0,0.33,0.47
11300068,1,0,0.33,0.47
11300080,1,0,0.33,0.47
11300085,1,0,0.33,0.47
11300092,1,0,0.33,0.47
11300099,1,0,0.33,0.47
11300119,2,1,1.0,0.82
11300121,1,0,0.33,0.47
11300130,1,0,0.33,0.47
11300140,1,0,0.33,0.47
11300155,1,0,0.33,0.47
11300157,1,1,0.67,0.47
11300165,1,0,0.33,0.47
11300168,1,0,0.33,0.47
11300172,1,0,0.33,0.47
11300173,1,0,0.33,0.47
11300179,1,0,0.33,0.47
11300180,1,1,0.67,0.47
11300191,2,1,1.0,0.82
11300196,1,0,0.33,0.47
11300206,6,2,2.67,2.49
11301003,1,0,0.33,0.47
11301004,1,1,0.67,0.47
11301015,1,0,0.33,0.47
11301030,1,0,0.33,0.47
11301048,1,0,0.33,0.47
11301056,1,0,0.33,0.47
11301061,1,0,0.33,0.47
11301076,1,0,0.33,0.47
11301086,1,0,0.33,0.47
11301089,2,1,1.0,0.82
11301093,1,0,0.33,0.47
11301094,1,0,0.33,0.47
11301096,1,0,0.33,0.47
11301110,1,0,0.33,0.47
11301187,1,0,0.33,0.47
11302007,1,1,1.0,0.0
11302010,1,0,0.33,0.47
11302017,1,0,0.33,0.47
11302021,1,0,0.33,0.47
11302034,1,0,0.33,0.47
11303013,1,0,0.33,0.47
11303034,1,0,0.33,0.47
11303037,1,0,0.33,0.47
11303048,1,0,0.33,0.47
11303049,1,1,0.67,0.47
11303050,1,0,0.33,0.47
11303051,1,1,0.67,0.47
11303054,1,0,0.33,0.47
11303060,1,0,0.33,0.47
11303070,1,0,0.33,0.47
11303075,1,0,0.33,0.47
11303078,1,0,0.33,0.47
11303081,1,1,0.67,0.47
11303084,1,1,0.67,0.47
11303089,1,1,0.67,0.47
11303095,1,0,0.33,0.47
11303097,2,1,1.0,0.82
11303098,1,0,0.33,0.47
11303099,1,0,0.33,0.47
11303101,1,0,0.33,0.47
11303105,1,1,0.67,0.47
11303109,1,0,0.33,0.47
11303111,1,0,0.33,0.47
11303112,1,0,0.33,0.47
11303131,1,1,0.67,0.47
11303132,1,0,0.33,0.47
11303133,1,0,0.33,0.47
11303134,1,0,0.33,0.47
11303161,1,0,0.33,0.47
11303165,1,1,0.67,0.47
11303178,1,1,0.67,0.47
11303183,1,0,0.33,0.47
11303187,1,1,0.67,0.47
11303190,1,0,0.33,0.47
11303205,1,0,0.33,0.47
11304005,2,0,0.67,0.94
11304006,1,0,0.33,0.47
11304008,1,0,0.33,0.47
11304020,1,0,0.33,0.47
11304021,1,0,0.33,0.47
11304032,1,0,0.33,0.47
11304041,1,0,0.33,0.47
11304052,1,0,0.33,0.47
11305000,1,0,0.33,0.47
11305009,1,0,0.33,0.47
11305010,1,0,0.33,0.47
11311002,1,0,0.33,0.47
11312009,1,0,0.33,0.47
11400015,1,0,0.33,0.47
11400019,1,0,0.33,0.47
11400023,1,0,0.33,0.47
11400038,1,0,0.33,0.47
11400039,1,0,0.33,0.47
11400044,1,0,0.33,0.47
11400046,1,0,0.33,0.47
11400051,1,0,0.33,0.47
11413008,1,0,0.33,0.47
11500027,2,0,0.67,0.94
11500028,1,0,0.33,0.47
11500029,1,0,0.33,0.47
11500042,1,0,0.33,0.47
11500066,2,0,0.67,0.94
11500067,1,0,0.33,0.47
11500072,1,0,0.33,0.47
11500074,1,0,0.33,0.47
11500076,1,0,0.33,0.47
11500080,2,0,0.67,0.94
11500087,1,1,0.67,0.47
11500091,1,0,0.33,0.47
11500092,1,0,0.33,0.47
11500094,2,0,0.67,0.94
11500095,1,0,0.33,0.47
11500102,1,0,0.33,0.47
11500112,1,1,0.67,0.47
11500118,1,0,0.33,0.47
11500121,1,0,0.33,0.47
11500128,1,0,0.33,0.47
11500131,1,0,0.33,0.47
11500133,1,0,0.33,0.47
11500134,1,0,0.33,0.47
11500137,1,1,1.0,0.0
11500138,1,0,0.33,0.47
11500140,1,0,0.33,0.47
11501009,1,0,0.33,0.47
11501020,2,1,1.0,0.82
11501026,1,0,0.33,0.47
11501028,1,0,0.33,0.47
11501031,1,0,0.33,0.47
11501032,1,0,0.33,0.47
11501048,1,1,0.67,0.47
11501053,1,0,0.33,0.47
11501058,1,0,0.33,0.47
11501061,1,0,0.33,0.47
11501064,1,0,0.33,0.47
11501069,1,0,0.33,0.47
11501070,1,1,0.67,0.47
11501077,1,0,0.33,0.47
11501090,1,0,0.33,0.47
11501091,2,0,0.67,0.94
11501092,1,0,0.33,0.47
11501099,1,0,0.33,0.47
11501105,1,0,0.33,0.47
11501113,1,0,0.33,0.47
11501118,1,0,0.33,0.47
11501122,1,0,0.33,0.47
11502005,1,0,0.33,0.47
11502010,1,0,0.33,0.47
11502014,1,1,0.67,0.47
11502019,1,0,0.33,0.47
11502022,2,0,0.67,0.94
11502024,1,0,0.33,0.47
11502025,1,1,0.67,0.47
11502035,1,1,0.67,0.47
11502038,1,0,0.33,0.47
11502049,1,0,0.33,0.47
11504011,2,1,1.0,0.82
11504022,1,0,0.33,0.47
11504025,1,0,0.33,0.47
11504034,2,0,0.67,0.94
11507002,1,0,0.33,0.47
11507004,1,0,0.33,0.47
11508001,1,0,0.33,0.47
11508002,1,1,0.67,0.47
11511004,1,0,0.33,0.47
11511051,1,1,0.67,0.47
11511086,1,0,0.33,0.47
11511091,1,0,0.33,0.47
11513008,1,0,0.33,0.47
11521003,1,0,0.33,0.47
11521011,2,0,0.67,0.94
11521015,1,0,0.33,0.47
11521017,1,0,0.33,0.47
11521029,2,0,0.67,0.94
11521030,1,0,0.33,0.47
11521035,2,0,0.67,0.94
11521061,1,0,0.33,0.47
11521063,1,1,0.67,0.47
11522002,1,0,0.33,0.47
11522006,1,1,0.67,0.47
11522008,1,0,0.33,0.47
11522021,1,0,0.33,0.47
11522023,1,0,0.33,0.47
11522024,1,0,0.33,0.47
11530005,1,0,0.33,0.47
11530008,1,0,0.33,0.47
11531005,1,0,0.33,0.47
11531010,2,0,0.67,0.94
11531011,2,1,1.0,0.82
11531017,1,0,0.33,0.47
11531020,1,0,0.33,0.47
11531021,1,0,0.33,0.47
11531023,1,0,0.33,0.47
11531026,1,0,0.33,0.47
11531031,2,0,0.67,0.94
11531038,2,2,1.33,0.94
11531047,2,1,1.0,0.82
11531071,1,0,0.33,0.47
11532008,1,1,0.67,0.47
11532011,1,1,0.67,0.47
11532012,3,0,1.0,1.41
11532019,2,2,1.33,0.94
11532022,1,1,0.67,0.47
11532029,1,0,0.33,0.47
11532036,1,0,0.33,0.47
11532037,1,0,0.33,0.47
11532038,1,1,0.67,0.47
11532039,2,0,0.67,0.94
11533011,1,1,0.67,0.47
11533012,1,1,0.67,0.47
11533016,1,1,0.67,0.47
11533021,2,2,1.33,0.94
11533024,1,0,0.33,0.47
11533028,2,0,0.67,0.94
11533029,1,0,0.33,0.47
11533057,2,0,0.67,0.94
11540000,1,0,0.33,0.47
14000001,3,1,1.67,0.94
14000002,2,1,1.0,0.82
14000003,1,0,0.33,0.47
14000004,1,1,0.67,0.47
14000006,1,0,0.33,0.47
14000009,1,0,0.33,0.47
14000010,1,0,0.33,0.47
14000016,1,0,0.33,0.47
14001022,1,0,0.33,0.47
14001024,1,0,0.33,0.47
14001026,1,0,0.33,0.47
14002006,1,1,0.67,0.47
14002007,1,0,0.33,0.47
14010003,1,0,0.33,0.47
14010006,1,1,1.0,0.0
14010011,3,3,3.0,0.0
14010012,2,1,1.33,0.47
14010015,2,1,1.0,0.82
14010020,4,2,2.0,1.63
14010021,3,0,1.0,1.41
14011001,1,0,0.33,0.47
14011007,1,0,0.33,0.47
14012004,2,0,0.67,0.94
14013009,1,1,0.67,0.47
14013011,7,1,2.67,3.09
14013024,1,1,1.0,0.0
14013026,1,0,0.33,0.47
14013028,1,1,0.67,0.47
14014000,1,0,0.33,0.47
14014012,1,0,0.33,0.47
14014029,1,0,0.33,0.47
14014030,1,0,0.33,0.47
14014034,1,0,0.33,0.47
14015003,1,0,0.33,0.47
14015048,2,1,1.33,0.47
14015049,1,0,0.33,0.47
14015055,1,0,0.33,0.47
14015065,1,1,0.67,0.47
14020002,1,0,0.33,0.47
14020003,1,1,1.0,0.0
14020011,1,1,1.0,0.0
14020012,1,0,0.33,0.47
14020014,1,0,0.33,0.47
14020015,1,1,0.67,0.47
14020027,1,0,0.33,0.47
14021002,1,0,0.33,0.47
14021006,2,0,0.67,0.94
14021008,1,0,0.33,0.47
14021014,1,0,0.33,0.47
14021037,1,1,0.67,0.47
14021046,1,0,0.33,0.47
14022002,1,1,0.67,0.47
14022004,1,1,0.67,0.47
14022006,1,0,0.33,0.47
14022010,1,0,0.33,0.47
14031000,1,0,0.33,0.47
14031004,1,0,0.33,0.47
14031006,1,0,0.33,0.47
14032002,1,0,0.33,0.47
14032011,1,0,0.33,0.47
14032018,2,1,1.33,0.47
14032021,1,1,0.67,0.47
14033006,1,0,0.33,0.47
14033043,1,0,0.33,0.47
14033044,1,0,0.33,0.47
14033046,1,0,0.33,0.47
14033048,1,1,0.67,0.47
14033054,1,0,0.33,0.47
14033055,1,1,0.67,0.47
14033057,1,0,0.33,0.47
14034002,1,0,0.33,0.47
14034005,1,0,0.33,0.47
14034007,1,1,0.67,0.47
14034009,1,0,0.33,0.47
14034015,1,0,0.33,0.47
14034017,2,1,1.0,0.82
14034019,1,0,0.33,0.47
14040009,1,0,0.33,0.47
14040020,1,0,0.33,0.47
14041002,1,0,0.33,0.47
14043002,1,0,0.33,0.47
14043003,1,0,0.33,0.47
14043006,1,0,0.33,0.47
14043012,1,0,0.33,0.47
14043013,1,0,0.33,0.47
14043014,1,0,0.33,0.47
14043021,1,0,0.33,0.47
14043031,1,1,0.67,0.47
14043036,1,0,0.33,0.47
14050001,1,0,0.33,0.47
14050013,2,0,0.67,0.94
14050014,1,0,0.33,0.47
14050015,2,1,1.33,0.47
14050019,1,0,0.33,0.47
14050020,1,0,0.33,0.47
14050022,2,0,0.67,0.94
14050026,1,1,0.67,0.47
14050027,1,0,0.33,0.47
14050034,2,0,0.67,0.94
14050035,1,0,0.33,0.47
14050036,1,0,0.33,0.47
14050037,1,1,0.67,0.47
14051003,1,0,0.33,0.47
14051004,1,0,0.33,0.47
14052000,1,0,0.33,0.47
14052001,1,0,0.33,0.47
14052002,2,0,0.67,0.94
14052003,2,0,0.67,0.94
14052005,1,0,0.33,0.47
14052006,1,1,0.67,0.47
14052010,1,0,0.33,0.47
14052011,1,0,0.33,0.47
14052012,1,0,0.33,0.47
14052024,1,1,0.67,0.47
14052025,1,0,0.33,0.47
14052026,1,1,0.67,0.47
14052027,1,1,0.67,0.47
14052028,1,0,0.33,0.47
14052029,2,2,1.67,0.47
14052031,1,0,0.33,0.47
14052032,1,0,0.33,0.47
14054001,1,1,0.67,0.47
14054002,2,1,1.0,0.82
14054008,1,0,0.33,0.47
14054012,1,0,0.33,0.47
14054013,2,2,1.67,0.47
14054014,2,1,1.33,0.47
14054015,1,0,0.33,0.47
14054033,1,0,0.33,0.47
14054045,1,0,0.33,0.47
14054055,1,0,0.33,0.47
14054060,1,0,0.33,0.47
14054062,1,0,0.33,0.47
14054063,1,0,0.33,0.47
14054065,1,0,0.33,0.47
14060002,1,1,0.67,0.47
14060003,1,0,0.33,0.47
14060005,1,0,0.33,0.47
14060006,1,1,0.67,0.47
14060007,1,0,0.33,0.47
14060008,2,1,1.33,0.47
14060010,2,0,0.67,0.94
14061000,1,0,0.33,0.47
14061002,1,1,0.67,0.47
14061006,1,1,0.67,0.47
14064003,1,1,0.67,0.47
14064004,1,0,0.33,0.47
14064005,1,0,0.33,0.47
14064007,2,0,0.67,0.94
14064008,1,0,0.33,0.47
14064009,1,0,0.33,0.47
14070001,1,0,0.33,0.47
14070004,1,0,0.33,0.47
14070016,1,1,0.67,0.47
14070017,1,0,0.33,0.47
14070032,1,0,0.33,0.47
14072000,1,1,0.67,0.47
14072001,1,1,0.67,0.47
14072002,2,1,1.0,0.82
14072005,2,0,0.67,0.94
14072007,1,0,0.33,0.47
14073002,1,0,0.33,0.47
14073007,4,1,2.0,1.41
14073020,2,0,0.67,0.94
14073026,1,0,0.33,0.47
14074009,1,0,0.33,0.47
14075021,2,1,1.0,0.82
14075022,2,0,0.67,0.94
14075023,1,0,0.33,0.47
14076002,1,0,0.33,0.47
14076009,2,1,1.0,0.82
14076010,1,0,0.33,0.47
14076012,2,1,1.33,0.47
14076017,3,2,1.67,1.25
14076019,3,3,2.0,1.41
14076027,1,0,0.33,0.47
14076030,1,0,0.33,0.47
14076032,1,1,0.67,0.47
14077001,1,0,0.33,0.47
14077002,1,0,0.33,0.47
14077004,1,0,0.33,0.47
14077010,1,0,0.33,0.47
14077012,1,0,0.33,0.47
14077015,1,0,0.33,0.47
14077026,1,0,0.33,0.47
14077029,1,0,0.33,0.47
14078005,1,0,0.33,0.47
14079024,1,0,0.33,0.47
14079025,1,0,0.33,0.47
14079029,1,0,0.33,0.47
14080003,1,0,0.33,0.47
14080005,1,0,0.33,0.47
14080016,1,0,0.33,0.47
14080018,1,0,0.33,0.47
14080019,2,0,0.67,0.94
14080020,2,1,1.33,0.47
14080021,1,1,0.67,0.47
14080022,3,1,1.33,1.25
14080027,1,0,0.33,0.47
14080031,1,0,0.33,0.47
14081004,1,0,0.33,0.47
14081007,1,0,0.33,0.47
14081017,1,0,0.33,0.47
14081020,1,0,0.33,0.47
14081021,1,0,0.33,0.47
14082000,1,0,0.33,0.47
14082003,1,0,0.33,0.47
14082005,1,0,0.33,0.47
14082008,3,1,1.33,1.25
14082009,4,1,1.67,1.7
14082010,1,0,0.33,0.47
14082011,1,1,0.67,0.47
14082017,3,2,1.67,1.25
14082018,4,1,1.67,1.7
14082022,1,1,0.67,0.47
14082023,3,1,1.33,1.25
14082025,1,0,0.33,0.47
14082026,1,0,0.33,0.47
14082027,1,1,0.67,0.47
14082028,1,0,0.33,0.47
14082038,1,0,0.33,0.47
14083000,1,0,0.33,0.47
14083002,3,2,2.0,0.82
14083003,2,2,1.67,0.47
14083004,1,1,0.67,0.47
14084003,2,1,1.33,0.47
14090000,1,0,0.33,0.47
14090004,1,0,0.33,0.47
14090005,3,1,1.33,1.25
14090006,2,1,1.0,0.82
14090007,2,0,0.67,0.94
14090008,2,1,1.0,0.82
14090009,1,0,0.33,0.47
14090012,2,1,1.0,0.82
14090013,1,0,0.33,0.47
14090017,1,0,0.33,0.47
14090021,1,1,0.67,0.47
14090022,1,0,0.33,0.47
14090031,1,1,0.67,0.47
14090032,2,0,0.67,0.94
14090033,1,1,0.67,0.47
14090034,1,0,0.33,0.47
14090040,1,0,0.33,0.47
14091000,3,1,1.33,1.25
14091004,1,1,0.67,0.47
14091005,2,1,1.0,0.82
14091006,2,1,1.0,0.82
14091007,4,1,1.67,1.7
14091008,2,0,0.67,0.94
14091009,1,0,0.33,0.47
14091010,1,0,0.33,0.47
14091011,1,1,0.67,0.47
14091012,1,1,1.0,0.0
14091021,3,0,1.0,1.41
14091022,4,0,1.33,1.89
14091023,2,1,1.0,0.82
14091024,1,0,0.33,0.47
14091028,1,1,0.67,0.47
14091029,1,0,0.33,0.47
14091031,1,0,0.33,0.47
14091032,2,0,0.67,0.94
14091034,2,0,0.67,0.94
14091041,1,0,0.33,0.47
14091042,1,1,0.67,0.47
14091043,1,0,0.33,0.47
14091044,1,0,0.33,0.47
14091046,1,1,0.67,0.47
14091047,2,0,0.67,0.94
14091048,1,1,0.67,0.47
14091050,1,0,0.33,0.47
14091054,1,0,0.33,0.47
14091061,1,0,0.33,0.47
14091069,2,1,1.0,0.82
14092009,1,0,0.33,0.47
14092010,3,0,1.0,1.41
14092011,2,0,0.67,0.94
14092013,1,1,0.67,0.47
14092014,2,2,1.33,0.94
14092015,1,0,0.33,0.47
14092016,2,1,1.0,0.82
14092017,1,1,0.67,0.47
14092022,1,0,0.33,0.47
14092023,2,1,1.0,0.82
14092024,1,0,0.33,0.47
14092027,1,0,0.33,0.47
14092034,1,0,0.33,0.47
14092038,1,0,0.33,0.47
14092045,1,0,0.33,0.47
14092046,1,1,0.67,0.47
14092047,1,0,0.33,0.47
14092048,1,0,0.33,0.47
14092056,2,0,0.67,0.94
14092057,1,0,0.33,0.47
14092058,1,0,0.33,0.47
14092059,1,0,0.33,0.47
14092063,1,1,0.67,0.47
14092064,1,0,0.33,0.47
14092066,1,0,0.33,0.47
14092067,2,2,1.67,0.47
14092068,1,1,0.67,0.47
14092069,1,0,0.33,0.47
14092070,1,0,0.33,0.47
14092071,1,1,0.67,0.47
14092074,1,1,0.67,0.47
14092075,2,1,1.33,0.47
14092077,1,0,0.33,0.47
14092078,1,1,1.0,0.0
14092079,1,0,0.33,0.47
14093001,2,1,1.0,0.82
14093002,3,2,1.67,1.25
14094001,1,0,0.33,0.47
14094003,1,1,0.67,0.47
14100021,1,0,0.33,0.47
14100029,1,0,0.33,0.47
14100056,1,1,0.67,0.47
14100062,1,0,0.33,0.47
14100072,1,1,0.67,0.47
14100078,1,0,0.33,0.47
14100104,1,0,0.33,0.47
14100120,3,0,1.0,1.41
14100137,1,0,0.33,0.47
14101026,1,0,0.33,0.47
14101028,1,0,0.33,0.47
14101031,1,0,0.33,0.47
14101032,1,0,0.33,0.47
14101039,2,0,0.67,0.94
14101045,1,1,0.67,0.47
14101047,1,0,0.33,0.47
14101051,1,0,0.33,0.47
14101074,1,0,0.33,0.47
14101096,1,0,0.33,0.47
14101132,1,0,0.33,0.47
14101163,2,0,0.67,0.94
14103010,1,0,0.33,0.47
14105002,1,0,0.33,0.47
14105012,1,0,0.33,0.47
14105014,1,0,0.33,0.47
14105015,1,0,0.33,0.47
14105020,1,1,0.67,0.47
14105022,1,0,0.33,0.47
14107003,2,0,0.67,0.94
14107005,1,0,0.33,0.47
14107009,2,1,1.33,0.47
14108001,1,0,0.33,0.47
14108006,1,0,0.33,0.47
14110001,1,0,0.33,0.47
14110002,1,0,0.33,0.47
14110003,1,0,0.33,0.47
14110004,1,0,0.33,0.47
14111002,1,0,0.33,0.47
14111003,1,0,0.33,0.47
14111004,2,0,0.67,0.94
14112001,1,0,0.33,0.47
14112008,1,0,0.33,0.47
14112009,4,0,1.33,1.89
14112010,1,1,0.67,0.47
14112011,2,1,1.0,0.82
14112012,1,0,0.33,0.47
14112013,1,0,0.33,0.47
14112014,1,0,0.33,0.47
14113000,1,1,0.67,0.47
14120005,1,0,0.33,0.47
14120006,1,0,0.33,0.47
14120007,1,1,0.67,0.47
14120013,2,0,0.67,0.94
14121010,2,0,0.67,0.94
14121011,1,0,0.33,0.47
14121012,2,1,1.0,0.82
14121013,1,1,0.67,0.47
14121019,1,0,0.33,0.47
14121021,1,1,0.67,0.47
14121037,1,0,0.33,0.47
14121039,1,0,0.33,0.47
14121043,2,1,1.0,0.82
14130011,1,0,0.33,0.47
14130013,1,0,0.33,0.47
14130014,1,0,0.33,0.47
14130015,2,0,0.67,0.94
14130016,1,0,0.33,0.47
14130017,1,0,0.33,0.47
14130019,1,0,0.33,0.47
14130021,1,0,0.33,0.47
14130030,1,0,0.33,0.47
14130037,1,0,0.33,0.47
14130039,1,0,0.33,0.47
14130042,1,0,0.33,0.47
14130045,1,0,0.33,0.47
14130048,1,0,0.33,0.47
14130049,1,0,0.33,0.47
14130050,2,1,1.0,0.82
14130054,3,2,1.67,1.25
14130055,6,1,2.33,2.62
14130056,1,1,0.67,0.47
14130060,1,0,0.33,0.47
14130071,1,0,0.33,0.47
14130085,1,0,0.33,0.47
14131000,1,0,0.33,0.47
14131001,1,0,0.33,0.47
14131005,2,0,0.67,0.94
14131006,1,0,0.33,0.47
14131007,1,0,0.33,0.47
14131008,1,0,0.33,0.47
14131016,2,2,1.67,0.47
14131017,2,1,1.0,0.82
14131018,1,0,0.33,0.47
14131038,1,0,0.33,0.47
14132024,1,0,0.33,0.47
14132065,1,0,0.33,0.47
14132085,1,0,0.33,0.47
14132105,1,1,0.67,0.47
14132106,1,0,0.33,0.47
14132107,1,0,0.33,0.47
14132177,1,0,0.33,0.47
14132179,1,1,1.0,0.0
14132181,2,0,0.67,0.94
14133001,1,0,0.33,0.47
14133003,1,0,0.33,0.47
14133004,1,0,0.33,0.47
14140002,1,0,0.33,0.47
14140006,1,0,0.33,0.47
14140015,1,0,0.33,0.47
14140017,1,0,0.33,0.47
14140022,1,0,0.33,0.47
14140026,1,0,0.33,0.47
14140030,1,0,0.33,0.47
14140032,1,0,0.33,0.47
14140034,1,0,0.33,0.47
14140042,1,0,0.33,0.47
14140048,1,1,0.67,0.47
14140191,1,0,0.33,0.47
14141015,1,0,0.33,0.47
14141029,1,0,0.33,0.47
14141030,1,0,0.33,0.47
14141034,1,0,0.33,0.47
14141035,1,0,0.33,0.47
14142000,1,0,0.33,0.47
14142002,1,0,0.33,0.47
14142004,1,0,0.33,0.47
14142007,1,0,0.33,0.47
14142009,1,0,0.33,0.47
14142038,1,0,0.33,0.47
14142039,3,1,1.33,1.25
14142040,1,1,0.67,0.47
14142041,3,1,1.33,1.25
14145005,1,0,0.33,0.47
14145008,2,0,0.67,0.94
14145011,1,0,0.33,0.47
14200004,1,0,0.33,0.47
14200018,2,0,0.67,0.94
14200020,1,0,0.33,0.47
14200022,1,1,1.0,0.0
14200032,1,1,1.0,0.0
14200033,1,0,0.33,0.47
14200034,1,1,0.67,0.47
14200035,1,1,1.0,0.0
14200036,1,0,0.33,0.47
14200037,2,1,1.0,0.82
14200038,1,0,0.33,0.47
14200040,2,1,1.0,0.82
14200041,1,0,0.33,0.47
14200047,1,0,0.33,0.47
14200051,1,0,0.33,0.47
14200053,1,0,0.33,0.47
14200054,1,0,0.33,0.47
14200059,1,0,0.33,0.47
14200074,1,0,0.33,0.47
14200076,1,0,0.33,0.47
14201000,1,0,0.33,0.47
14201001,1,1,0.67,0.47
14201003,1,0,0.33,0.47
14202011,1,0,0.33,0.47
14202013,1,0,0.33,0.47
14203011,1,0,0.33,0.47
14203012,1,0,0.33,0.47
14203013,1,0,0.33,0.47
14203019,2,0,0.67,0.94
14203020,1,0,0.33,0.47
14203022,1,0,0.33,0.47
14203023,1,0,0.33,0.47
14203024,1,0,0.33,0.47
14203028,1,0,0.33,0.47
14207001,1,0,0.33,0.47
14207003,1,0,0.33,0.47
14207010,1,1,0.67,0.47
14208000,1,0,0.33,0.47
14208002,1,0,0.33,0.47
14208003,1,0,0.33,0.47
14209006,1,0,0.33,0.47
14209012,1,0,0.33,0.47
14209017,1,0,0.33,0.47
14209020,3,0,1.0,1.41
14209021,1,0,0.33,0.47
14211000,1,0,0.33,0.47
14215003,1,0,0.33,0.47
14216006,1,0,0.33,0.47
14220003,1,0,0.33,0.47
14220004,1,0,0.33,0.47
14220015,1,0,0.33,0.47
14222007,1,0,0.33,0.47
14222008,1,0,0.33,0.47
14222009,1,0,0.33,0.47
14222010,1,0,0.33,0.47
14222011,1,0,0.33,0.47
14222014,1,0,0.33,0.47
14222019,1,0,0.33,0.47
14222026,1,0,0.33,0.47
14222027,1,0,0.33,0.47
14222028,1,0,0.33,0.47
14222029,1,0,0.33,0.47
14222030,1,0,0.33,0.47
14222031,1,0,0.33,0.47
14223000,1,1,0.67,0.47
14223001,1,0,0.33,0.47
14230001,1,0,0.33,0.47
14231002,1,0,0.33,0.47
14231003,1,1,0.67,0.47
14231009,1,0,0.33,0.47
14231010,1,0,0.33,0.47
14232009,2,0,0.67,0.94
14232014,1,0,0.33,0.47
14233002,1,0,0.33,0.47
14240002,2,0,0.67,0.94
14240003,1,0,0.33,0.47
14240005,1,1,0.67,0.47
14240006,1,0,0.33,0.47
14241004,1,0,0.33,0.47
14241005,1,0,0.33,0.47
14241008,4,0,1.33,1.89
14242000,1,0,0.33,0.47
14242003,1,0,0.33,0.47
14243001,1,0,0.33,0.47
14243002,1,1,0.67,0.47
14243007,1,0,0.33,0.47
14250003,1,0,0.33,0.47
14250015,1,1,1.0,0.0
14250016,2,1,1.0,0.82
14252002,1,0,0.33,0.47
14252013,1,0,0.33,0.47
14253002,1,0,0.33,0.47
14255002,1,0,0.33,0.47
14258000,1,0,0.33,0.47
14258001,1,0,0.33,0.47
14258008,1,0,0.33,0.47
14258010,1,0,0.33,0.47
14260007,1,1,0.67,0.47
14260008,1,0,0.33,0.47
14260016,2,1,1.0,0.82
14261001,1,0,0.33,0.47
14261013,1,0,0.33,0.47
14261017,1,0,0.33,0.47
14261019,1,0,0.33,0.47
14270002,1,0,0.33,0.47
14270003,1,0,0.33,0.47
14270010,1,0,0.33,0.47
14271000,1,1,0.67,0.47
14272005,1,0,0.33,0.47
14275005,1,0,0.33,0.47
14275007,1,0,0.33,0.47
14275016,1,1,0.67,0.47
14275018,1,1,0.67,0.47
14275019,1,0,0.33,0.47
14275020,1,0,0.33,0.47
14275022,1,0,0.33,0.47
14275023,1,1,1.0,0.0
14275036,1,0,0.33,0.47
14275037,1,0,0.33,0.47
14276005,1,0,0.33,0.47
14280006,1,0,0.33,0.47
14280008,1,0,0.33,0.47
14281001,1,0,0.33,0.47
14281004,1,0,0.33,0.47
14281005,1,0,0.33,0.47
14283002,1,0,0.33,0.47
14284000,1,0,0.33,0.47
14284001,2,1,1.0,0.82
14284012,1,0,0.33,0.47
14300010,1,0,0.33,0.47
14300014,1,0,0.33,0.47
14300043,1,1,0.67,0.47
14300046,1,1,0.67,0.47
14300048,1,0,0.33,0.47
14300085,2,1,1.0,0.82
14300086,3,1,1.67,0.94
14310002,1,0,0.33,0.47
14310058,1,0,0.33,0.47
14310065,1,0,0.33,0.47
14310067,1,0,0.33,0.47
14310068,1,0,0.33,0.47
14340003,1,0,0.33,0.47
14342000,1,0,0.33,0.47
14342004,1,0,0.33,0.47
14342005,1,0,0.33,0.47
14342006,1,1,0.67,0.47
14342033,1,0,0.33,0.47
14351001,1,0,0.33,0.47
14352004,2,0,0.67,0.94
14352011,1,0,0.33,0.47
14366006,1,0,0.33,0.47
14401003,1,0,0.33,0.47
14401004,1,0,0.33,0.47
14401013,4,0,1.33,1.89
14401014,1,0,0.33,0.47
14401025,6,0,2.0,2.83
14401030,2,1,1.0,0.82
14402009,1,1,0.67,0.47
14403013,2,0,0.67,0.94
14403025,1,0,0.33,0.47
14403044,1,0,0.33,0.47
14403075,1,0,0.33,0.47
14403083,2,0,0.67,0.94
14404003,1,0,0.33,0.47
14405009,1,0,0.33,0.47
14405011,1,0,0.33,0.47
14405016,1,0,0.33,0.47
14405023,1,0,0.33,0.47
14405027,1,0,0.33,0.47
14405030,1,0,0.33,0.47
14405032,1,0,0.33,0.47
14406018,1,1,0.67,0.47
14407010,1,0,0.33,0.47
14407021,1,0,0.33,0.47
14407023,1,0,0.33,0.47
14409005,1,0,0.33,0.47
14504000,1,0,0.33,0.47
14504009,1,0,0.33,0.47
14504017,1,0,0.33,0.47
14513007,1,1,1.0,0.0
14513009,2,0,0.67,0.94
14513010,1,0,0.33,0.47
14513012,1,0,0.33,0.47
14513015,1,0,0.33,0.47
14513016,1,0,0.33,0.47
14513017,2,1,1.0,0.82
14513020,1,0,0.33,0.47
14513024,1,0,0.33,0.47
14513025,2,0,0.67,0.94
14513028,1,0,0.33,0.47
14513031,1,1,1.0,0.0
14513032,1,0,0.33,0.47
14513033,1,0,0.33,0.47
14513034,1,0,0.33,0.47
14515001,1,0,0.33,0.47
14515002,2,0,0.67,0.94
14520003,1,0,0.33,0.47
14521014,1,0,0.33,0.47
14521025,1,0,0.33,0.47
14521027,1,0,0.33,0.47
14521028,1,0,0.33,0.47
14521032,1,0,0.33,0.47
14521033,1,0,0.33,0.47
14525014,1,1,0.67,0.47
14525015,1,1,0.67,0.47
14525016,1,0,0.33,0.47
14525018,2,0,0.67,0.94
14528001,1,0,0.33,0.47
14530004,1,0,0.33,0.47
14530014,1,0,0.33,0.47
14530016,1,0,0.33,0.47
14530018,1,0,0.33,0.47
14530025,1,0,0.33,0.47
14531008,1,0,0.33,0.47
14531011,1,0,0.33,0.47
14531014,1,1,0.67,0.47
14531019,1,0,0.33,0.47
14531021,1,0,0.33,0.47
14531029,1,0,0.33,0.47
14531032,1,0,0.33,0.47
14531033,1,0,0.33,0.47
14532003,1,0,0.33,0.47
14540006,1,1,0.67,0.47
14540013,1,0,0.33,0.47
14541000,1,0,0.33,0.47
14541001,1,0,0.33,0.47
14543002,1,0,0.33,0.47
14543003,1,0,0.33,0.47
14543004,1,0,0.33,0.47
14550004,1,0,0.33,0.47
14551012,1,0,0.33,0.47
14551016,1,0,0.33,0.47
14552000,2,0,0.67,0.94
14552006,1,0,0.33,0.47
14560001,1,0,0.33,0.47
14560011,1,0,0.33,0.47
14560012,1,0,0.33,0.47
14560013,1,0,0.33,0.47
14561001,1,0,0.33,0.47
14563000,1,0,0.33,0.47
14563002,1,0,0.33,0.47
14570009,1,0,0.33,0.47
14570010,1,0,0.33,0.47
14570013,1,0,0.33,0.47
14570014,1,0,0.33,0.47
14570066,1,0,0.33,0.47
14570092,1,0,0.33,0.47
14572004,1,0,0.33,0.47
14572006,1,0,0.33,0.47
14573000,1,1,0.67,0.47
14573010,2,0,0.67,0.94
14580000,1,0,0.33,0.47
14580010,1,0,0.33,0.47
14580015,1,0,0.33,0.47
14580016,1,0,0.33,0.47
14580023,1,0,0.33,0.47
14583003,1,1,0.67,0.47
14585004,2,0,0.67,0.94
14585005,1,0,0.33,0.47
14590032,1,0,0.33,0.47
14593008,1,0,0.33,0.47
14593009,1,1,0.67,0.47
14593013,2,1,1.0,0.82
14593016,1,0,0.33,0.47
14593017,1,0,0.33,0.47
14593024,1,0,0.33,0.47
14594003,1,0,0.33,0.47
14594004,1,0,0.33,0.47
14594006,1,0,0.33,0.47
14594007,2,1,1.0,0.82
14594013,1,1,0.67,0.47
14594014,1,0,0.33,0.47
14594017,1,1,0.67,0.47
14594028,1,0,0.33,0.47
14596010,1,0,0.33,0.47
14596013,1,0,0.33,0.47
14596015,2,0,0.67,0.94
14596016,1,0,0.33,0.47
14596018,1,1,0.67,0.47
14613004,1,0,0.33,0.47
14617001,1,0,0.33,0.47
14620001,1,0,0.33,0.47
14620005,1,0,0.33,0.47
14630004,2,0,0.67,0.94
14630006,3,1,1.33,1.25
14630008,3,3,2.33,0.94
14631002,3,1,1.33,1.25
14632000,1,0,0.33,0.47
14632001,1,1,0.67,0.47
14633000,1,0,0.33,0.47
14633002,1,0,0.33,0.47
14633003,3,0,1.0,1.41
14635000,1,0,0.33,0.47
14635003,1,0,0.33,0.47
14636002,1,0,0.33,0.47
14636005,1,0,0.33,0.47
14636007,1,0,0.33,0.47
14636008,1,0,0.33,0.47
14640000,1,0,0.33,0.47
14644000,2,0,0.67,0.94
14644004,1,0,0.33,0.47
14650002,1,0,0.33,0.47
14650003,1,1,0.67,0.47
14651000,1,1,0.67,0.47
14653000,2,0,0.67,0.94
14655000,1,0,0.33,0.47
14655001,2,0,0.67,0.94
14655002,1,0,0.33,0.47
14660001,1,0,0.33,0.47
14661000,1,0,0.33,0.47
14661001,1,0,0.33,0.47
14661002,3,0,1.0,1.41
14661005,1,0,0.33,0.47
14661007,4,4,3.0,1.41
14661008,1,0,0.33,0.47
14663000,1,1,0.67,0.47
14700013,1,0,0.33,0.47
14700032,1,0,0.33,0.47
14700033,1,0,0.33,0.47
14701018,1,0,0.33,0.47
14701035,2,0,0.67,0.94
14701036,1,0,0.33,0.47
14701037,1,0,0.33,0.47
14701038,1,0,0.33,0.47
14705000,1,0,0.33,0.47
14705002,1,0,0.33,0.47
14705007,1,0,0.33,0.47
14705015,1,0,0.33,0.47
14710008,1,1,0.67,0.47
14710010,1,0,0.33,0.47
14710012,1,0,0.33,0.47
14710013,1,0,0.33,0.47
14710014,1,0,0.33,0.47
14710015,1,0,0.33,0.47
14710019,1,0,0.33,0.47
14710024,1,1,0.67,0.47
14710026,2,0,0.67,0.94
14714001,1,1,0.67,0.47
14715009,1,0,0.33,0.47
14715011,1,0,0.33,0.47
14720001,3,1,1.33,1.25
14720004,2,0,0.67,0.94
14720005,1,0,0.33,0.47
14720008,1,0,0.33,0.47
14721017,1,0,0.33,0.47
14721020,2,1,1.0,0.82
14721021,2,2,2.0,0.0
14721022,2,1,1.33,0.47
14721024,1,0,0.33,0.47
14721026,2,1,1.0,0.82
14721027,1,0,0.33,0.47
14721028,1,0,0.33,0.47
14721033,1,0,0.33,0.47
14721036,2,1,1.0,0.82
14721039,1,0,0.33,0.47
14721041,2,0,0.67,0.94
14721042,1,0,0.33,0.47
14721043,2,1,1.0,0.82
14721044,1,1,0.67,0.47
14721056,1,0,0.33,0.47
14721057,1,0,0.33,0.47
14721066,1,0,0.33,0.47
14721068,1,0,0.33,0.47
14721069,1,0,0.33,0.47
14721070,2,1,1.0,0.82
14721071,2,0,0.67,0.94
14721072,1,0,0.33,0.47
14721073,1,0,0.33,0.47
14721076,1,0,0.33,0.47
14721077,1,1,0.67,0.47
14721078,2,1,1.33,0.47
14721080,2,0,0.67,0.94
14721086,1,0,0.33,0.47
14721096,1,0,0.33,0.47
14722007,1,0,0.33,0.47
14722015,1,0,0.33,0.47
14722017,1,1,0.67,0.47
14722021,1,0,0.33,0.47
14722022,4,1,1.67,1.7
14722029,1,0,0.33,0.47
14722030,2,1,1.0,0.82
14722031,1,1,0.67,0.47
14722032,1,0,0.33,0.47
14722033,1,0,0.33,0.47
14722034,1,0,0.33,0.47
14722035,1,0,0.33,0.47
14722039,1,0,0.33,0.47
14722045,1,0,0.33,0.47
14722047,2,0,0.67,0.94
14722050,1,1,0.67,0.47
14722051,1,1,0.67,0.47
14722053,1,0,0.33,0.47
14722057,1,0,0.33,0.47
14722062,1,0,0.33,0.47
14722063,1,0,0.33,0.47
14722066,2,1,1.0,0.82
14722069,2,0,0.67,0.94
14722072,2,1,1.0,0.82
14722074,1,1,1.0,0.0
14722075,1,1,0.67,0.47
14722078,1,0,0.33,0.47
14722079,1,0,0.33,0.47
14722080,1,0,0.33,0.47
14722095,1,0,0.33,0.47
14722097,1,0,0.33,0.47
14722101,1,0,0.33,0.47
14723002,1,0,0.33,0.47
14723003,1,1,0.67,0.47
14723004,1,0,0.33,0.47
14723008,2,0,0.67,0.94
14723009,2,0,0.67,0.94
14723011,2,0,0.67,0.94
14723012,1,1,0.67,0.47
14723019,2,1,1.0,0.82
14723020,1,1,0.67,0.47
14730000,1,0,0.33,0.47
14730005,1,0,0.33,0.47
14732001,1,0,0.33,0.47
14732003,1,0,0.33,0.47
14733008,1,0,0.33,0.47
14733015,1,0,0.33,0.47
14741004,1,0,0.33,0.47
14750003,1,0,0.33,0.47
14750010,1,0,0.33,0.47
14750011,2,0,0.67,0.94
14750012,2,1,1.0,0.82
14750015,1,0,0.33,0.47
14750017,1,1,0.67,0.47
14750019,1,0,0.33,0.47
14750025,1,0,0.33,0.47
14750028,1,0,0.33,0.47
14750029,2,1,1.0,0.82
14750037,1,0,0.33,0.47
14750038,1,0,0.33,0.47
14750040,1,0,0.33,0.47
14750041,2,0,0.67,0.94
14750042,2,1,1.0,0.82
14750043,1,1,0.67,0.47
14750044,1,0,0.33,0.47
14750053,1,0,0.33,0.47
14750054,1,0,0.33,0.47
14750057,1,1,0.67,0.47
14750061,2,1,1.0,0.82
14750062,1,0,0.33,0.47
14750064,2,0,0.67,0.94
14750066,3,0,1.0,1.41
14753011,1,0,0.33,0.47
14753012,1,0,0.33,0.47
14754005,1,0,0.33,0.47
14754014,1,0,0.33,0.47
14754017,1,0,0.33,0.47
14754022,1,0,0.33,0.47
14760000,1,0,0.33,0.47
14770010,1,0,0.33,0.47
14770017,1,0,0.33,0.47
14770018,3,0,1.0,1.41
14770019,1,0,0.33,0.47
14770039,1,0,0.33,0.47
14771004,1,0,0.33,0.47
14771007,1,0,0.33,0.47
14774009,1,1,0.67,0.47
14774011,1,0,0.33,0.47
14775004,1,0,0.33,0.47
14777022,1,0,0.33,0.47
14777030,1,0,0.33,0.47
14777059,1,0,0.33,0.47
14800001,1,1,0.67,0.47
14800003,1,0,0.33,0.47
14800008,1,0,0.33,0.47
14800009,2,0,0.67,0.94
14800010,1,1,0.67,0.47
14800019,1,0,0.33,0.47
14800021,1,0,0.33,0.47
14800022,1,0,0.33,0.47
14800026,1,0,0.33,0.47
14801002,1,1,0.67,0.47
14801005,1,0,0.33,0.47
14801009,1,0,0.33,0.47
14801010,1,0,0.33,0.47
14802006,2,0,0.67,0.94
14802008,1,0,0.33,0.47
14802009,1,0,0.33,0.47
14802011,1,0,0.33,0.47
14802013,1,0,0.33,0.47
14802015,1,0,0.33,0.47
14802016,1,0,0.33,0.47
14802022,1,0,0.33,0.47
14802023,1,0,0.33,0.47
14802027,2,0,0.67,0.94
14802050,1,0,0.33,0.47
14802051,1,0,0.33,0.47
14802052,1,0,0.33,0.47
14802054,3,1,1.67,0.94
14802055,3,2,1.67,1.25
14802056,3,2,2.0,0.82
14802057,1,1,0.67,0.47
14804000,1,0,0.33,0.47
14804015,1,0,0.33,0.47
14804025,1,0,0.33,0.47
14810001,2,0,0.67,0.94
14810009,1,0,0.33,0.47
14811002,1,1,0.67,0.47
14811003,1,1,0.67,0.47
14811005,1,0,0.33,0.47
14811015,1,0,0.33,0.47
14811020,1,1,0.67,0.47
14811021,1,0,0.33,0.47
14811024,1,0,0.33,0.47
14811025,1,0,0.33,0.47
14811027,1,1,0.67,0.47
14812001,1,0,0.33,0.47
14812003,1,0,0.33,0.47
14812004,1,0,0.33,0.47
14812005,2,0,0.67,0.94
14812007,4,1,1.67,1.7
14812008,1,0,0.33,0.47
14812016,1,0,0.33,0.47
14813000,1,0,0.33,0.47
14813002,1,0,0.33,0.47
14813003,2,1,1.0,0.82
14814000,1,0,0.33,0.47
14814001,1,0,0.33,0.47
14814019,1,0,0.33,0.47
14814023,1,0,0.33,0.47
14814026,2,0,0.67,0.94
14815001,2,1,1.0,0.82
14815003,1,0,0.33,0.47
14815006,1,1,0.67,0.47
14815007,2,0,0.67,0.94
14815012,1,1,0.67,0.47
14818000,1,0,0.33,0.47
14820001,1,0,0.33,0.47
14820003,1,0,0.33,0.47
14820004,2,0,0.67,0.94
14820008,1,1,0.67,0.47
14820015,1,0,0.33,0.47
14820028,1,0,0.33,0.47
14821000,1,0,0.33,0.47
14822000,1,0,0.33,0.47
14822001,1,0,0.33,0.47
14822002,2,1,1.0,0.82
14822003,1,0,0.33,0.47
14822004,1,0,0.33,0.47
14822006,1,0,0.33,0.47
14822009,2,0,0.67,0.94
14822010,2,1,1.33,0.47
14822013,1,0,0.33,0.47
14823000,2,1,1.0,0.82
14826006,1,0,0.33,0.47
14826011,1,0,0.33,0.47
14826012,1,0,0.33,0.47
14826019,1,0,0.33,0.47
14826022,1,0,0.33,0.47
14826023,1,0,0.33,0.47
14827002,1,0,0.33,0.47
14828002,1,0,0.33,0.47
14828017,1,0,0.33,0.47
14830004,1,1,0.67,0.47
14830006,1,0,0.33,0.47
14830013,1,1,0.67,0.47
14830014,1,1,0.67,0.47
14830016,1,0,0.33,0.47
14830017,1,0,0.33,0.47
14830018,1,1,0.67,0.47
14830021,1,0,0.33,0.47
14830022,1,0,0.33,0.47
14830029,1,1,0.67,0.47
14830032,1,1,0.67,0.47
14830033,1,0,0.33,0.47
14830034,1,0,0.33,0.47
14830038,1,0,0.33,0.47
14830041,1,0,0.33,0.47
14831001,2,1,1.0,0.82
14831002,1,1,0.67,0.47
14831005,2,0,0.67,0.94
14831007,2,0,0.67,0.94
14831008,2,0,0.67,0.94
14831012,1,0,0.33,0.47
14831014,1,1,0.67,0.47
14831015,1,0,0.33,0.47
14831016,1,0,0.33,0.47
14831017,1,1,0.67,0.47
14831020,1,1,0.67,0.47
14831023,1,0,0.33,0.47
14831027,1,0,0.33,0.47
14831029,1,0,0.33,0.47
14831031,1,0,0.33,0.47
14831032,1,0,0.33,0.47
14831034,1,0,0.33,0.47
14831035,1,0,0.33,0.47
14831036,1,0,0.33,0.47
14832000,1,0,0.33,0.47
14832022,1,0,0.33,0.47
14833003,2,1,1.0,0.82
14833008,2,0,0.67,0.94
14833009,4,1,1.67,1.7
14833011,1,0,0.33,0.47
14833014,1,0,0.33,0.47
14834000,1,0,0.33,0.47
14834001,1,0,0.33,0.47
14834002,1,0,0.33,0.47
14834007,2,1,1.0,0.82
14834008,2,0,0.67,0.94
14834009,1,1,0.67,0.47
14834010,1,1,1.0,0.0
14834015,1,0,0.33,0.47
14834016,5,0,1.67,2.36
14835002,1,0,0.33,0.47
14835003,1,0,0.33,0.47
14835005,2,0,0.67,0.94
14835008,1,0,0.33,0.47
14835011,2,0,0.67,0.94
14835012,1,0,0.33,0.47
14835013,1,0,0.33,0.47
14835015,1,0,0.33,0.47
14835017,1,0,0.33,0.47
14835020,1,0,0.33,0.47
14835021,1,0,0.33,0.47
14835022,2,0,0.67,0.94
14835029,1,0,0.33,0.47
14835030,1,0,0.33,0.47
14835060,2,1,1.0,0.82
14836007,1,1,0.67,0.47
14836010,1,0,0.33,0.47
14836011,1,0,0.33,0.47
14836012,1,1,1.0,0.0
14836013,2,2,1.67,0.47
14836022,1,0,0.33,0.47
14837003,2,0,0.67,0.94
14837004,1,0,0.33,0.47
14837005,2,0,0.67,0.94
14837006,2,0,0.67,0.94
14837008,1,0,0.33,0.47
14837013,1,1,0.67,0.47
14838000,1,0,0.33,0.47
14838002,2,0,0.67,0.94
14839000,1,0,0.33,0.47
14839008,1,0,0.33,0.47
14839012,1,1,1.0,0.0
14839013,1,0,0.33,0.47
14839048,1,0,0.33,0.47
14839050,1,0,0.33,0.47
14839052,1,0,0.33,0.47
14840000,1,0,0.33,0.47
14840001,1,0,0.33,0.47
14840003,1,0,0.33,0.47
14841003,2,0,0.67,0.94
14841008,3,3,2.0,1.41
14841016,1,0,0.33,0.47
14841018,1,0,0.33,0.47
14842012,2,0,0.67,0.94
14842019,1,0,0.33,0.47
14842022,1,0,0.33,0.47
14842023,1,0,0.33,0.47
14842024,2,0,0.67,0.94
14842025,1,0,0.33,0.47
14842026,1,0,0.33,0.47
14843015,1,1,0.67,0.47
14843017,1,0,0.33,0.47
14843019,1,0,0.33,0.47
14843021,1,0,0.33,0.47
14843025,1,0,0.33,0.47
14843027,1,1,0.67,0.47
14843028,1,0,0.33,0.47
14844004,1,0,0.33,0.47
14844009,1,0,0.33,0.47
14844011,1,0,0.33,0.47
14844017,2,0,0.67,0.94
14844021,1,0,0.33,0.47
14844025,1,0,0.33,0.47
14844026,1,0,0.33,0.47
14844027,1,0,0.33,0.47
14844035,1,0,0.33,0.47
14844038,1,0,0.33,0.47
14844039,1,0,0.33,0.47
14844043,1,1,1.0,0.0
14845001,1,0,0.33,0.47
14845002,1,0,0.33,0.47
14845008,3,2,1.67,1.25
14845009,2,1,1.33,0.47
14845010,1,1,0.67,0.47
14845017,1,0,0.33,0.47
14845026,1,0,0.33,0.47
14846000,2,0,0.67,0.94
14846001,2,0,0.67,0.94
14846003,1,0,0.33,0.47
14846011,1,0,0.33,0.47
14846013,3,0,1.0,1.41
14846016,2,1,1.33,0.47
14846021,1,1,0.67,0.47
14846022,1,0,0.33,0.47
14846025,1,0,0.33,0.47
14846026,2,1,1.0,0.82
14847016,1,0,0.33,0.47
14847018,1,0,0.33,0.47
14847025,1,0,0.33,0.47
14850005,1,1,0.67,0.47
14850010,1,0,0.33,0.47
14850011,1,1,0.67,0.47
14850017,1,0,0.33,0.47
14851005,1,1,0.67,0.47
14851008,1,0,0.33,0.47
14851011,1,0,0.33,0.47
14851013,1,0,0.33,0.47
14852010,1,0,0.33,0.47
14853000,1,0,0.33,0.47
14853003,1,0,0.33,0.47
14860014,3,1,1.67,0.94
14860017,4,4,3.33,0.94
14860020,7,5,4.0,2.94
14860021,3,1,1.33,1.25
14860022,8,2,3.67,3.09
14860025,4,1,1.67,1.7
14860028,1,0,0.33,0.47
14861002,1,1,0.67,0.47
14861003,1,1,0.67,0.47
14861007,2,1,1.0,0.82
14862003,1,0,0.33,0.47
14862007,1,0,0.33,0.47
14863003,3,1,1.33,1.25
14863005,1,0,0.33,0.47
14863007,1,0,0.33,0.47
14863008,3,2,2.33,0.47
14863009,1,0,0.33,0.47
14863010,1,0,0.33,0.47
14865002,1,0,0.33,0.47
14870001,1,0,0.33,0.47
14870005,1,0,0.33,0.47
14870011,1,1,0.67,0.47
14871000,2,2,1.33,0.94
14872000,1,0,0.33,0.47
14872001,2,0,0.67,0.94
14873001,2,2,1.67,0.47
14873003,1,1,0.67,0.47
14873004,1,0,0.33,0.47
14874000,1,1,1.0,0.0
14900003,1,0,0.33,0.47
14900006,1,1,0.67,0.47
14900008,3,1,1.67,0.94
14900009,1,1,0.67,0.47
14900010,1,1,0.67,0.47
14900011,3,1,1.33,1.25
14900013,1,1,0.67,0.47
14900014,2,1,1.0,0.82
14900015,2,1,1.0,0.82
14900016,2,0,0.67,0.94
14900017,1,1,0.67,0.47
14900019,2,0,0.67,0.94
14900021,1,0,0.33,0.47
14900022,1,1,0.67,0.47
14900023,1,0,0.33,0.47
14901002,1,1,0.67,0.47
14902001,1,0,0.33,0.47
14903000,1,0,0.33,0.47
14903001,1,0,0.33,0.47
14903002,1,0,0.33,0.47
14903004,1,0,0.33,0.47
14903005,1,0,0.33,0.47
14905002,1,0,0.33,0.47
14905003,1,0,0.33,0.47
14905004,1,1,0.67,0.47
14905005,1,0,0.33,0.47
14905006,1,0,0.33,0.47
14905009,1,0,0.33,0.47
14906002,1,1,0.67,0.47
14906007,2,0,0.67,0.94
14906009,1,0,0.33,0.47
14906010,1,0,0.33,0.47
14906011,1,0,0.33,0.47
14906012,1,0,0.33,0.47
14906014,1,0,0.33,0.47
14911001,1,0,0.33,0.47
14911003,1,1,0.67,0.47
14912001,1,0,0.33,0.47
14912005,1,0,0.33,0.47
14914000,1,0,0.33,0.47
14914003,1,0,0.33,0.47
14916000,2,1,1.0,0.82
14916003,1,0,0.33,0.47
14916004,2,1,1.0,0.82
14916005,2,2,1.67,0.47
14916007,2,0,0.67,0.94
14916008,1,0,0.33,0.47
14916009,1,0,0.33,0.47
14917010,2,1,1.33,0.47
14917012,1,0,0.33,0.47
14917013,1,0,0.33,0.47
14920004,1,0,0.33,0.47
14924000,1,0,0.33,0.47
14925005,1,0,0.33,0.47
14926001,1,0,0.33,0.47
14926002,1,0,0.33,0.47
14928003,1,0,0.33,0.47
14930002,1,0,0.33,0.47
14931001,1,0,0.33,0.47
14931004,1,0,0.33,0.47
14932002,2,1,1.0,0.82
14932008,2,0,0.67,0.94
14932011,1,0,0.33,0.47
14932012,1,0,0.33,0.47
14932016,2,1,1.33,0.47
14933000,1,0,0.33,0.47
14940000,1,0,0.33,0.47
14943016,1,0,0.33,0.47
14943025,1,0,0.33,0.47
14944000,1,0,0.33,0.47
14956000,1,0,0.33,0.47
14956002,2,2,1.33,0.94
14956008,1,0,0.33,0.47
14956014,1,0,0.33,0.47
15000000,1,0,0.33,0.47
15000006,4,3,2.67,1.25
15000007,4,4,2.67,1.89
15000008,2,0,0.67,0.94
15000020,1,0,0.33,0.47
15000021,6,2,3.33,1.89
15000029,1,0,0.33,0.47
15000051,2,0,0.67,0.94
15002000,1,0,0.33,0.47
15004001,1,0,0.33,0.47
15004003,1,1,0.67,0.47
15004005,1,1,0.67,0.47
15004009,1,0,0.33,0.47
15004012,3,1,1.67,0.94
15004015,1,0,0.33,0.47
15004024,4,2,2.0,1.63
15004027,1,0,0.33,0.47
15004032,1,0,0.33,0.47
15004033,1,0,0.33,0.47
15004036,4,1,2.0,1.41
15004041,1,0,0.33,0.47
15004043,1,0,0.33,0.47
15004044,2,0,0.67,0.94
15004045,1,0,0.33,0.47
15004046,1,0,0.33,0.47
15004048,1,1,0.67,0.47
15004049,2,0,0.67,0.94
15004051,1,1,0.67,0.47
15004053,1,0,0.33,0.47
15004057,1,0,0.33,0.47
15004058,1,0,0.33,0.47
15004062,3,0,1.0,1.41
15004066,1,0,0.33,0.47
15004067,1,0,0.33,0.47
15004070,1,0,0.33,0.47
15004077,1,1,0.67,0.47
15004080,2,0,0.67,0.94
15004082,1,0,0.33,0.47
15005000,2,0,0.67,0.94
15005010,1,0,0.33,0.47
15010004,1,0,0.33,0.47
15010012,1,0,0.33,0.47
15010017,1,0,0.33,0.47
15012001,1,0,0.33,0.47
15012002,1,0,0.33,0.47
15012003,1,0,0.33,0.47
15012006,1,0,0.33,0.47
15012007,3,1,1.33,1.25
15019015,3,0,1.0,1.41
15019017,1,0,0.33,0.47
15019020,1,0,0.33,0.47
15019023,1,0,0.33,0.47
15019024,1,0,0.33,0.47
15019025,1,0,0.33,0.47
15019026,1,0,0.33,0.47
15021022,1,0,0.33,0.47
15021023,1,0,0.33,0.47
15021028,1,0,0.33,0.47
15021029,1,0,0.33,0.47
15021030,1,0,0.33,0.47
15022002,1,1,0.67,0.47
15022004,1,0,0.33,0.47
15029013,1,0,0.33,0.47
15029040,1,0,0.33,0.47
15100000,2,0,0.67,0.94
15101001,1,0,0.33,0.47
15101003,1,1,1.0,0.0
15101004,1,0,0.33,0.47
15101005,1,0,0.33,0.47
15102001,1,0,0.33,0.47
15102002,1,0,0.33,0.47
15103000,1,1,0.67,0.47
15104008,1,0,0.33,0.47
15104009,3,1,1.33,1.25
15104011,2,0,0.67,0.94
15104012,2,1,1.33,0.47
15104013,1,0,0.33,0.47
15104014,1,1,0.67,0.47
15104015,1,0,0.33,0.47
15104020,1,1,1.0,0.0
15104025,2,0,0.67,0.94
15104026,1,0,0.33,0.47
15104036,1,0,0.33,0.47
15105001,1,0,0.33,0.47
15110000,3,2,2.0,0.82
15110001,10,8,7.67,2.05
15110002,2,1,1.0,0.82
15110004,2,1,1.0,0.82
15110005,2,1,1.0,0.82
15110008,2,1,1.0,0.82
15110009,2,0,0.67,0.94
15110010,1,1,1.0,0.0
15110012,1,0,0.33,0.47
15110013,3,1,1.33,1.25
15110014,4,4,3.33,0.94
15110015,12,4,6.67,3.77
15110016,1,0,0.33,0.47
15110018,2,1,1.33,0.47
15110020,1,0,0.33,0.47
15110021,1,0,0.33,0.47
15110022,1,0,0.33,0.47
15110026,1,0,0.33,0.47
15110027,3,0,1.0,1.41
15110028,3,2,1.67,1.25
15110029,2,1,1.0,0.82
15110030,4,2,2.33,1.25
15110031,6,2,3.0,2.16
15110033,2,1,1.33,0.47
15110035,1,1,1.0,0.0
15110038,2,2,1.33,0.94
15110041,2,0,0.67,0.94
15110042,2,1,1.0,0.82
15110043,4,1,1.67,1.7
15110044,4,2,2.67,0.94
15110045,1,0,0.33,0.47
15110046,2,1,1.33,0.47
15110047,1,0,0.33,0.47
15110049,2,0,0.67,0.94
15110051,1,1,0.67,0.47
15110052,1,0,0.33,0.47
15110060,1,0,0.33,0.47
15110063,3,1,1.33,1.25
15110066,1,0,0.33,0.47
15110068,1,1,0.67,0.47
15110069,3,3,2.67,0.47
15110071,8,3,4.0,2.94
15110073,2,0,0.67,0.94
15110075,1,1,0.67,0.47
15110076,3,2,2.33,0.47
15110078,1,0,0.33,0.47
15110079,1,1,0.67,0.47
15110080,4,2,2.67,0.94
15110083,1,0,0.33,0.47
15111000,2,2,1.33,0.94
15111001,3,2,2.0,0.82
15111002,4,2,2.33,1.25
15111003,1,0,0.33,0.47
15111005,3,0,1.0,1.41
15111010,4,3,2.67,1.25
15111011,1,0,0.33,0.47
15111012,1,0,0.33,0.47
15113000,2,1,1.33,0.47
15113001,1,0,0.33,0.47
15113002,3,1,1.67,0.94
15113004,1,1,1.0,0.0
15114000,6,1,2.67,2.36
15114001,1,1,0.67,0.47
15114003,1,0,0.33,0.47
15114004,1,0,0.33,0.47
15114005,2,1,1.0,0.82
15114006,2,1,1.33,0.47
15114008,1,0,0.33,0.47
15114010,2,2,1.67,0.47
15114011,1,0,0.33,0.47
15114012,2,0,0.67,0.94
15114013,3,1,1.67,0.94
15114014,1,0,0.33,0.47
15114015,7,5,4.33,2.49
15114031,2,2,1.33,0.94
15114032,1,1,0.67,0.47
15114033,2,0,0.67,0.94
15114036,2,1,1.0,0.82
15114037,1,0,0.33,0.47
15115000,4,3,2.67,1.25
15115001,5,4,3.33,1.7
15115002,7,3,3.67,2.49
15115003,5,5,4.67,0.47
15115004,2,0,0.67,0.94
15115007,3,1,1.67,0.94
15115008,2,2,1.67,0.47
15115009,3,0,1.0,1.41
15115010,1,0,0.33,0.47
15115012,1,1,0.67,0.47
15115013,1,0,0.33,0.47
15115014,2,2,1.33,0.94
15115015,3,3,2.67,0.47
15115024,2,1,1.0,0.82
15115025,1,0,0.33,0.47
15115026,3,1,1.33,1.25
15115027,2,2,1.33,0.94
15115028,7,2,3.67,2.36
15115030,2,2,1.33,0.94
15115031,2,2,1.67,0.47
15115034,4,3,3.33,0.47
15115035,1,0,0.33,0.47
15115043,2,1,1.0,0.82
15115044,3,0,1.0,1.41
15116001,4,2,2.33,1.25
15116002,3,1,1.33,1.25
15116003,2,2,1.67,0.47
15119000,5,4,3.67,1.25
15119001,6,5,4.67,1.25
15119007,2,1,1.33,0.47
15119009,2,1,1.0,0.82
15120000,5,2,2.67,1.7
15120001,1,0,0.33,0.47
15120002,1,0,0.33,0.47
15120003,2,0,0.67,0.94
15120004,1,1,1.0,0.0
15120005,1,1,0.67,0.47
15120006,2,0,0.67,0.94
15120007,2,0,0.67,0.94
15120012,1,0,0.33,0.47
15120013,1,0,0.33,0.47
15120015,1,0,0.33,0.47
15121001,2,1,1.33,0.47
15121002,1,1,0.67,0.47
15123000,1,0,0.33,0.47
15130002,2,1,1.0,0.82
15130006,1,0,0.33,0.47
15130007,1,0,0.33,0.47
15130009,5,2,2.67,1.7
15130010,1,1,0.67,0.47
15130011,1,0,0.33,0.47
15130013,7,2,3.0,2.94
15130015,4,1,1.67,1.7
15130016,1,0,0.33,0.47
15130024,3,3,2.33,0.94
15130025,1,0,0.33,0.47
15130026,1,0,0.33,0.47
15130027,10,9,9.33,0.47
15130029,1,0,0.33,0.47
15130034,6,4,3.67,2.05
15130035,7,0,2.33,3.3
15131001,1,1,0.67,0.47
15131002,1,0,0.33,0.47
15139002,1,0,0.33,0.47
15139008,1,0,0.33,0.47
15139011,2,1,1.0,0.82
15139013,2,0,0.67,0.94
15139017,1,0,0.33,0.47
15139018,1,0,0.33,0.47
15139023,1,1,0.67,0.47
15139024,1,0,0.33,0.47
15139025,1,0,0.33,0.47
15140001,1,0,0.33,0.47
15140003,1,0,0.33,0.47
15140004,1,0,0.33,0.47
15140007,1,0,0.33,0.47
15140009,2,0,0.67,0.94
15140012,1,0,0.33,0.47
15140018,1,0,0.33,0.47
15149000,1,0,0.33,0.47
15149001,1,0,0.33,0.47
15149003,1,0,0.33,0.47
15149005,1,1,0.67,0.47
15149006,2,0,0.67,0.94
15149011,2,1,1.0,0.82
15200000,1,1,0.67,0.47
15200001,2,2,1.33,0.94
15200002,4,0,1.33,1.89
15200003,2,0,0.67,0.94
15200004,4,1,2.0,1.41
15200005,2,0,0.67,0.94
15200007,14,9,10.33,2.62
15200008,6,5,4.67,1.25
15200009,2,0,0.67,0.94
15200010,3,0,1.0,1.41
15200011,1,0,0.33,0.47
15200012,2,0,0.67,0.94
15201002,2,0,0.67,0.94
15201003,1,0,0.33,0.47
15201005,2,1,1.0,0.82
15202001,3,3,2.0,1.41
15202002,1,1,0.67,0.47
15202003,2,1,1.0,0.82
15202005,1,1,0.67,0.47
15202006,3,0,1.0,1.41
15202007,1,0,0.33,0.47
15202008,2,0,0.67,0.94
15202012,1,1,1.0,0.0
15202017,1,0,0.33,0.47
15202020,1,1,0.67,0.47
15202021,1,1,0.67,0.47
15202028,3,2,2.0,0.82
15202030,1,1,0.67,0.47
15202033,1,0,0.33,0.47
15202037,3,1,1.67,0.94
15202039,1,0,0.33,0.47
15202040,1,0,0.33,0.47
15202044,7,7,7.0,0.0
15202045,2,1,1.0,0.82
15202049,1,0,0.33,0.47
15202050,1,0,0.33,0.47
15202053,2,0,0.67,0.94
15202057,1,0,0.33,0.47
15202061,1,0,0.33,0.47
15202063,1,0,0.33,0.47
15202069,1,1,0.67,0.47
15202072,2,0,0.67,0.94
15202074,2,1,1.0,0.82
15202077,2,1,1.0,0.82
15202078,2,0,0.67,0.94
15202080,1,0,0.33,0.47
15209006,1,0,0.33,0.47
15209007,1,1,0.67,0.47
15209009,2,1,1.33,0.47
15209017,1,0,0.33,0.47
15209018,1,0,0.33,0.47
15209021,1,1,0.67,0.47
15209023,3,2,2.0,0.82
15209030,1,0,0.33,0.47
15210001,1,0,0.33,0.47
15211000,2,1,1.0,0.82
15211004,1,1,0.67,0.47
15219000,1,1,0.67,0.47
15219001,1,0,0.33,0.47
15219005,1,1,0.67,0.47
15230001,8,5,5.67,1.7
15230002,2,0,0.67,0.94
15230003,2,2,1.67,0.47
15230004,1,0,0.33,0.47
15231001,1,0,0.33,0.47
15231002,1,1,0.67,0.47
15231004,5,2,2.67,1.7
15231005,5,4,3.0,2.16
15231006,3,3,2.0,1.41
15231007,4,3,3.33,0.47
15231008,3,1,1.67,0.94
15232001,7,4,3.67,2.87
15232002,2,1,1.0,0.82
15232003,3,1,1.67,0.94
15232004,5,1,2.33,1.89
15235001,3,1,1.67,0.94
15240006,1,0,0.33,0.47
15240008,1,0,0.33,0.47
15240009,1,0,0.33,0.47
15240010,1,0,0.33,0.47
15240015,1,0,0.33,0.47
15241009,1,0,0.33,0.47
15241011,1,0,0.33,0.47
15241012,1,0,0.33,0.47
15241019,1,0,0.33,0.47
15242001,1,0,0.33,0.47
15242004,1,0,0.33,0.47
15242005,1,0,0.33,0.47
15242009,1,0,0.33,0.47
15242010,1,0,0.33,0.47
15242015,1,0,0.33,0.47
15242019,1,0,0.33,0.47
15242026,1,0,0.33,0.47
15242028,1,1,0.67,0.47
15242031,1,0,0.33,0.47
15242033,2,0,0.67,0.94
15242035,1,1,0.67,0.47
15242036,3,0,1.0,1.41
15242037,1,1,0.67,0.47
15242038,1,0,0.33,0.47
15242039,1,0,0.33,0.47
15242042,2,0,0.67,0.94
15242044,2,0,0.67,0.94
15243000,1,0,0.33,0.47
15249001,1,0,0.33,0.47
15250003,1,1,0.67,0.47
15261002,1,1,0.67,0.47
15263001,2,0,0.67,0.94
15263003,1,0,0.33,0.47
15263006,1,0,0.33,0.47
15269008,1,0,0.33,0.47
15303000,1,0,0.33,0.47
15303002,1,0,0.33,0.47
15306002,1,0,0.33,0.47
15306009,1,0,0.33,0.47
15320000,1,1,0.67,0.47
15320001,1,1,0.67,0.47
15320002,1,0,0.33,0.47
15321002,1,0,0.33,0.47
15323000,1,0,0.33,0.47
15323002,1,0,0.33,0.47
15323003,1,0,0.33,0.47
15323004,1,0,0.33,0.47
15323005,1,0,0.33,0.47
15333001,1,0,0.33,0.47
15333005,1,0,0.33,0.47
15339001,1,1,0.67,0.47
15340018,1,0,0.33,0.47
15340032,1,0,0.33,0.47
15343006,1,1,0.67,0.47
15343007,1,1,0.67,0.47
15343010,1,1,0.67,0.47
15343012,1,0,0.33,0.47
15343016,1,0,0.33,0.47
15343018,2,0,0.67,0.94
15401007,2,1,1.0,0.82
15402005,2,1,1.0,0.82
15402007,1,1,1.0,0.0
15402019,1,1,0.67,0.47
15402028,1,0,0.33,0.47
15402030,1,0,0.33,0.47
15402032,2,1,1.33,0.47
15402033,1,0,0.33,0.47
15402034,1,0,0.33,0.47
15402035,2,0,0.67,0.94
15404002,1,0,0.33,0.47
15404007,1,0,0.33,0.47
15404010,1,1,0.67,0.47
15404014,1,0,0.33,0.47
15404016,1,0,0.33,0.47
15405002,1,1,1.0,0.0
15409006,1,0,0.33,0.47
15410002,5,0,1.67,2.36
15410012,2,0,0.67,0.94
15410015,4,0,1.33,1.89
15410016,2,2,1.33,0.94
15410031,1,0,0.33,0.47
15410032,1,0,0.33,0.47
15410033,3,0,1.0,1.41
15410034,2,0,0.67,0.94
15410036,4,0,1.33,1.89
15410037,1,0,0.33,0.47
15411000,4,0,1.33,1.89
15411006,1,0,0.33,0.47
15412004,2,0,0.67,0.94
15415002,1,0,0.33,0.47
15415014,1,0,0.33,0.47
15415015,1,0,0.33,0.47
15415020,3,0,1.0,1.41
15419001,2,0,0.67,0.94
15419006,1,0,0.33,0.47
15419007,1,0,0.33,0.47
15419009,1,0,0.33,0.47
15419013,2,0,0.67,0.94
15419026,1,0,0.33,0.47
15419030,1,0,0.33,0.47
15420002,1,0,0.33,0.47
15421002,2,1,1.0,0.82
15424004,1,0,0.33,0.47
15430000,1,0,0.33,0.47
15432003,1,1,1.0,0.0
15433002,1,0,0.33,0.47
15433003,1,0,0.33,0.47
15433008,1,0,0.33,0.47
15433014,1,0,0.33,0.47
15433019,1,0,0.33,0.47
15451005,1,0,0.33,0.47
15459012,1,0,0.33,0.47
15459015,1,0,0.33,0.47
15459021,1,0,0.33,0.47
15459036,1,0,0.33,0.47
15469002,1,0,0.33,0.47
15469016,1,0,0.33,0.47
15469024,1,0,0.33,0.47
15469025,1,0,0.33,0.47
15469029,1,0,0.33,0.47
15501000,1,0,0.33,0.47
15501001,1,0,0.33,0.47
15502002,1,0,0.33,0.47
15502003,1,0,0.33,0.47
15502004,1,0,0.33,0.47
15502009,1,0,0.33,0.47
15502015,1,0,0.33,0.47
15502022,1,0,0.33,0.47
15502030,5,2,2.33,2.05
15502031,3,1,1.67,0.94
15502035,1,0,0.33,0.47
15502036,2,2,1.33,0.94
15502038,1,0,0.33,0.47
15502039,3,1,1.33,1.25
15502043,2,0,0.67,0.94
15502049,2,0,0.67,0.94
15502061,2,2,1.33,0.94
15502062,1,1,0.67,0.47
15502063,1,0,0.33,0.47
15502065,1,0,0.33,0.47
15502071,1,0,0.33,0.47
15503000,1,0,0.33,0.47
15503022,1,1,0.67,0.47
15503026,2,1,1.0,0.82
15503029,1,0,0.33,0.47
15503044,1,0,0.33,0.47
15603047,1,0,0.33,0.47
15604001,1,0,0.33,0.47
15604005,1,0,0.33,0.47
15604006,1,0,0.33,0.47
15604009,1,0,0.33,0.47
15604010,2,0,0.67,0.94
15604039,1,0,0.33,0.47
15604048,1,0,0.33,0.47
15605005,1,0,0.33,0.47
15605006,1,0,0.33,0.47
15605013,2,0,0.67,0.94
15605016,2,1,1.0,0.82
15605023,1,0,0.33,0.47
15605048,3,2,2.0,0.82
15605051,1,1,0.67,0.47
15605055,2,1,1.0,0.82
15605056,1,0,0.33,0.47
15605059,1,0,0.33,0.47
15605060,1,0,0.33,0.47
20012187,3,1,1.33,1.25
20012188,2,1,1.0,0.82
20101005,1,0,0.33,0.47
20101014,1,0,0.33,0.47
20102004,1,0,0.33,0.47
20103016,1,1,0.67,0.47
20103019,2,2,1.67,0.47
20110008,1,0,0.33,0.47
20110014,8,6,5.33,2.49
20110019,2,1,1.0,0.82
20111019,1,0,0.33,0.47
20121037,6,3,4.0,1.41
20121056,2,0,0.67,0.94
20121061,2,1,1.33,0.47
20130000,4,2,2.33,1.25
20130019,1,0,0.33,0.47
20130090,2,0,0.67,0.94
20201016,1,0,0.33,0.47
20202009,2,2,2.0,0.0
21000001,1,1,0.67,0.47
21000002,1,0,0.33,0.47
21000016,1,0,0.33,0.47
21000019,1,0,0.33,0.47
21011008,1,0,0.33,0.47
21011010,1,1,0.67,0.47
21011022,1,0,0.33,0.47
21011027,3,1,1.33,1.25
21011031,1,0,0.33,0.47
21012003,1,0,0.33,0.47
21012004,3,0,1.0,1.41
21020051,1,0,0.33,0.47
21021031,1,0,0.33,0.47
21021043,9,4,5.0,2.94
21021045,2,0,0.67,0.94
21021065,1,0,0.33,0.47
21110004,2,1,1.33,0.47
21120007,4,0,1.33,1.89
21200004,5,4,3.33,1.7
21200006,2,1,1.0,0.82
21200008,1,0,0.33,0.47
21200012,1,0,0.33,0.47
21400001,2,1,1.0,0.82
21400005,4,3,2.33,1.7
21400008,1,0,0.33,0.47
21400019,1,1,0.67,0.47
21700003,1,0,0.33,0.47
21700018,1,0,0.33,0.47
21801116,3,1,1.67,0.94
21801119,1,0,0.33,0.47
21801125,7,5,5.67,0.94
22000008,1,0,0.33,0.47
22000010,8,1,3.0,3.56
22000029,4,1,1.67,1.7
22000049,8,4,4.0,3.27
22001000,1,0,0.33,0.47
22001001,11,1,4.0,4.97
22001003,1,0,0.33,0.47
22001006,19,0,6.33,8.96
22001008,5,4,3.67,1.25
22001038,8,7,6.0,2.16
22002002,1,0,0.33,0.47
22002240,2,0,0.67,0.94
22003000,1,0,0.33,0.47
22004008,2,0,0.67,0.94
22007004,1,0,0.33,0.47
22007005,8,5,5.0,2.45
22007011,5,3,2.67,2.05
22007019,1,0,0.33,0.47
22007026,8,1,3.0,3.56
22007027,9,1,3.33,4.03
22007031,1,1,1.0,0.0
22008000,1,0,0.33,0.47
22008001,5,2,3.0,1.41
22008011,5,3,3.67,0.94
22008012,7,6,5.33,1.7
22008017,1,0,0.33,0.47
22008019,14,13,11.33,3.09
22008020,15,10,11.33,2.62
22008021,14,11,10.33,3.3
22008029,1,0,0.33,0.47
22010001,5,3,2.67,2.05
22010003,1,0,0.33,0.47
22010005,1,0,0.33,0.47
22010022,1,0,0.33,0.47
22010029,1,0,0.33,0.47
22010032,3,1,1.33,1.25
22010033,4,2,2.0,1.63
22010034,5,1,2.0,2.16
22012000,5,3,2.67,2.05
22012011,9,0,3.0,4.24
22012023,1,0,0.33,0.47
22013004,1,0,0.33,0.47
22013005,1,1,0.67,0.47
22013007,1,0,0.33,0.47
22013008,23,0,7.67,10.84
22013021,1,0,0.33,0.47
22013022,15,8,9.33,4.19
22020000,6,2,2.67,2.49
22020001,1,1,1.0,0.0
22020005,3,2,1.67,1.25
22020006,6,0,2.0,2.83
22020008,4,1,2.0,1.41
22020010,3,1,1.33,1.25
22021002,1,0,0.33,0.47
22021003,5,0,1.67,2.36
22021008,2,0,0.67,0.94
22021009,3,2,1.67,1.25
22021010,1,0,0.33,0.47
22021011,1,0,0.33,0.47
22021260,13,5,7.67,3.77
22021268,2,1,1.0,0.82
22030011,2,1,1.0,0.82
22030050,1,0,0.33,0.47
22032000,8,0,2.67,3.77
22032015,1,0,0.33,0.47
22034000,14,11,10.67,2.87
22034003,1,0,0.33,0.47
22034004,3,1,1.67,0.94
22034006,2,0,0.67,0.94
22034026,11,1,4.0,4.97
22035013,1,0,0.33,0.47
22036000,40,32,33.67,4.64
22036014,1,0,0.33,0.47
22040007,2,1,1.0,0.82
22040009,3,1,1.67,0.94
22040011,3,2,2.0,0.82
22040016,1,0,0.33,0.47
22041000,1,0,0.33,0.47
22071000,8,2,3.33,3.4
22071001,1,0,0.33,0.47
22100000,7,3,3.33,2.87
22100002,1,0,0.33,0.47
22100010,4,1,1.67,1.7
22100025,3,1,1.33,1.25
22100056,1,1,0.67,0.47
22101000,7,6,5.67,1.25
22101001,14,13,11.33,3.09
22101003,2,0,0.67,0.94
22101004,1,0,0.33,0.47
22101005,3,0,1.0,1.41
22101006,1,0,0.33,0.47
22101008,2,1,1.0,0.82
22102000,10,5,5.67,3.3
22102001,3,3,2.67,0.47
22102004,10,9,9.0,0.82
22102005,21,13,15.67,3.77
22102006,3,3,2.33,0.94
22102009,3,1,1.67,0.94
22102013,4,3,2.33,1.7
22102014,25,23,21.0,4.32
22103000,4,3,2.67,1.25
22103001,9,4,5.0,2.94
22103003,4,1,2.0,1.41
22103004,12,7,8.33,2.62
22103005,10,7,7.67,1.7
22103006,3,3,2.0,1.41
22103007,3,1,1.67,0.94
22103010,4,3,2.33,1.7
22103011,6,5,4.0,2.16
22103013,3,2,2.0,0.82
22110003,5,2,2.33,2.05
22110004,1,1,0.67,0.47
22110005,4,0,1.33,1.89
22110085,1,0,0.33,0.47
22111004,17,12,11.67,4.5
22111006,2,1,1.0,0.82
22111008,5,3,3.33,1.25
22111012,6,2,3.0,2.16
22111015,5,5,4.33,0.94
22111018,2,1,1.0,0.82
22111025,4,1,1.67,1.7
22111026,5,5,4.0,1.41
22111028,3,1,1.33,1.25
22111029,4,2,2.33,1.25
22111031,6,3,3.33,2.05
22111034,4,0,1.33,1.89
22120003,1,1,0.67,0.47
22120004,15,3,6.0,6.48
22120005,12,2,5.0,4.97
22120015,4,0,1.33,1.89
22120016,1,1,0.67,0.47
22120017,2,0,0.67,0.94
22120028,5,4,4.0,0.82
22120039,9,7,6.33,2.49
22120044,1,1,0.67,0.47
22120055,4,0,1.33,1.89
22130000,11,8,8.0,2.45
22130003,2,1,1.0,0.82
22130007,7,7,6.33,0.94
22130010,8,4,4.67,2.49
22130011,5,4,4.0,0.82
22130012,1,0,0.33,0.47
22130016,7,6,4.67,2.62
22130017,11,8,8.33,2.05
22130018,2,2,2.0,0.0
22130022,1,0,0.33,0.47
22130029,2,0,0.67,0.94
22131003,1,0,0.33,0.47
22131004,3,1,1.33,1.25
22131005,1,1,0.67,0.47
22132008,1,0,0.33,0.47
22132010,4,4,4.0,0.0
22160001,1,1,1.0,0.0
22170001,11,8,8.0,2.45
22170003,2,1,1.0,0.82
22170004,1,0,0.33,0.47
22171000,6,2,2.67,2.49
22171002,1,0,0.33,0.47
22171004,3,3,2.67,0.47
22172000,10,6,5.67,3.68
22172002,3,0,1.0,1.41
22172003,3,0,1.0,1.41
22172004,6,1,2.33,2.62
22172005,9,2,4.33,3.3
22172006,4,2,2.0,1.63
22172007,8,5,5.67,1.7
22172008,4,3,3.0,0.82
22172010,1,0,0.33,0.47
22172012,2,2,2.0,0.0
22172013,4,1,1.67,1.7
22180002,3,1,1.33,1.25
22180003,2,2,1.67,0.47
22190000,15,10,10.67,3.3
22190002,7,3,3.67,2.49
22500001,1,0,0.33,0.47
22500022,6,6,6.0,0.0
22500056,1,0,0.33,0.47
22500072,5,1,2.0,2.16
22500094,6,2,2.67,2.49
22500099,1,0,0.33,0.47
22500101,1,0,0.33,0.47
22501003,2,0,0.67,0.94
22503000,2,1,1.0,0.82
22511000,3,2,2.0,0.82
22520002,2,0,0.67,0.94
22600000,5,1,2.0,2.16
22600002,5,1,2.33,1.89
22601000,13,12,10.33,3.09
22601044,1,0,0.33,0.47
22602000,1,1,0.67,0.47
22602001,1,0,0.33,0.47
22603000,2,1,1.0,0.82
22603001,1,0,0.33,0.47
22603002,1,0,0.33,0.47
22604000,1,1,0.67,0.47
22610000,1,0,0.33,0.47
22610002,2,1,1.33,0.47
22620000,1,0,0.33,0.47
22621000,1,1,0.67,0.47
22630000,2,1,1.0,0.82
22630002,1,0,0.33,0.47
22630004,2,0,0.67,0.94
22630008,1,1,0.67,0.47
22630009,2,1,1.0,0.82
22630010,1,0,0.33,0.47
22630013,1,0,0.33,0.47
22630049,2,0,0.67,0.94
22631002,2,2,2.0,0.0
22631004,1,1,0.67,0.47
22631005,3,2,1.67,1.25
22671051,1,0,0.33,0.47
22671053,1,1,0.67,0.47
22671054,1,0,0.33,0.47
22671055,2,1,1.0,0.82
22671057,1,0,0.33,0.47
22671058,1,1,0.67,0.47
22671070,2,0,0.67,0.94
22671072,1,0,0.33,0.47
22671078,1,0,0.33,0.47
22671079,1,0,0.33,0.47
22701000,1,0,0.33,0.47
22701003,3,3,2.33,0.94
22701007,1,0,0.33,0.47
22701008,2,1,1.0,0.82
22701009,2,2,1.67,0.47
22701011,2,1,1.0,0.82
22701014,14,8,8.33,4.5
22701018,1,0,0.33,0.47
22701020,2,1,1.0,0.82
22701021,4,0,1.33,1.89
22702002,1,0,0.33,0.47
22702004,1,1,0.67,0.47
22702005,3,2,1.67,1.25
22702006,2,1,1.33,0.47
22710000,2,0,0.67,0.94
22710003,4,0,1.33,1.89
22710005,1,0,0.33,0.47
22710009,2,0,0.67,0.94
22711000,5,1,2.0,2.16
22712001,4,1,2.0,1.41
22713001,7,0,2.33,3.3
22713002,5,0,1.67,2.36
22713003,1,0,0.33,0.47
22713004,2,1,1.0,0.82
22713007,1,0,0.33,0.47
22713008,1,0,0.33,0.47
22714000,1,0,0.33,0.47
22714001,3,0,1.0,1.41
22714002,4,1,1.67,1.7
22715002,1,0,0.33,0.47
22715003,1,0,0.33,0.47
22715004,2,0,0.67,0.94
22715006,5,2,2.33,2.05
22715007,2,1,1.0,0.82
22716000,4,1,1.67,1.7
22716001,1,0,0.33,0.47
22716002,1,0,0.33,0.47
22716003,2,0,0.67,0.94
22716004,3,2,1.67,1.25
22716005,2,1,1.0,0.82
22800000,2,1,1.33,0.47
22800001,2,0,0.67,0.94
22801000,1,1,0.67,0.47
22802001,3,3,2.33,0.94
22821000,1,0,0.33,0.47
22830000,1,1,0.67,0.47
22830002,3,1,1.67,0.94
22830003,1,1,0.67,0.47
22830005,2,1,1.0,0.82
22830007,1,1,0.67,0.47
22840002,1,1,0.67,0.47
22850004,1,0,0.33,0.47
22851001,1,0,0.33,0.47
22870001,1,0,0.33,0.47
22870002,1,0,0.33,0.47
22870003,1,0,0.33,0.47
22870004,1,0,0.33,0.47
22870009,1,0,0.33,0.47
22870011,1,0,0.33,0.47
22870016,1,0,0.33,0.47
22870021,1,0,0.33,0.47
22900001,1,0,0.33,0.47
22900002,1,0,0.33,0.47
22900005,1,0,0.33,0.47
22901000,1,0,0.33,0.47
22902012,1,0,0.33,0.47
23110001,31,15,19.67,8.06
23110006,11,6,7.67,2.36
23110007,18,12,12.0,4.9
23110009,40,39,37.33,3.09
23110028,2,1,1.0,0.82
23110029,1,0,0.33,0.47
23110124,4,0,1.33,1.89
23110144,1,0,0.33,0.47
23110145,1,1,0.67,0.47
23110174,6,5,4.67,1.25
23110175,7,4,4.67,1.7
23110184,1,0,0.33,0.47
23110185,2,0,0.67,0.94
23110187,1,0,0.33,0.47
23110188,1,0,0.33,0.47
23110189,1,0,0.33,0.47
23110190,4,1,2.0,1.41
23110192,1,0,0.33,0.47
23110193,1,1,0.67,0.47
23112029,3,1,1.33,1.25
23112032,3,3,2.67,0.47
23112035,1,0,0.33,0.47
23112036,1,1,0.67,0.47
23113003,3,0,1.0,1.41
23113005,1,1,0.67,0.47
23113022,1,0,0.33,0.47
23113023,1,1,0.67,0.47
23113024,1,1,1.0,0.0
23113025,3,1,1.33,1.25
23113026,3,2,2.0,0.82
23113027,2,2,1.67,0.47
23120001,10,9,9.33,0.47
23120059,3,0,1.0,1.41
23121045,1,0,0.33,0.47
23121048,1,0,0.33,0.47
23121051,1,0,0.33,0.47
23121052,12,9,8.67,2.87
23121053,3,0,1.0,1.41
23121061,1,0,0.33,0.47
23130012,1,0,0.33,0.47
23130075,2,0,0.67,0.94
23130079,1,0,0.33,0.47
23131002,14,10,11.0,2.16
23132061,9,7,6.67,2.05
23132063,9,7,7.33,1.25
23132068,10,6,7.0,2.16
23132072,3,2,1.67,1.25
23133017,2,0,0.67,0.94
23134002,7,2,3.33,2.62
23134003,13,11,10.0,2.94
23135027,1,0,0.33,0.47
23135028,2,1,1.0,0.82
23135029,1,0,0.33,0.47
23142012,2,1,1.0,0.82
23150004,1,0,0.33,0.47
23171006,2,0,0.67,0.94
24000137,2,1,1.0,0.82
24000333,7,0,2.33,3.3
24000334,3,0,1.0,1.41
24000335,1,0,0.33,0.47
24000370,2,1,1.33,0.47
24000371,1,0,0.33,0.47
24000373,6,3,3.33,2.05
24000377,1,1,0.67,0.47
24000385,1,0,0.33,0.47
24000388,4,2,2.33,1.25
24000391,1,0,0.33,0.47
24000393,1,0,0.33,0.47
24010000,1,1,1.0,0.0
24010016,1,0,0.33,0.47
24010017,6,4,4.67,0.94
24010380,1,0,0.33,0.47
24010384,6,4,3.67,2.05
24010809,6,5,4.33,1.7
24010811,2,0,0.67,0.94
24010812,3,0,1.0,1.41
24010816,3,1,1.33,1.25
24010817,10,4,5.33,3.4
24010819,7,5,4.33,2.49
24010823,6,3,3.0,2.45
24010825,1,1,0.67,0.47
24010829,3,0,1.0,1.41
24010886,1,1,0.67,0.47
24011002,1,1,0.67,0.47
24011017,2,1,1.33,0.47
24011018,2,0,0.67,0.94
24011096,2,0,0.67,0.94
24011098,1,1,0.67,0.47
24011099,1,0,0.33,0.47
24011103,1,0,0.33,0.47
24011108,1,1,0.67,0.47
24011110,2,0,0.67,0.94
24011146,2,0,0.67,0.94
24012001,4,0,1.33,1.89
24012002,2,0,0.67,0.94
24012009,2,1,1.0,0.82
24012113,1,0,0.33,0.47
24012114,2,1,1.0,0.82
24012150,1,0,0.33,0.47
24012151,3,2,2.0,0.82
24030062,1,1,1.0,0.0
24030065,1,0,0.33,0.47
24032005,1,0,0.33,0.47
24100000,2,0,0.67,0.94
24100003,1,1,1.0,0.0
24100023,2,0,0.67,0.94
24101000,4,4,3.33,0.94
24101002,6,4,4.67,0.94
24101003,4,2,2.0,1.63
24101005,2,0,0.67,0.94
24101006,5,4,4.33,0.47
24101076,2,0,0.67,0.94
24102002,1,1,1.0,0.0
24102003,1,0,0.33,0.47
24102005,2,1,1.0,0.82
24112016,1,0,0.33,0.47
24112019,1,1,0.67,0.47
24220016,1,0,0.33,0.47
24220019,1,0,0.33,0.47
24220021,1,0,0.33,0.47
24220022,1,0,0.33,0.47
24400000,1,0,0.33,0.47
24401008,3,2,2.33,0.47
24401009,3,1,1.33,1.25
24401012,1,0,0.33,0.47
24403016,1,0,0.33,0.47
24403017,1,0,0.33,0.47
24403022,1,0,0.33,0.47
24403028,2,0,0.67,0.94
25005060,3,2,1.67,1.25
25012012,8,3,4.0,2.94
25100108,4,1,2.0,1.41
25100113,2,1,1.0,0.82
25101002,2,2,1.33,0.94
25101011,9,5,6.0,2.16
25101014,1,0,0.33,0.47
25101044,13,9,9.33,2.87
25101046,5,2,2.67,1.7
25102024,1,0,0.33,0.47
25110012,3,2,1.67,1.25
25111009,13,5,6.33,4.99
25111021,3,2,1.67,1.25
25111048,10,8,8.67,0.94
25111051,5,4,3.0,2.16
25112008,2,1,1.0,0.82
25120014,5,3,3.33,1.25
25120016,19,17,15.67,3.4
25120034,1,0,0.33,0.47
25120035,2,2,1.33,0.94
25120036,7,2,3.0,2.94
25121001,1,0,0.33,0.47
25121003,7,5,4.33,2.49
25121013,2,1,1.33,0.47
25121021,1,0,0.33,0.47
25121022,3,1,1.33,1.25
25121074,1,0,0.33,0.47
25130010,5,3,2.67,2.05
25130014,2,0,0.67,0.94
25150001,2,0,0.67,0.94
25405948,1,0,0.33,0.47
27000006,1,0,0.33,0.47
27000007,2,1,1.0,0.82
27000008,1,0,0.33,0.47
27000012,2,0,0.67,0.94
27000013,1,0,0.33,0.47
27000019,1,0,0.33,0.47
27000020,2,0,0.67,0.94
27000033,1,1,0.67,0.47
27000037,1,1,1.0,0.0
27000201,1,0,0.33,0.47
27000556,1,0,0.33,0.47
27000573,9,9,7.67,1.89
27000574,11,9,8.33,2.49
27000575,2,0,0.67,0.94
27000576,11,8,8.0,2.45
27000578,2,1,1.33,0.47
27000581,12,5,7.0,3.56
27000582,17,17,13.33,5.19
27000583,4,0,1.33,1.89
27002042,3,0,1.0,1.41
27002045,2,0,0.67,0.94
27002163,1,1,1.0,0.0
27002164,1,0,0.33,0.47
27002165,2,1,1.0,0.82
27002166,1,1,0.67,0.47
27002167,2,1,1.0,0.82
27002169,3,2,2.33,0.47
27002173,1,1,0.67,0.47
27002174,4,3,2.67,1.25
27002176,2,0,0.67,0.94
27002177,2,0,0.67,0.94
27002178,1,0,0.33,0.47
27002182,1,1,0.67,0.47
27002185,1,1,0.67,0.47
27002186,1,1,0.67,0.47
27002188,3,2,2.0,0.82
27002194,4,3,3.33,0.47
27002264,2,0,0.67,0.94
27002436,1,0,0.33,0.47
27002437,1,0,0.33,0.47
27002438,1,0,0.33,0.47
27002440,2,1,1.33,0.47
27002495,1,0,0.33,0.47
27002554,1,0,0.33,0.47
27002555,4,4,3.33,0.94
27002557,1,0,0.33,0.47
27002560,3,2,2.0,0.82
27002561,2,0,0.67,0.94
27002573,2,0,0.67,0.94
27002590,1,0,0.33,0.47
27002594,1,0,0.33,0.47
27002595,3,1,1.33,1.25
27002630,2,0,0.67,0.94
27002632,1,0,0.33,0.47
27030003,1,0,0.33,0.47
27030020,1,0,0.33,0.47
27100542,11,11,10.33,0.94
27200170,1,0,0.33,0.47
27200924,15,14,12.67,2.62
27200925,3,3,2.67,0.47
27200937,1,0,0.33,0.47
27200938,9,7,5.67,3.4
27200939,4,3,3.33,0.47
27200940,2,1,1.0,0.82
27200941,1,1,0.67,0.47
27201062,2,0,0.67,0.94
27240000,5,4,4.0,0.82
27300273,14,11,12.0,1.41
27300274,25,21,19.33,5.44
27300276,5,3,3.33,1.25
27300278,2,2,1.33,0.94
27300279,1,1,0.67,0.47
27300280,2,1,1.33,0.47
27300281,6,5,5.0,0.82
27300282,6,5,4.67,1.25
27300283,2,1,1.0,0.82
27300284,3,2,2.0,0.82
27400047,2,1,1.0,0.82
27400048,2,1,1.0,0.82
27400052,1,0,0.33,0.47
27400061,1,0,0.33,0.47
27400118,1,1,0.67,0.47
27400119,1,0,0.33,0.47
27400126,4,4,3.0,1.41
27400145,4,3,3.33,0.47
27400158,1,1,1.0,0.0
27400289,10,3,4.67,3.86
27400302,4,2,2.67,0.94
27400708,3,1,1.33,1.25
27400855,7,7,6.33,0.94
27401709,1,1,0.67,0.47
27401714,5,5,3.67,1.89
27401715,2,0,0.67,0.94
27401758,2,1,1.0,0.82
27401765,1,0,0.33,0.47
27410000,26,22,22.67,2.49
27410001,7,6,6.33,0.47
27410002,6,3,3.0,2.45
27410003,14,11,10.67,2.87
27410005,3,2,1.67,1.25
27410042,8,8,5.67,3.3
27410043,1,0,0.33,0.47
27410044,6,5,5.33,0.47
27410045,6,5,4.67,1.25
27421002,1,0,0.33,0.47
30000023,1,0,0.33,0.47
30000032,1,0,0.33,0.47
30000034,1,1,0.67,0.47
30000044,1,0,0.33,0.47
30000087,1,0,0.33,0.47
30000088,1,0,0.33,0.47
30001002,1,0,0.33,0.47
30006010,1,0,0.33,0.47
30010005,1,0,0.33,0.47
30010009,1,0,0.33,0.47
30010022,1,0,0.33,0.47
30010023,1,0,0.33,0.47
30010026,1,1,0.67,0.47
30010028,1,0,0.33,0.47
30011008,1,0,0.33,0.47
30011031,1,0,0.33,0.47
30011032,1,0,0.33,0.47
30011055,1,0,0.33,0.47
30012008,1,0,0.33,0.47
30020004,1,0,0.33,0.47
30020008,1,0,0.33,0.47
30040005,1,0,0.33,0.47
30042010,1,0,0.33,0.47
30052006,1,0,0.33,0.47
30103007,1,0,0.33,0.47
30120016,1,0,0.33,0.47
30120019,1,0,0.33,0.47
30121051,1,0,0.33,0.47
30124013,1,0,0.33,0.47
30124014,1,0,0.33,0.47
30125056,1,0,0.33,0.47
30126028,1,0,0.33,0.47
30126032,1,0,0.33,0.47
30133012,1,0,0.33,0.47
30151021,1,0,0.33,0.47
30161021,1,0,0.33,0.47
30161022,1,0,0.33,0.47
30161035,1,0,0.33,0.47
30161040,2,0,0.67,0.94
30161041,1,0,0.33,0.47
30161042,1,0,0.33,0.47
30161050,1,0,0.33,0.47
30161060,1,0,0.33,0.47
30161069,1,0,0.33,0.47
30161076,1,0,0.33,0.47
30161100,1,0,0.33,0.47
30161104,1,0,0.33,0.47
30164006,1,0,0.33,0.47
30165005,1,0,0.33,0.47
30165007,1,0,0.33,0.47
30165014,1,0,0.33,0.47
30166007,1,0,0.33,0.47
30166015,1,0,0.33,0.47
30166033,1,0,0.33,0.47
30167002,1,0,0.33,0.47
30169004,1,1,0.67,0.47
30170011,1,1,0.67,0.47
30172011,1,0,0.33,0.47
30175038,1,0,0.33,0.47
30175044,1,0,0.33,0.47
30202006,2,0,0.67,0.94
30215029,1,0,0.33,0.47
30231003,2,0,0.67,0.94
30231014,1,0,0.33,0.47
30233108,1,0,0.33,0.47
30250014,1,0,0.33,0.47
30300050,1,0,0.33,0.47
30304008,1,0,0.33,0.47
30304016,1,0,0.33,0.47
30304020,1,0,0.33,0.47
30304027,3,0,1.0,1.41
30308013,1,0,0.33,0.47
30310005,1,0,0.33,0.47
30314019,1,0,0.33,0.47
30320001,1,1,0.67,0.47
30320004,1,0,0.33,0.47
30320005,1,0,0.33,0.47
30320006,1,0,0.33,0.47
30321003,1,0,0.33,0.47
30321004,3,1,1.33,1.25
30321005,1,0,0.33,0.47
30321006,1,0,0.33,0.47
30321007,1,0,0.33,0.47
30321009,1,0,0.33,0.47
30321012,1,0,0.33,0.47
30321013,1,0,0.33,0.47
30321014,1,0,0.33,0.47
30321015,1,0,0.33,0.47
30321020,2,0,0.67,0.94
30322005,1,0,0.33,0.47
30323001,3,2,2.0,0.82
30323002,1,0,0.33,0.47
30330003,1,0,0.33,0.47
30331013,1,0,0.33,0.47
30332004,1,0,0.33,0.47
30333022,1,0,0.33,0.47
30334006,1,0,0.33,0.47
30334046,1,1,0.67,0.47
30335004,1,0,0.33,0.47
30335024,1,0,0.33,0.47
30336009,1,0,0.33,0.47
30337001,1,0,0.33,0.47
30337002,1,0,0.33,0.47
30338006,1,0,0.33,0.47
30341002,1,0,0.33,0.47
30348008,1,0,0.33,0.47
30348013,1,0,0.33,0.47
30348014,1,0,0.33,0.47
30348025,1,0,0.33,0.47
30348027,1,0,0.33,0.47
30348035,1,0,0.33,0.47
30348044,1,0,0.33,0.47
30350019,1,0,0.33,0.47
30351006,1,0,0.33,0.47
30351007,2,1,1.0,0.82
30352001,1,0,0.33,0.47
30352002,1,0,0.33,0.47
30353003,1,0,0.33,0.47
30354003,1,0,0.33,0.47
30355011,1,0,0.33,0.47
30355015,1,0,0.33,0.47
30356005,2,1,1.0,0.82
30356011,1,0,0.33,0.47
30358001,1,0,0.33,0.47
30361024,1,0,0.33,0.47
30362001,1,0,0.33,0.47
30365001,1,0,0.33,0.47
30365017,1,0,0.33,0.47
30365021,2,1,1.0,0.82
30380001,9,6,6.33,2.05
30380002,65,44,50.67,10.14
30380003,100,96,93.0,7.26
30393014,1,0,0.33,0.47
30420003,2,0,0.67,0.94
30444008,1,0,0.33,0.47
30444014,1,0,0.33,0.47
30444019,1,0,0.33,0.47
30444020,1,0,0.33,0.47
30444021,1,0,0.33,0.47
30444024,1,0,0.33,0.47
30444029,3,1,1.33,1.25
30445001,1,0,0.33,0.47
30445008,1,1,0.67,0.47
30447003,1,0,0.33,0.47
30448004,1,0,0.33,0.47
30448017,1,0,0.33,0.47
30451039,2,0,0.67,0.94
30500027,2,0,0.67,0.94
30500039,1,0,0.33,0.47
30503012,1,0,0.33,0.47
30503013,1,0,0.33,0.47
30504004,1,0,0.33,0.47
30504005,1,0,0.33,0.47
30504008,1,0,0.33,0.47
30504016,1,1,0.67,0.47
30504019,1,0,0.33,0.47
30504022,1,1,0.67,0.47
30510012,2,0,0.67,0.94
30510016,1,0,0.33,0.47
30510023,1,0,0.33,0.47
30512010,1,0,0.33,0.47
30512030,1,0,0.33,0.47
30514002,1,0,0.33,0.47
30514005,2,0,0.67,0.94
30514006,1,0,0.33,0.47
30514008,1,0,0.33,0.47
30514009,1,0,0.33,0.47
30514026,1,0,0.33,0.47
30514028,1,1,0.67,0.47
30514043,1,0,0.33,0.47
30515009,1,0,0.33,0.47
30515011,1,0,0.33,0.47
30521007,1,0,0.33,0.47
30522026,1,0,0.33,0.47
30522039,2,0,0.67,0.94
30522045,2,0,0.67,0.94
30530029,1,0,0.33,0.47
30541002,1,0,0.33,0.47
30541004,1,0,0.33,0.47
30541006,1,0,0.33,0.47
30541007,1,0,0.33,0.47
30551004,1,0,0.33,0.47
30553002,1,0,0.33,0.47
30602030,1,0,0.33,0.47
30602043,1,0,0.33,0.47
30634005,1,0,0.33,0.47
30634012,1,0,0.33,0.47
30634013,1,0,0.33,0.47
30634014,2,0,0.67,0.94
30634017,1,0,0.33,0.47
30641001,1,0,0.33,0.47
30700001,1,0,0.33,0.47
30700002,1,0,0.33,0.47
30701009,1,0,0.33,0.47
30701033,1,0,0.33,0.47
30706011,1,0,0.33,0.47
30710012,1,0,0.33,0.47
30710016,1,0,0.33,0.47
30710052,1,0,0.33,0.47
30710060,1,0,0.33,0.47
30710067,1,0,0.33,0.47
30710077,1,0,0.33,0.47
30710078,1,0,0.33,0.47
30723006,1,0,0.33,0.47
30723007,1,0,0.33,0.47
30727001,1,0,0.33,0.47
30727003,1,0,0.33,0.47
30728002,1,0,0.33,0.47
30800006,1,0,0.33,0.47
30803006,1,0,0.33,0.47
30804025,1,0,0.33,0.47
30804031,1,0,0.33,0.47
30812004,1,0,0.33,0.47
30820030,1,0,0.33,0.47
30820046,1,0,0.33,0.47
30821001,1,0,0.33,0.47
30821004,1,0,0.33,0.47
30821007,1,0,0.33,0.47
30821008,1,0,0.33,0.47
30821022,1,0,0.33,0.47
30821044,1,0,0.33,0.47
30821053,1,0,0.33,0.47
30822009,1,0,0.33,0.47
30822024,1,0,0.33,0.47
30822034,1,0,0.33,0.47
30832012,1,0,0.33,0.47
30840004,1,0,0.33,0.47
30903063,1,0,0.33,0.47
31001001,1,0,0.33,0.47
31001015,1,0,0.33,0.47
31001057,1,0,0.33,0.47
31001059,1,0,0.33,0.47
31001071,1,0,0.33,0.47
31003025,1,0,0.33,0.47
31003026,1,0,0.33,0.47
31003034,1,0,0.33,0.47
31003047,1,0,0.33,0.47
31004003,1,1,0.67,0.47
31004009,1,0,0.33,0.47
31004032,1,0,0.33,0.47
31010017,1,0,0.33,0.47
31012011,1,0,0.33,0.47
31017018,1,0,0.33,0.47
31021006,1,0,0.33,0.47
31021008,1,0,0.33,0.47
31021021,1,0,0.33,0.47
31021026,1,0,0.33,0.47
31021031,1,0,0.33,0.47
31022005,1,0,0.33,0.47
31023012,1,0,0.33,0.47
31024010,1,0,0.33,0.47
31028006,1,0,0.33,0.47
31029004,1,0,0.33,0.47
31031003,1,0,0.33,0.47
31032011,1,0,0.33,0.47
31042000,1,0,0.33,0.47
31042017,1,1,0.67,0.47
31042054,1,0,0.33,0.47
31047000,1,0,0.33,0.47
31049002,1,0,0.33,0.47
31049012,1,0,0.33,0.47
31131002,1,0,0.33,0.47
31133007,1,0,0.33,0.47
31135005,1,0,0.33,0.47
31137005,1,0,0.33,0.47
31302000,1,0,0.33,0.47
31423001,1,0,0.33,0.47
31425003,1,0,0.33,0.47
31425006,1,0,0.33,0.47
31425087,5,0,1.67,2.36
31425131,1,0,0.33,0.47
31425134,1,0,0.33,0.47
31425135,1,0,0.33,0.47
32012006,1,0,0.33,0.47
32013019,1,0,0.33,0.47
32030016,1,0,0.33,0.47
32043003,1,0,0.33,0.47
32143000,3,1,1.33,1.25
32143002,2,0,0.67,0.94
32203004,1,0,0.33,0.47
32214004,1,1,0.67,0.47
32300083,1,0,0.33,0.47
32314026,1,0,0.33,0.47
32316005,1,0,0.33,0.47
32316009,1,1,0.67,0.47
32316027,2,0,0.67,0.94
32316029,1,0,0.33,0.47
32322009,1,0,0.33,0.47
32322026,1,0,0.33,0.47
32323014,1,0,0.33,0.47
32325166,1,0,0.33,0.47
32325191,1,0,0.33,0.47
32325224,1,0,0.33,0.47
32325229,1,0,0.33,0.47
32325236,1,0,0.33,0.47
32325249,1,0,0.33,0.47
32350001,1,0,0.33,0.47
32352038,1,0,0.33,0.47
32352039,1,0,0.33,0.47
32360022,1,0,0.33,0.47
32360026,1,0,0.33,0.47
32361031,1,0,0.33,0.47
32368024,1,0,0.33,0.47
32403027,1,0,0.33,0.47
32416009,3,2,2.0,0.82
32416010,2,1,1.0,0.82
32736022,1,0,0.33,0.47
32821005,1,1,0.67,0.47
32917000,8,2,3.67,3.09
32917001,1,1,0.67,0.47
33001055,1,0,0.33,0.47
33007005,1,0,0.33,0.47
33018020,1,0,0.33,0.47
33060006,1,1,0.67,0.47
33060007,3,0,1.0,1.41
33060008,1,0,0.33,0.47
33060009,1,0,0.33,0.47
33060020,1,0,0.33,0.47
33060023,1,0,0.33,0.47
33060045,1,0,0.33,0.47
33060051,1,0,0.33,0.47
33060069,1,0,0.33,0.47
33064010,1,0,0.33,0.47
34032002,1,0,0.33,0.47
34038001,1,0,0.33,0.47
34051001,1,0,0.33,0.47
34051004,1,0,0.33,0.47
34053002,1,0,0.33,0.47
34100012,1,0,0.33,0.47
34101008,1,0,0.33,0.47
34101046,1,0,0.33,0.47
34101152,1,0,0.33,0.47
34113027,1,0,0.33,0.47
34121002,2,0,0.67,0.94
34121087,1,0,0.33,0.47
34121093,1,0,0.33,0.47
34121110,1,0,0.33,0.47
34127001,1,0,0.33,0.47
34135027,1,0,0.33,0.47
34200015,1,0,0.33,0.47
34203017,1,0,0.33,0.47
34204046,1,0,0.33,0.47
34204048,1,0,0.33,0.47
34204079,1,0,0.33,0.47
34204087,1,0,0.33,0.47
34204091,1,0,0.33,0.47
34204092,1,0,0.33,0.47
34204137,1,0,0.33,0.47
34204154,1,0,0.33,0.47
34204159,1,0,0.33,0.47
34204161,1,0,0.33,0.47
34204162,1,0,0.33,0.47
34207001,1,0,0.33,0.47
34207015,1,0,0.33,0.47
34211030,1,0,0.33,0.47
34211093,1,0,0.33,0.47
34211094,1,0,0.33,0.47
34212007,1,0,0.33,0.47
34212021,1,0,0.33,0.47
34220002,1,0,0.33,0.47
34220008,1,0,0.33,0.47
34220014,1,0,0.33,0.47
34220016,1,0,0.33,0.47
34220017,1,0,0.33,0.47
34225018,1,1,0.67,0.47
34225080,1,0,0.33,0.47
34225081,1,0,0.33,0.47
34226001,1,0,0.33,0.47
34240027,1,0,0.33,0.47
34250063,1,0,0.33,0.47
34304016,1,0,0.33,0.47
34304024,1,0,0.33,0.47
34333003,1,0,0.33,0.47
34511030,1,0,0.33,0.47
34511033,1,0,0.33,0.47
34511042,1,0,0.33,0.47
34511058,1,0,0.33,0.47
34513099,1,0,0.33,0.47
34513105,1,0,0.33,0.47
34513108,1,0,0.33,0.47
34513110,1,0,0.33,0.47
34641054,1,0,0.33,0.47
34831005,1,0,0.33,0.47
34900214,1,0,0.33,0.47
36010017,1,0,0.33,0.47
36010021,1,1,0.67,0.47
36010027,1,0,0.33,0.47
36020034,1,0,0.33,0.47
36020037,1,0,0.33,0.47
36022016,1,0,0.33,0.47
36023024,1,0,0.33,0.47
36030032,1,0,0.33,0.47
36030033,2,0,0.67,0.94
36030035,1,0,0.33,0.47
36030036,1,0,0.33,0.47
36030045,1,0,0.33,0.47
36035003,1,0,0.33,0.47
40000667,2,1,1.0,0.82
40000673,3,1,1.33,1.25
40000674,1,0,0.33,0.47
40000675,4,1,1.67,1.7
40000678,1,1,0.67,0.47
40000694,1,0,0.33,0.47
