b,b_agg_user_max,b_agg_user_max_median,b_agg_user_max_mean,b_agg_user_max_std
10003.0,1.0,0.0,0.33,0.47
10007.0,9.0,8.0,7.67,1.25
10010.0,1.0,0.0,0.33,0.47
10012.0,4.0,2.0,2.33,1.25
10015.0,3.0,1.0,1.33,1.25
10033.0,7.0,2.0,3.67,2.36
10038.0,2.0,0.0,0.67,0.94
10043.0,1.0,0.0,0.33,0.47
10045.0,6.0,2.0,3.33,1.89
10047.0,2.0,0.0,0.67,0.94
10049.0,1.0,0.0,0.33,0.47
10053.0,1.0,1.0,0.67,0.47
10060.0,14.0,7.0,8.67,3.86
10062.0,10.0,9.0,9.33,0.47
10063.0,1.0,0.0,0.33,0.47
10064.0,8.0,2.0,4.0,2.83
10066.0,3.0,2.0,1.67,1.25
10068.0,6.0,3.0,4.0,1.41
10069.0,6.0,6.0,4.67,1.89
10075.0,1.0,0.0,0.33,0.47
10080.0,8.0,4.0,4.67,2.49
10083.0,2.0,1.0,1.0,0.82
10084.0,3.0,0.0,1.0,1.41
10085.0,1.0,0.0,0.33,0.47
10086.0,18.0,17.0,17.0,0.82
10087.0,1.0,0.0,0.33,0.47
10091.0,4.0,3.0,2.33,1.7
10094.0,6.0,2.0,3.0,2.16
10097.0,1.0,1.0,0.67,0.47
10098.0,2.0,0.0,0.67,0.94
10104.0,3.0,2.0,2.0,0.82
10106.0,11.0,7.0,7.0,3.27
10107.0,10.0,6.0,7.0,2.16
10109.0,2.0,2.0,1.67,0.47
10116.0,1.0,1.0,0.67,0.47
10119.0,1.0,0.0,0.33,0.47
10123.0,2.0,2.0,1.67,0.47
10124.0,4.0,3.0,3.0,0.82
10125.0,1.0,1.0,1.0,0.0
10127.0,3.0,0.0,1.0,1.41
10129.0,1.0,0.0,0.33,0.47
10130.0,1.0,0.0,0.33,0.47
10133.0,2.0,1.0,1.0,0.82
10137.0,1.0,1.0,0.67,0.47
10154.0,4.0,2.0,2.0,1.63
10161.0,1.0,1.0,0.67,0.47
10163.0,5.0,1.0,2.33,1.89
10185.0,1.0,0.0,0.33,0.47
10190.0,1.0,0.0,0.33,0.47
10198.0,3.0,0.0,1.0,1.41
10199.0,3.0,1.0,1.33,1.25
10208.0,1.0,0.0,0.33,0.47
10211.0,7.0,4.0,4.67,1.7
10214.0,1.0,0.0,0.33,0.47
10608.0,3.0,2.0,1.67,1.25
10616.0,2.0,0.0,0.67,0.94
10617.0,1.0,0.0,0.33,0.47
10624.0,2.0,1.0,1.0,0.82
10628.0,1.0,0.0,0.33,0.47
10632.0,3.0,2.0,2.0,0.82
10637.0,2.0,2.0,1.67,0.47
10652.0,3.0,2.0,2.33,0.47
10656.0,1.0,0.0,0.33,0.47
10659.0,4.0,3.0,2.67,1.25
10669.0,2.0,0.0,0.67,0.94
10676.0,1.0,0.0,0.33,0.47
10678.0,1.0,0.0,0.33,0.47
10679.0,3.0,1.0,1.67,0.94
10685.0,1.0,0.0,0.33,0.47
10691.0,1.0,0.0,0.33,0.47
10692.0,4.0,4.0,3.0,1.41
10697.0,1.0,1.0,0.67,0.47
10701.0,2.0,1.0,1.33,0.47
10702.0,1.0,1.0,0.67,0.47
10703.0,3.0,2.0,2.0,0.82
10704.0,1.0,0.0,0.33,0.47
10705.0,2.0,1.0,1.33,0.47
10706.0,16.0,15.0,13.0,3.56
10710.0,3.0,3.0,2.0,1.41
10714.0,2.0,1.0,1.0,0.82
10715.0,1.0,0.0,0.33,0.47
10717.0,1.0,0.0,0.33,0.47
10719.0,16.0,3.0,7.33,6.13
10721.0,1.0,0.0,0.33,0.47
10722.0,1.0,1.0,0.67,0.47
10724.0,10.0,7.0,7.0,2.45
10726.0,1.0,1.0,0.67,0.47
10727.0,1.0,1.0,0.67,0.47
10729.0,5.0,0.0,1.67,2.36
10730.0,1.0,0.0,0.33,0.47
10732.0,1.0,0.0,0.33,0.47
10741.0,2.0,0.0,0.67,0.94
11004.0,2.0,0.0,0.67,0.94
11006.0,1.0,0.0,0.33,0.47
11014.0,1.0,0.0,0.33,0.47
11026.0,7.0,3.0,4.0,2.16
11032.0,2.0,0.0,0.67,0.94
11036.0,10.0,5.0,5.67,3.3
11039.0,1.0,1.0,0.67,0.47
11046.0,1.0,0.0,0.33,0.47
11048.0,3.0,2.0,2.33,0.47
11049.0,1.0,0.0,0.33,0.47
11052.0,1.0,1.0,0.67,0.47
11057.0,4.0,2.0,2.33,1.25
11069.0,1.0,0.0,0.33,0.47
11075.0,1.0,1.0,0.67,0.47
11079.0,4.0,2.0,2.33,1.25
11081.0,1.0,1.0,0.67,0.47
11085.0,1.0,0.0,0.33,0.47
11091.0,1.0,0.0,0.33,0.47
11094.0,3.0,1.0,1.33,1.25
11097.0,1.0,0.0,0.33,0.47
11106.0,2.0,1.0,1.0,0.82
11107.0,1.0,0.0,0.33,0.47
11110.0,1.0,1.0,0.67,0.47
11112.0,2.0,0.0,0.67,0.94
11114.0,8.0,2.0,4.0,2.83
11115.0,1.0,1.0,0.67,0.47
11116.0,1.0,0.0,0.33,0.47
11119.0,1.0,0.0,0.33,0.47
11121.0,1.0,0.0,0.33,0.47
11123.0,3.0,2.0,2.0,0.82
11127.0,1.0,0.0,0.33,0.47
11128.0,2.0,2.0,1.67,0.47
11129.0,8.0,6.0,5.67,2.05
11130.0,1.0,1.0,1.0,0.0
11133.0,2.0,1.0,1.0,0.82
11137.0,1.0,0.0,0.33,0.47
11140.0,2.0,0.0,0.67,0.94
11144.0,2.0,1.0,1.0,0.82
11146.0,1.0,0.0,0.33,0.47
11148.0,1.0,0.0,0.33,0.47
11149.0,2.0,0.0,0.67,0.94
11150.0,1.0,1.0,0.67,0.47
11151.0,1.0,0.0,0.33,0.47
11154.0,6.0,4.0,4.0,1.63
11156.0,1.0,1.0,0.67,0.47
11159.0,6.0,3.0,4.0,1.41
11164.0,1.0,0.0,0.33,0.47
11165.0,1.0,1.0,0.67,0.47
11168.0,1.0,0.0,0.33,0.47
11201.0,1.0,1.0,0.67,0.47
11204.0,2.0,1.0,1.33,0.47
11209.0,1.0,1.0,0.67,0.47
11210.0,2.0,1.0,1.0,0.82
11213.0,1.0,1.0,0.67,0.47
11215.0,2.0,1.0,1.0,0.82
11217.0,1.0,1.0,0.67,0.47
11219.0,1.0,0.0,0.33,0.47
11220.0,1.0,0.0,0.33,0.47
11221.0,3.0,1.0,1.67,0.94
11224.0,5.0,4.0,4.0,0.82
11225.0,3.0,0.0,1.0,1.41
11227.0,1.0,0.0,0.33,0.47
11228.0,2.0,0.0,0.67,0.94
11233.0,1.0,0.0,0.33,0.47
11234.0,2.0,0.0,0.67,0.94
11235.0,1.0,0.0,0.33,0.47
11241.0,2.0,2.0,1.67,0.47
11258.0,1.0,1.0,1.0,0.0
11260.0,3.0,1.0,1.33,1.25
11263.0,1.0,0.0,0.33,0.47
11265.0,2.0,1.0,1.0,0.82
11276.0,1.0,0.0,0.33,0.47
11281.0,2.0,1.0,1.0,0.82
11286.0,1.0,0.0,0.33,0.47
11288.0,1.0,1.0,0.67,0.47
11291.0,3.0,1.0,1.33,1.25
11301.0,2.0,1.0,1.0,0.82
11305.0,1.0,0.0,0.33,0.47
11306.0,1.0,0.0,0.33,0.47
11310.0,1.0,0.0,0.33,0.47
11312.0,1.0,0.0,0.33,0.47
11313.0,1.0,0.0,0.33,0.47
11314.0,2.0,0.0,0.67,0.94
11317.0,1.0,0.0,0.33,0.47
11318.0,1.0,0.0,0.33,0.47
11321.0,1.0,0.0,0.33,0.47
11327.0,3.0,2.0,1.67,1.25
11334.0,1.0,1.0,0.67,0.47
11337.0,1.0,0.0,0.33,0.47
11338.0,2.0,0.0,0.67,0.94
11342.0,1.0,0.0,0.33,0.47
11344.0,1.0,1.0,1.0,0.0
11345.0,1.0,0.0,0.33,0.47
11351.0,1.0,0.0,0.33,0.47
11352.0,1.0,0.0,0.33,0.47
11356.0,1.0,0.0,0.33,0.47
11365.0,1.0,0.0,0.33,0.47
11375.0,2.0,0.0,0.67,0.94
11376.0,1.0,0.0,0.33,0.47
11378.0,1.0,1.0,0.67,0.47
11379.0,4.0,2.0,2.33,1.25
11381.0,1.0,0.0,0.33,0.47
11383.0,2.0,1.0,1.0,0.82
11384.0,1.0,1.0,0.67,0.47
11385.0,6.0,2.0,3.0,2.16
11387.0,1.0,0.0,0.33,0.47
14001.0,5.0,0.0,1.67,2.36
14002.0,2.0,0.0,0.67,0.94
14005.0,3.0,3.0,2.67,0.47
14008.0,4.0,2.0,2.67,0.94
14010.0,1.0,1.0,0.67,0.47
14016.0,2.0,1.0,1.0,0.82
14019.0,1.0,0.0,0.33,0.47
14020.0,2.0,1.0,1.0,0.82
14022.0,1.0,0.0,0.33,0.47
14024.0,1.0,1.0,1.0,0.0
14031.0,3.0,1.0,1.67,0.94
14032.0,8.0,4.0,5.0,2.16
14033.0,3.0,1.0,1.33,1.25
14034.0,1.0,0.0,0.33,0.47
14035.0,4.0,1.0,1.67,1.7
14036.0,1.0,0.0,0.33,0.47
14038.0,2.0,1.0,1.0,0.82
14039.0,1.0,1.0,0.67,0.47
14041.0,2.0,2.0,1.33,0.94
14042.0,1.0,1.0,1.0,0.0
14043.0,4.0,2.0,2.33,1.25
14044.0,11.0,4.0,6.33,3.3
14045.0,2.0,1.0,1.0,0.82
14049.0,1.0,0.0,0.33,0.47
14051.0,9.0,4.0,5.0,2.94
14067.0,4.0,2.0,2.67,0.94
14069.0,1.0,1.0,0.67,0.47
14070.0,2.0,1.0,1.0,0.82
14071.0,2.0,1.0,1.33,0.47
14079.0,5.0,5.0,4.67,0.47
14080.0,4.0,1.0,2.0,1.41
14082.0,7.0,7.0,6.67,0.47
14084.0,1.0,1.0,0.67,0.47
14088.0,1.0,1.0,0.67,0.47
14092.0,3.0,1.0,1.33,1.25
14097.0,1.0,0.0,0.33,0.47
14098.0,12.0,12.0,11.0,1.41
14102.0,4.0,3.0,3.33,0.47
14104.0,5.0,4.0,3.67,1.25
14108.0,1.0,1.0,0.67,0.47
14110.0,2.0,2.0,1.67,0.47
14112.0,5.0,4.0,3.67,1.25
14116.0,1.0,1.0,0.67,0.47
14117.0,2.0,1.0,1.0,0.82
14118.0,1.0,1.0,0.67,0.47
14119.0,2.0,1.0,1.0,0.82
14121.0,3.0,2.0,2.0,0.82
14123.0,6.0,4.0,4.33,1.25
14126.0,5.0,4.0,3.33,1.7
14127.0,1.0,1.0,0.67,0.47
14129.0,1.0,0.0,0.33,0.47
14133.0,2.0,0.0,0.67,0.94
14134.0,1.0,0.0,0.33,0.47
14145.0,5.0,3.0,3.0,1.63
14146.0,2.0,1.0,1.33,0.47
14148.0,2.0,0.0,0.67,0.94
14149.0,2.0,1.0,1.33,0.47
14151.0,5.0,2.0,2.67,1.7
14152.0,3.0,2.0,2.0,0.82
14153.0,1.0,0.0,0.33,0.47
14156.0,1.0,0.0,0.33,0.47
14157.0,1.0,0.0,0.33,0.47
14159.0,2.0,0.0,0.67,0.94
14160.0,11.0,4.0,6.33,3.3
14162.0,1.0,1.0,0.67,0.47
14167.0,4.0,1.0,2.0,1.41
14168.0,4.0,3.0,2.67,1.25
14173.0,8.0,8.0,7.33,0.94
14177.0,18.0,17.0,16.33,1.7
14179.0,2.0,1.0,1.33,0.47
14189.0,5.0,2.0,2.67,1.7
14191.0,6.0,2.0,3.0,2.16
14196.0,13.0,10.0,9.0,3.74
14197.0,1.0,0.0,0.33,0.47
14200.0,5.0,2.0,3.0,1.41
14203.0,1.0,0.0,0.33,0.47
14208.0,7.0,7.0,6.0,1.41
14210.0,2.0,1.0,1.33,0.47
14212.0,3.0,2.0,2.0,0.82
14213.0,7.0,3.0,3.67,2.49
14224.0,8.0,5.0,5.33,2.05
14225.0,6.0,4.0,4.0,1.63
14229.0,3.0,1.0,1.33,1.25
14230.0,5.0,2.0,2.33,2.05
14231.0,6.0,6.0,4.33,2.36
14233.0,2.0,1.0,1.33,0.47
14236.0,3.0,3.0,2.33,0.94
14238.0,2.0,1.0,1.0,0.82
14241.0,3.0,2.0,1.67,1.25
14245.0,1.0,1.0,1.0,0.0
14246.0,1.0,0.0,0.33,0.47
14247.0,2.0,0.0,0.67,0.94
14249.0,2.0,0.0,0.67,0.94
14251.0,1.0,1.0,0.67,0.47
14258.0,4.0,4.0,3.0,1.41
14261.0,3.0,0.0,1.0,1.41
14265.0,13.0,6.0,8.0,3.56
14267.0,6.0,3.0,3.0,2.45
14268.0,3.0,3.0,2.0,1.41
14279.0,4.0,2.0,2.67,0.94
14281.0,8.0,7.0,6.33,1.7
14284.0,1.0,0.0,0.33,0.47
14291.0,3.0,2.0,1.67,1.25
14293.0,3.0,2.0,2.0,0.82
14301.0,5.0,4.0,3.0,2.16
14306.0,1.0,0.0,0.33,0.47
14307.0,2.0,0.0,0.67,0.94
14313.0,17.0,8.0,9.67,5.44
14314.0,1.0,1.0,0.67,0.47
14315.0,1.0,0.0,0.33,0.47
14318.0,1.0,1.0,0.67,0.47
14319.0,6.0,4.0,4.33,1.25
14321.0,1.0,1.0,1.0,0.0
14322.0,16.0,12.0,12.0,3.27
14328.0,1.0,0.0,0.33,0.47
14330.0,13.0,7.0,8.33,3.4
14331.0,2.0,2.0,1.33,0.94
14333.0,6.0,6.0,4.33,2.36
14338.0,5.0,4.0,4.33,0.47
14341.0,4.0,1.0,1.67,1.7
14344.0,1.0,0.0,0.33,0.47
14345.0,4.0,2.0,2.33,1.25
14346.0,2.0,1.0,1.0,0.82
14350.0,6.0,4.0,3.67,2.05
14353.0,1.0,0.0,0.33,0.47
14354.0,5.0,5.0,4.67,0.47
14355.0,6.0,2.0,2.67,2.49
14356.0,3.0,1.0,1.67,0.94
14357.0,4.0,3.0,2.33,1.7
14362.0,9.0,8.0,7.33,1.7
14366.0,19.0,14.0,15.0,2.94
14372.0,11.0,5.0,6.0,3.74
14376.0,1.0,0.0,0.33,0.47
14377.0,1.0,0.0,0.33,0.47
14386.0,4.0,4.0,3.33,0.94
14393.0,1.0,1.0,0.67,0.47
14395.0,3.0,0.0,1.0,1.41
14396.0,3.0,1.0,1.67,0.94
14404.0,1.0,0.0,0.33,0.47
14408.0,1.0,1.0,0.67,0.47
14418.0,1.0,0.0,0.33,0.47
14420.0,1.0,0.0,0.33,0.47
14421.0,1.0,1.0,1.0,0.0
14423.0,1.0,0.0,0.33,0.47
14425.0,1.0,1.0,0.67,0.47
14431.0,1.0,1.0,1.0,0.0
14435.0,5.0,1.0,2.33,1.89
14436.0,2.0,1.0,1.0,0.82
14440.0,4.0,2.0,2.0,1.63
14442.0,14.0,12.0,12.67,0.94
14443.0,4.0,2.0,2.0,1.63
14444.0,4.0,3.0,3.0,0.82
14445.0,5.0,3.0,3.67,0.94
14446.0,1.0,1.0,0.67,0.47
14447.0,1.0,0.0,0.33,0.47
14449.0,4.0,2.0,2.67,0.94
14454.0,1.0,0.0,0.33,0.47
14455.0,3.0,3.0,2.67,0.47
14456.0,1.0,0.0,0.33,0.47
14458.0,1.0,1.0,0.67,0.47
14460.0,3.0,3.0,2.67,0.47
14461.0,4.0,2.0,2.33,1.25
14475.0,13.0,11.0,11.33,1.25
14504.0,1.0,0.0,0.33,0.47
14507.0,2.0,1.0,1.33,0.47
14509.0,4.0,3.0,2.67,1.25
14510.0,1.0,0.0,0.33,0.47
14519.0,3.0,2.0,2.0,0.82
14524.0,1.0,0.0,0.33,0.47
14531.0,1.0,0.0,0.33,0.47
14539.0,3.0,2.0,1.67,1.25
14544.0,13.0,4.0,6.0,5.1
14545.0,5.0,3.0,3.33,1.25
14546.0,4.0,2.0,2.0,1.63
14556.0,2.0,1.0,1.0,0.82
14564.0,2.0,1.0,1.33,0.47
14570.0,2.0,1.0,1.33,0.47
14571.0,1.0,0.0,0.33,0.47
14573.0,5.0,3.0,2.67,2.05
14579.0,1.0,1.0,0.67,0.47
14580.0,2.0,1.0,1.0,0.82
14581.0,1.0,1.0,0.67,0.47
14585.0,1.0,1.0,0.67,0.47
14591.0,1.0,1.0,0.67,0.47
14592.0,1.0,0.0,0.33,0.47
14601.0,2.0,0.0,0.67,0.94
14612.0,1.0,0.0,0.33,0.47
14615.0,2.0,1.0,1.33,0.47
14618.0,1.0,0.0,0.33,0.47
14622.0,21.0,19.0,19.0,1.63
14623.0,1.0,0.0,0.33,0.47
14626.0,2.0,1.0,1.0,0.82
14627.0,2.0,1.0,1.0,0.82
14630.0,2.0,1.0,1.33,0.47
14648.0,1.0,0.0,0.33,0.47
14650.0,2.0,2.0,2.0,0.0
14651.0,11.0,4.0,5.67,3.86
14652.0,1.0,0.0,0.33,0.47
14661.0,1.0,1.0,0.67,0.47
14665.0,1.0,1.0,0.67,0.47
14667.0,2.0,1.0,1.0,0.82
14674.0,1.0,0.0,0.33,0.47
14677.0,1.0,0.0,0.33,0.47
14678.0,10.0,5.0,6.33,2.62
14682.0,2.0,1.0,1.0,0.82
14686.0,1.0,1.0,1.0,0.0
14688.0,1.0,0.0,0.33,0.47
14689.0,1.0,0.0,0.33,0.47
14691.0,2.0,0.0,0.67,0.94
14693.0,3.0,0.0,1.0,1.41
14694.0,2.0,1.0,1.0,0.82
14703.0,2.0,2.0,1.33,0.94
14705.0,7.0,3.0,4.0,2.16
14712.0,2.0,1.0,1.33,0.47
14714.0,4.0,1.0,1.67,1.7
14717.0,1.0,0.0,0.33,0.47
14719.0,2.0,0.0,0.67,0.94
14721.0,1.0,0.0,0.33,0.47
14722.0,1.0,1.0,0.67,0.47
14723.0,2.0,1.0,1.0,0.82
14724.0,1.0,0.0,0.33,0.47
14726.0,1.0,1.0,1.0,0.0
14727.0,2.0,2.0,1.67,0.47
14729.0,1.0,1.0,1.0,0.0
14730.0,1.0,0.0,0.33,0.47
14731.0,1.0,0.0,0.33,0.47
14732.0,4.0,0.0,1.33,1.89
14736.0,1.0,0.0,0.33,0.47
14737.0,4.0,2.0,2.67,0.94
14738.0,1.0,0.0,0.33,0.47
14739.0,1.0,0.0,0.33,0.47
14740.0,8.0,1.0,3.33,3.3
14742.0,2.0,2.0,1.33,0.94
14743.0,1.0,0.0,0.33,0.47
14746.0,1.0,0.0,0.33,0.47
14747.0,1.0,0.0,0.33,0.47
14752.0,5.0,4.0,3.33,1.7
14753.0,1.0,0.0,0.33,0.47
14757.0,1.0,0.0,0.33,0.47
14758.0,1.0,1.0,0.67,0.47
14759.0,3.0,3.0,2.67,0.47
14764.0,1.0,0.0,0.33,0.47
14767.0,1.0,0.0,0.33,0.47
14768.0,1.0,1.0,0.67,0.47
14770.0,1.0,1.0,0.67,0.47
14777.0,1.0,0.0,0.33,0.47
14779.0,2.0,1.0,1.0,0.82
14780.0,3.0,1.0,1.33,1.25
14781.0,1.0,1.0,0.67,0.47
14783.0,1.0,1.0,1.0,0.0
14784.0,2.0,2.0,1.33,0.94
14785.0,3.0,1.0,1.67,0.94
14786.0,2.0,0.0,0.67,0.94
14788.0,2.0,0.0,0.67,0.94
14789.0,5.0,4.0,3.0,2.16
14790.0,1.0,0.0,0.33,0.47
14792.0,1.0,0.0,0.33,0.47
14793.0,3.0,3.0,2.33,0.94
14794.0,10.0,9.0,9.0,0.82
14795.0,1.0,1.0,0.67,0.47
14797.0,3.0,0.0,1.0,1.41
14798.0,4.0,2.0,2.67,0.94
14799.0,1.0,0.0,0.33,0.47
14803.0,3.0,1.0,1.67,0.94
14804.0,4.0,0.0,1.33,1.89
14805.0,7.0,4.0,4.33,2.05
14807.0,3.0,2.0,2.33,0.47
14809.0,2.0,1.0,1.33,0.47
14810.0,18.0,12.0,11.67,5.31
14811.0,1.0,0.0,0.33,0.47
14818.0,1.0,0.0,0.33,0.47
14820.0,1.0,0.0,0.33,0.47
14821.0,1.0,0.0,0.33,0.47
14826.0,1.0,0.0,0.33,0.47
15001.0,4.0,3.0,3.0,0.82
15002.0,7.0,6.0,5.33,1.7
15007.0,1.0,0.0,0.33,0.47
15009.0,29.0,28.0,25.0,4.97
15011.0,12.0,10.0,9.33,2.49
15012.0,51.0,48.0,48.67,1.7
15015.0,1.0,0.0,0.33,0.47
15026.0,5.0,3.0,3.67,0.94
15028.0,3.0,1.0,1.33,1.25
15031.0,1.0,1.0,0.67,0.47
15032.0,1.0,0.0,0.33,0.47
15033.0,1.0,0.0,0.33,0.47
15036.0,4.0,1.0,1.67,1.7
15037.0,1.0,0.0,0.33,0.47
15038.0,9.0,5.0,6.33,1.89
15039.0,25.0,24.0,21.0,4.97
15042.0,6.0,0.0,2.0,2.83
15045.0,9.0,8.0,7.0,2.16
15048.0,2.0,1.0,1.0,0.82
15049.0,2.0,1.0,1.0,0.82
15052.0,43.0,39.0,40.0,2.16
15057.0,6.0,4.0,4.33,1.25
15060.0,22.0,6.0,10.0,8.64
15061.0,1.0,0.0,0.33,0.47
15063.0,2.0,1.0,1.33,0.47
15065.0,1.0,0.0,0.33,0.47
15066.0,14.0,12.0,11.0,2.94
15067.0,15.0,8.0,8.67,4.92
15073.0,6.0,6.0,5.33,0.94
15074.0,9.0,3.0,5.0,2.83
15077.0,3.0,1.0,1.33,1.25
15078.0,3.0,2.0,2.33,0.47
15081.0,1.0,0.0,0.33,0.47
15083.0,7.0,6.0,6.0,0.82
15092.0,16.0,10.0,11.67,3.09
15094.0,67.0,58.0,60.0,5.1
15100.0,1.0,0.0,0.33,0.47
15123.0,10.0,8.0,7.67,2.05
15542.0,1.0,1.0,0.67,0.47
15545.0,3.0,2.0,2.33,0.47
15546.0,1.0,0.0,0.33,0.47
15548.0,2.0,1.0,1.0,0.82
15552.0,2.0,1.0,1.33,0.47
15554.0,1.0,0.0,0.33,0.47
15557.0,1.0,1.0,0.67,0.47
15564.0,3.0,0.0,1.0,1.41
15570.0,2.0,1.0,1.0,0.82
15572.0,2.0,0.0,0.67,0.94
15576.0,1.0,0.0,0.33,0.47
15577.0,3.0,3.0,3.0,0.0
15583.0,1.0,0.0,0.33,0.47
15584.0,1.0,0.0,0.33,0.47
15585.0,1.0,0.0,0.33,0.47
15588.0,1.0,0.0,0.33,0.47
15589.0,1.0,1.0,0.67,0.47
15590.0,7.0,6.0,6.0,0.82
15600.0,1.0,0.0,0.33,0.47
15616.0,1.0,1.0,1.0,0.0
15629.0,1.0,0.0,0.33,0.47
15631.0,24.0,24.0,22.67,1.89
15632.0,7.0,3.0,3.33,2.87
15633.0,1.0,0.0,0.33,0.47
15635.0,2.0,1.0,1.0,0.82
15641.0,1.0,1.0,0.67,0.47
15647.0,1.0,1.0,1.0,0.0
15648.0,2.0,0.0,0.67,0.94
15649.0,1.0,1.0,0.67,0.47
15653.0,2.0,1.0,1.0,0.82
15655.0,2.0,1.0,1.0,0.82
15665.0,1.0,0.0,0.33,0.47
15667.0,3.0,0.0,1.0,1.41
15669.0,1.0,0.0,0.33,0.47
30004.0,2.0,0.0,0.67,0.94
30007.0,1.0,0.0,0.33,0.47
30017.0,3.0,2.0,2.0,0.82
30027.0,1.0,0.0,0.33,0.47
30033.0,1.0,0.0,0.33,0.47
30040.0,1.0,0.0,0.33,0.47
30046.0,1.0,1.0,1.0,0.0
30049.0,1.0,0.0,0.33,0.47
30053.0,1.0,0.0,0.33,0.47
30060.0,2.0,1.0,1.33,0.47
30063.0,1.0,0.0,0.33,0.47
30077.0,1.0,0.0,0.33,0.47
30080.0,2.0,0.0,0.67,0.94
30083.0,1.0,0.0,0.33,0.47
30105.0,1.0,1.0,0.67,0.47
30120.0,2.0,1.0,1.0,0.82
30123.0,3.0,0.0,1.0,1.41
30131.0,1.0,1.0,0.67,0.47
30139.0,1.0,0.0,0.33,0.47
30152.0,1.0,0.0,0.33,0.47
30170.0,17.0,12.0,12.67,3.3
30172.0,1.0,1.0,1.0,0.0
30180.0,1.0,1.0,0.67,0.47
30186.0,1.0,1.0,0.67,0.47
30192.0,4.0,2.0,2.33,1.25
30198.0,1.0,0.0,0.33,0.47
30204.0,2.0,0.0,0.67,0.94
30216.0,9.0,6.0,5.67,2.87
30228.0,2.0,2.0,1.33,0.94
30241.0,1.0,0.0,0.33,0.47
30248.0,133.0,129.0,129.67,2.49
30252.0,2.0,0.0,0.67,0.94
30253.0,1.0,1.0,0.67,0.47
30256.0,4.0,1.0,1.67,1.7
30258.0,1.0,0.0,0.33,0.47
30262.0,2.0,2.0,1.33,0.94
30269.0,6.0,1.0,2.67,2.36
30288.0,1.0,1.0,0.67,0.47
30307.0,1.0,0.0,0.33,0.47
30310.0,1.0,0.0,0.33,0.47
30337.0,1.0,0.0,0.33,0.47
30340.0,1.0,0.0,0.33,0.47
30355.0,4.0,1.0,1.67,1.7
30562.0,1.0,0.0,0.33,0.47
30564.0,1.0,0.0,0.33,0.47
30721.0,2.0,0.0,0.67,0.94
30723.0,1.0,0.0,0.33,0.47
30727.0,4.0,1.0,1.67,1.7
30734.0,1.0,0.0,0.33,0.47
30742.0,4.0,0.0,1.33,1.89
30750.0,1.0,1.0,0.67,0.47
30762.0,2.0,0.0,0.67,0.94
30764.0,1.0,0.0,0.33,0.47
30778.0,1.0,0.0,0.33,0.47
30789.0,2.0,0.0,0.67,0.94
30790.0,1.0,1.0,0.67,0.47
30793.0,1.0,1.0,0.67,0.47
30798.0,4.0,3.0,2.67,1.25
30804.0,1.0,0.0,0.33,0.47
30812.0,3.0,0.0,1.0,1.41
30814.0,1.0,0.0,0.33,0.47
30815.0,1.0,0.0,0.33,0.47
30819.0,2.0,2.0,1.33,0.94
30822.0,1.0,0.0,0.33,0.47
30825.0,1.0,0.0,0.33,0.47
30829.0,1.0,1.0,0.67,0.47
30831.0,1.0,0.0,0.33,0.47
30832.0,2.0,1.0,1.0,0.82
30833.0,10.0,3.0,4.33,4.19
30835.0,1.0,0.0,0.33,0.47
30838.0,1.0,0.0,0.33,0.47
31008.0,1.0,0.0,0.33,0.47
31017.0,6.0,2.0,3.0,2.16
31019.0,1.0,0.0,0.33,0.47
31027.0,5.0,3.0,3.0,1.63
31035.0,3.0,0.0,1.0,1.41
31037.0,1.0,0.0,0.33,0.47
31059.0,1.0,0.0,0.33,0.47
31067.0,1.0,0.0,0.33,0.47
31070.0,1.0,0.0,0.33,0.47
31094.0,1.0,0.0,0.33,0.47
31095.0,1.0,0.0,0.33,0.47
31133.0,1.0,1.0,1.0,0.0
31148.0,3.0,0.0,1.0,1.41
31160.0,1.0,0.0,0.33,0.47
31166.0,1.0,0.0,0.33,0.47
32006.0,3.0,2.0,1.67,1.25
32012.0,1.0,0.0,0.33,0.47
32047.0,1.0,0.0,0.33,0.47
32053.0,2.0,1.0,1.0,0.82
32116.0,1.0,0.0,0.33,0.47
32133.0,4.0,3.0,3.0,0.82
32169.0,1.0,0.0,0.33,0.47
32183.0,1.0,1.0,0.67,0.47
32188.0,3.0,1.0,1.33,1.25
32196.0,1.0,0.0,0.33,0.47
32215.0,2.0,0.0,0.67,0.94
32295.0,7.0,2.0,3.33,2.62
32322.0,1.0,0.0,0.33,0.47
32381.0,1.0,0.0,0.33,0.47
32395.0,1.0,0.0,0.33,0.47
32402.0,2.0,0.0,0.67,0.94
33009.0,1.0,0.0,0.33,0.47
33033.0,2.0,0.0,0.67,0.94
33046.0,3.0,3.0,2.67,0.47
33054.0,1.0,1.0,1.0,0.0
33080.0,1.0,0.0,0.33,0.47
34001.0,2.0,1.0,1.0,0.82
34005.0,1.0,0.0,0.33,0.47
34017.0,1.0,0.0,0.33,0.47
34020.0,1.0,0.0,0.33,0.47
34039.0,2.0,2.0,1.33,0.94
34040.0,1.0,0.0,0.33,0.47
34048.0,1.0,0.0,0.33,0.47
34074.0,1.0,1.0,0.67,0.47
34077.0,1.0,0.0,0.33,0.47
34079.0,1.0,1.0,0.67,0.47
34099.0,1.0,0.0,0.33,0.47
34106.0,1.0,0.0,0.33,0.47
34111.0,1.0,0.0,0.33,0.47
34119.0,1.0,0.0,0.33,0.47
34122.0,3.0,1.0,1.33,1.25
34129.0,4.0,1.0,2.0,1.41
34175.0,1.0,0.0,0.33,0.47
34194.0,1.0,0.0,0.33,0.47
34195.0,1.0,0.0,0.33,0.47
34214.0,5.0,1.0,2.0,2.16
34241.0,1.0,0.0,0.33,0.47
34384.0,1.0,0.0,0.33,0.47
34763.0,3.0,0.0,1.0,1.41
34764.0,3.0,0.0,1.0,1.41
34801.0,1.0,0.0,0.33,0.47
34811.0,1.0,0.0,0.33,0.47
34815.0,1.0,0.0,0.33,0.47
34818.0,1.0,0.0,0.33,0.47
34846.0,1.0,0.0,0.33,0.47
