u,u_agg_count_max,u_agg_count_median,u_agg_count_mean,u_agg_count_std,u_agg_amount_max,u_agg_amount_median,u_agg_amount_mean,u_agg_amount_std
781924,18.522000000000002,0.0,6.174,8.73135453409149,101.65,0.0,33.88333333333333,47.918269538408374
13325038116,2.644,0.0,0.8813333333333334,1.2463935529714878,55.75,0.0,18.583333333333332,26.280802034100017
13854627199,38.311,3.076,13.795666666666667,17.380383968396348,251.54,59.17,103.57,107.38284437779932
15963883482,10.0,5.276,5.092,4.084555626584937,67.21000000000001,29.6,32.27,27.503244657070315
15963885355,16.75,3.0,6.583333333333333,7.292499952386394,66.85,19.5,28.78333333333333,28.069744486823453
18654692914,7.8599999999999985,4.314,4.058,3.213933415613957,70.72,41.86,37.526666666666664,29.03346268627901
18764569988,5.026000000000002,0.0,1.6753333333333338,2.369279121495726,73.19999999999997,0.0,24.39999999999999,34.50681092190351
1590120464497,41.52,32.842,29.607,11.281942770049257,305.85,267.07,235.21333333333337,74.182813073889
1590120718170,5.358,0.003,1.787,2.525078612637634,51.90000000000001,11.0,20.966666666666672,22.32940263917113
1590130640102,225.96000000000004,13.051000000000002,81.57866666666668,102.13681879496522,133.0,67.07000000000001,79.02666666666667,40.08941201309337
1590130817948,5.856,1.3940000000000001,2.4166666666666665,2.497674829827845,74.56,14.47,29.676666666666666,32.28240421998062
1590140304209,430.627,15.583,148.86866666666668,199.32967674070903,274.23999999999995,136.29000000000002,138.90333333333334,109.45063737695736
1590140304506,14.31,0.0,4.7700000000000005,6.745798692519664,129.76000000000002,0.0,43.25333333333334,61.169450617844284
1590140305107,19.814,15.739,14.576999999999998,4.820913260645401,135.47,117.44,110.25,24.070400910662052
1590140306678,11.274000000000001,3.744,5.672666666666667,4.024225418912592,161.67000000000004,41.64,79.03666666666668,58.51818653679861
1590140307286,19.156,10.654000000000002,12.154000000000002,5.213764091325958,236.87,198.92000000000004,160.98333333333335,81.96285351032843
1590140307415,38.921,7.0,15.307,16.940400369137283,282.85,36.6,106.48333333333335,125.60199264165978
1590140307767,233.72300000000004,12.603,82.10866666666668,107.330916503846,161.67,51.38,71.01666666666667,67.44625630002668
1590140307859,21.0,7.387,9.462333333333333,8.697902288610871,139.16000000000003,61.8,66.98666666666668,56.930088900529775
1590140308030,53.03900000000001,0.0,17.67966666666667,25.002824378235534,205.15,0.0,68.38333333333334,96.70863744028014
1590140308214,20.749,18.334000000000003,16.991,3.739269714797262,440.24999999999983,234.70000000000005,250.92999999999995,148.3976902335971
1590141216259,10.0,7.0,5.666666666666667,4.189935029992178,60.29999999999999,57.3,39.199999999999996,27.74563028658747
1590141414228,5.0,1.0,2.0,2.160246899469287,59.9,27.1,29.0,24.490950709734946
1590142128124,34.0,18.752,19.959999999999997,11.003652242172446,683.0,168.19000000000003,298.5166666666667,276.53094152774696
1590142129763,12.47,6.934,6.468,5.101509057785418,253.04,63.76000000000001,105.60000000000001,107.45619138358974
1590142148962,12.94,6.001,6.980333333333333,4.519603252007365,136.83,34.7,58.71000000000001,56.58947664245241
1590142149112,10.376,1.216,3.8639999999999994,4.631362074667308,29.4,10.05,13.15,12.201024547143572
1590142149853,23.834,0.0,7.9446666666666665,11.23545534853345,275.5,0.0,91.83333333333333,129.87194547792922
1590142150507,168.872,0.0,56.290666666666674,79.6070242350231,100.85,0.0,33.61666666666667,47.541145921775545
1590142151689,15.93,11.0,8.976666666666667,6.658910488127084,59.1,52.54,37.21333333333333,26.44973261784617
1590142152440,17.0,9.0,11.0,4.320493798938574,212.50000000000003,68.5,114.06666666666668,69.66665071770154
1590142176354,390.625,0.0,130.20833333333334,184.14239093399672,92.5,0.0,30.833333333333332,43.60491817317043
1590142176521,19.378,2.0,7.126,8.701862942305324,102.48,92.9,65.12666666666667,46.217284885876
1590142179621,15.325999999999999,14.574000000000002,14.492666666666665,0.7159317161728638,160.46000000000004,100.83,112.14666666666669,35.73512961903021
1590142191722,12.885,11.0,8.364333333333333,5.118472189585048,267.71,117.29999999999998,137.04999999999998,99.6044279470881
1590142194327,6.0,0.0,2.0,2.8284271247461903,76.80000000000003,0.0,25.60000000000001,36.20386719675125
1590142197076,22.674,11.0,12.516666666666666,7.748823968118574,172.1,87.0,97.08,57.58127704963364
1590142201513,2.0,0.0,0.6666666666666666,0.9428090415820634,29.3,0.0,9.766666666666667,13.812152459177227
1590142202190,21.0,1.0,7.333333333333333,9.672412085697939,85.0,21.0,35.333333333333336,36.15091823023156
1590142203104,85.82900000000002,26.025,42.22766666666667,31.167769734490513,226.1,145.1,157.26666666666665,51.952435511297786
1590142203180,46.959,32.548,26.502333333333336,19.641783427739504,369.98,283.5,217.82666666666668,158.0211802962572
1590142203401,6.259,5.801,4.294666666666667,2.4612444458489335,73.25999999999998,62.2,48.889999999999986,27.023664937729418
1590142204569,5.5920000000000005,4.284000000000002,3.8273333333333337,1.6590071997700584,63.07000000000001,50.6,49.43333333333334,11.639852041824055
1590142205993,22.814000000000004,17.01,13.274666666666668,9.681053156667526,214.69,164.73000000000005,126.47333333333336,91.72650810364958
1590142206747,35.61400000000001,0.0,11.871333333333338,16.78860060345181,290.85000000000014,0.0,96.95000000000005,137.10800487207163
1590142213189,10.388,0.0,3.462666666666667,4.896950161977237,87.67,0.0,29.223333333333333,41.32803433774975
1590142213356,34.09,17.364,21.09466666666667,9.462744680529477,139.96,116.25,110.2,27.108523874727425
1590142213981,16.000999999999998,2.9589999999999996,6.319999999999999,6.951270435443196,153.0,134.02,95.67333333333333,68.09356373565876
1590142215619,15.169,2.997,6.442,6.216324691219617,153.10000000000005,53.95,77.85000000000002,54.37706317924869
1590142240482,2.0,1.0,1.0,0.816496580927726,46.6,29.0,25.2,19.213189913876008
1590142456470,7.415999999999999,7.223000000000001,4.879666666666666,3.451344890844083,83.56,77.34,53.63333333333333,38.00941053066844
1590142477895,9.0,0.0,3.0,4.242640687119285,82.50000000000001,0.0,27.500000000000004,38.89087296526012
1590142514866,16.333000000000002,0.0,5.444333333333334,7.699450038079922,69.94999999999999,0.0,23.316666666666663,32.97474622933266
1590142516068,527.694,0.0,175.898,248.75733719430264,9.85,0.0,3.283333333333333,4.6433345297916615
1590142516600,33.0,0.0,11.0,15.556349186104045,515.5,0.0,171.83333333333334,243.0090304677768
1590142517836,6.082999999999999,0.0,2.0276666666666663,2.867553699971846,34.7,0.0,11.566666666666668,16.3577368714488
1590142518307,50.776,23.544,24.773333333333337,20.7474334048549,198.19,101.28,99.82333333333334,80.91728465263498
1590142519632,366.272,0.0,122.09066666666666,172.66227663917275,161.82999999999996,0.0,53.94333333333332,76.28739359961263
1590142520300,4.0,2.702,2.234,1.6661868642702313,251.1,59.87,103.65666666666665,107.08487796551334
1590142648356,24.0,11.058,12.686,8.650155605536817,323.30000000000007,166.05000000000004,201.48333333333338,88.61320756837301
1590142751995,10.0,0.0,3.3333333333333335,4.714045207910316,21.700000000000006,0.0,7.233333333333335,10.229478101165391
1590150321449,124.81200000000001,52.0,65.27066666666667,44.20503577145432,135.70000000000002,96.74,93.51333333333334,35.835257622750376
1590151076256,3.0,0.0,1.0,1.4142135623730951,27.700000000000006,0.0,9.233333333333336,13.057905225911579
1590151210391,5.882999999999999,0.0,1.9609999999999996,2.773272795813639,48.78,0.0,16.26,22.995112524186528
1590151321240,22.287000000000006,14.0,13.330000000000004,7.601663809105655,524.0200000000002,70.08,204.1333333333334,227.179667126166
1590151363066,11.155,1.63,4.261666666666667,4.919536450610859,130.48,129.37,86.61666666666667,61.24890874311331
1590151428581,9.0,0.0,3.0,4.242640687119285,18.2,0.0,6.066666666666666,8.579562278396777
1590151432557,3656.049,3.252,1219.767,1722.712034655241,249.26,17.0,88.75333333333333,113.70735107673949
1590151459721,12.004000000000001,7.0,7.668,3.3015826507903756,75.60000000000002,27.700000000000006,39.800000000000004,25.7535758035009
1590151464053,22.37,9.08,12.15,7.41610409851426,236.79,74.19,125.49333333333334,78.7785505212061
1590151467962,15.784,4.8100000000000005,7.574666666666668,5.907084183889339,74.78999999999998,68.17999999999999,56.21999999999999,21.75597542439011
1590151472027,879.5360000000002,625.5080000000003,505.14966666666686,364.8851601004837,253.77,177.32000000000005,182.14333333333335,56.616632617004775
1590151500423,7.37,4.644,4.004666666666666,3.042563100779049,60.97000000000001,42.61,34.52666666666667,25.538734415697967
1590151682891,10.045000000000002,0.0,3.348333333333334,4.735258411345914,264.82,0.0,88.27333333333333,124.83734519588101
1590151825175,226.153,36.602,93.377,94.21432800092917,241.54,160.79,164.70000000000002,61.205823796977576
1590151832593,1006.649,581.1120000000002,630.5543333333334,289.01758279423456,235.14,139.14999999999998,170.23999999999998,45.904662798747
1590151835808,13.0,3.0010000000000003,5.333666666666667,5.5576374077080235,118.59000000000002,26.200000000000006,48.26333333333334,50.86577128962943
1590151842899,35.514,20.619000000000003,21.44966666666667,11.159829936975843,261.76,133.95,156.81,78.05094532846265
1590151843124,56.693000000000005,18.0,25.864333333333338,22.65402857967847,476.16999999999985,105.0,199.51666666666662,198.86698441141218
1590151977348,6.7620000000000005,3.0,3.5873333333333335,2.3887069491440114,116.97,24.0,53.52333333333333,44.89951472145575
1591012978559,18.554,3.1180000000000003,7.223999999999999,8.11201397105963,173.99000000000004,22.68,65.55666666666669,77.23098011089132
1591013167365,24.162000000000006,20.638,18.00733333333334,6.376582435408138,154.88,104.49,113.33666666666666,30.947181167631772
1591013471721,24.0,0.0,8.0,11.313708498984761,49.2,0.0,16.400000000000002,23.19310242291876
1591013766650,72.92,11.198,28.03933333333333,32.06300548745998,360.02999999999986,86.5,148.84333333333328,153.45014094342025
1591013866800,15.45,9.0,8.15,6.336008207065391,76.49,51.2,42.56333333333333,31.818485542561923
1591013877134,11.25,0.0,3.75,5.303300858899107,79.60000000000002,0.0,26.533333333333342,37.52379985496613
1591014083046,309.411,25.024,112.59500000000001,139.45093273501854,318.2999999999999,289.73,219.85666666666665,119.58800506553972
1591014130276,14.592,2.0,5.530666666666666,6.459144490995348,60.75,15.7,25.483333333333334,25.747826229714143
1591014214433,21.034,6.396,10.875333333333332,7.199948209690277,245.44000000000003,54.03,115.96,91.58492925512726
1591014338276,7.735,0.0,2.5783333333333336,3.64631396831863,131.92000000000002,0.0,43.973333333333336,62.18768438275291
1591014523610,38.02,20.0,20.673333333333336,13.896765411018814,186.00000000000003,167.2,133.6,61.29361032494878
1591014577972,37.606,0.0,12.535333333333334,17.727638408867538,317.50999999999993,0.0,105.83666666666664,149.67564939636046
1591014680184,30.488000000000003,14.000000000000002,18.645333333333337,8.438591562313913,448.96,133.89,209.49666666666667,173.11659198997137
1591015027858,42.0,0.0,14.0,19.79898987322333,102.3,0.0,34.1,48.22468247692254
1591015034924,8.128,6.539,5.742333333333334,2.3418887439177993,159.6,31.629999999999995,72.55,61.59038290729053
1591015074944,354.75199999999995,0.0,118.25066666666665,167.23169655966007,131.64,0.0,43.879999999999995,62.0556911169314
1591015097233,6.706,6.0,4.235333333333333,3.0086702858387273,65.21,33.40000000000001,32.870000000000005,26.624508759161486
1591015097516,11.778,10.0,9.1,2.632094729804888,220.0,93.21,128.46,65.29598813607669
1591015136338,32.786,11.452,14.746,13.585979930305605,152.22,89.71,80.64333333333333,62.47338331019237
1591015218485,6.694,4.644,4.779333333333333,1.5111023202358673,156.61,79.89,90.10000000000001,50.65410217017638
1591015269418,13.362,12.353,10.391,3.512395858479888,181.84,66.86999999999999,93.07333333333334,64.49885390885295
1591015327590,215.24599999999998,204.77,140.0053333333333,99.0910580067086,141.14,62.38,67.83999999999999,57.74936421006439
1591015408602,15.0,8.328,10.109666666666667,3.5001668849102354,173.0,107.54999999999998,115.61666666666666,43.93196128358285
1591015419448,16.22,6.87,7.696666666666666,6.647537555783762,143.32,111.88,85.06666666666666,61.50540211143154
1591015420000,16.055999999999994,0.0,5.351999999999998,7.568870985820802,188.97000000000003,0.0,62.99000000000001,89.08131229388127
1591015452933,33.263000000000005,28.639,27.294,5.505530007789139,245.35,165.2,170.11666666666665,59.522157405643675
1591015454210,21.436000000000003,19.38,14.826666666666668,7.93770031068333,406.91,155.70999999999995,205.1833333333333,148.68572702926878
1591015454562,29.393,2.1,10.497666666666667,13.388495467709914,222.39,26.91,83.1,99.10370023364416
1591015454692,9.0,2.636,3.8786666666666663,3.77784465300285,135.92,95.38,77.1,56.974733581357505
1591015454814,27.502,10.24,13.309333333333333,10.560636639058377,258.02000000000004,74.74999999999999,127.53333333333335,92.82718435649957
1591015456955,17.192,16.0,13.235666666666667,4.777079744874362,255.41000000000003,77.8,134.34333333333333,85.6690275939262
1591015476700,4.5680000000000005,2.024,2.596,1.4348017284628567,303.65,79.36000000000001,132.92,123.48578244748123
1591015478124,16.352999999999998,16.0,12.813666666666668,4.757947479977288,307.1,234.72,218.42,79.89708547041417
1591015480745,18.0,0.0,6.0,8.48528137423857,146.9,0.0,48.96666666666667,69.24932410420256
1591015483951,28.182,7.0,11.727333333333334,11.98101390626946,222.74,45.0,89.24666666666667,96.16514452868162
1591015501716,81.411,2.514,28.465666666666664,37.440420958578386,200.8,98.55,103.79,77.15812897334064
1591015506575,22.212000000000003,8.552000000000001,10.254666666666667,9.147587708728947,379.96,67.16,149.04,165.57103450382456
1591015519216,27.300000000000008,12.124,13.908333333333337,10.283494358544779,237.53000000000003,78.27,120.91000000000001,83.44945456182845
1591015521639,6.5600000000000005,5.992000000000001,5.624,0.9507779271032049,205.05,75.18,116.95666666666666,62.318961444776626
1591015600815,4.813999999999999,0.0,1.6046666666666665,2.269341363088026,72.18,0.0,24.060000000000002,34.02597831069667
1591015604417,34.72,8.344,15.504666666666667,13.73340417457457,244.44000000000003,89.36,129.42666666666668,82.56392970837139
1591016154157,13.186,8.08,8.938,3.1766737320662943,119.76,48.49000000000001,62.05666666666667,42.66838980895446
1591016159916,18.34,0.0,6.113333333333333,8.645558911307521,172.39,0.0,57.46333333333333,81.26542533916594
1591016170300,6.456,2.467,3.025,2.6036675415011548,100.17,55.12000000000001,58.97666666666667,32.17551484522906
1591016172045,27.3,18.000999999999994,15.539,10.749826262161946,261.78000000000003,128.6,158.47333333333333,75.1823070202617
1591016174353,28.382999999999992,19.371,15.917999999999997,11.841764480008878,367.59999999999985,194.92,187.50666666666663,150.16359552908355
1591016174957,73.80199999999998,44.28,39.953333333333326,29.56241056176275,320.8400000000001,242.23000000000005,195.32000000000005,126.07923884076504
1591016310287,205.617,163.253,129.95666666666668,78.96135566352835,477.75000000000006,266.32,277.65333333333336,158.95357442417654
1591016320026,9.548,0.0,3.1826666666666665,4.500970364512771,78.7,0.0,26.233333333333334,37.099535786254194
1591016411137,12.0,0.0,4.0,5.656854249492381,134.50000000000003,0.0,44.83333333333334,63.40390804639378
1591016439575,8.001999999999999,0.0,2.667333333333333,3.7721789753698345,69.1,0.0,23.03333333333333,32.574052386660284
1591016443121,19.0,16.0,11.666666666666666,8.339997335464535,66.7,23.8,30.166666666666668,27.599798711021226
1591016494765,2.6489999999999996,0.0,0.8829999999999999,1.2487505755754427,14.18,0.0,4.726666666666667,6.684516104816829
1591016517778,7.0,5.0,4.0,2.943920288775949,47.8,40.0,29.266666666666666,20.938215991074525
1591016517921,47.41,6.218000000000001,17.876,21.03740712793919,272.08000000000004,32.49,101.52333333333335,121.32898096589383
1591016519031,18.625000000000004,13.378,12.998,4.757155242369121,137.75000000000003,71.8,91.07666666666667,33.16909840331645
1591020269281,10.876,8.484,6.453333333333333,4.666515426120674,84.64,76.43,53.69,38.11222988315781
1591020377344,23.639,0.0,7.879666666666666,11.143531466979198,183.16,0.0,61.053333333333335,86.34245202808536
1591020695158,4.408,1.0,1.8026666666666669,1.8869413227643186,78.0,30.72,36.24,32.081695715781606
1591020742401,20.595,5.496,10.219333333333333,7.346500497213319,122.11,105.67,107.52,11.233850631016953
1591020742449,11.527999999999999,0.0,3.8426666666666662,5.434351315679012,148.85,0.0,49.61666666666667,70.16856291974506
1591030092053,8.558,3.0,4.186,3.1974769219912544,78.74,29.7,40.446666666666665,27.932591875600963
1591030217500,27.943,3.0,10.647666666666668,12.256873346095333,409.76999999999987,110.0,187.45666666666662,159.58927205660015
1591030411823,2.536,2.362,1.6326666666666665,1.1566530258561651,34.87,22.11,18.993333333333332,14.405194279225192
1591040087452,29.0,0.0,9.666666666666666,13.67073110293992,172.07999999999996,0.0,57.359999999999985,81.11928993772072
1591040155274,6.0,0.0,2.0,2.8284271247461903,366.8,0.0,122.26666666666667,172.91117822615044
1591040161114,5.042,4.184,3.075333333333333,2.2026192488842815,72.79,64.35,45.71333333333333,32.50733284797276
1591040356657,17.854000000000006,10.031,10.595666666666668,5.709857694276533,301.14,30.12,118.41666666666667,129.22914179429068
1591040416658,556.0550000000002,13.849999999999998,194.58166666666673,255.60024525070838,244.22,136.11999999999998,147.57999999999998,74.66872080507787
1591040462983,58.00100000000001,0.0,19.33366666666667,27.341933610400634,299.9999999999999,0.0,99.99999999999996,141.42135623730945
1591040497398,6.817000000000001,0.0,2.2723333333333335,3.2135646182324638,52.23,0.0,17.41,24.62145812091558
1592010017509,36.838,33.348,29.062,8.647308174609407,248.6,238.1,192.97,71.37691363459196
1592013087615,51.65600000000001,50.414,47.582000000000015,4.909532767993308,347.68999999999994,102.32999999999998,159.41666666666666,136.52310801553787
1592014016171,18.629,8.0,8.876333333333333,7.63046002690678,131.92000000000002,44.5,58.80666666666667,54.7980056409193
1592015013285,29.54,25.162,26.567333333333334,2.1030329420994707,139.40000000000003,127.25,119.92666666666668,19.58658781468132
1592015016880,14.718999999999998,4.244,6.508333333333333,5.997253056376912,513.53,196.33,254.83,191.8575686978928
1592015018662,11.203,0.0,3.7343333333333333,5.2811448464219275,47.02,0.0,15.673333333333334,22.165440567594313
1592015026841,21.118,9.924,10.775666666666666,8.119153253606902,235.94000000000003,126.51,125.80666666666669,90.21199563004666
1592015046818,34.316,33.0,24.091333333333335,13.539972854067651,262.69,55.0,115.59333333333332,104.54952266217617
1592015053267,37.308,35.144000000000005,28.195666666666668,11.390916976062798,405.36999999999983,175.45,244.98999999999992,113.73867943668058
1592015056299,291.01699999999994,40.03399999999999,120.16799999999996,120.88568978171071,422.86,272.5200000000001,264.30333333333334,132.9424372509479
1592015056343,25.006,24.798000000000002,22.369,3.58320926917012,369.26999999999987,326.11999999999995,295.3299999999999,76.12165832840651
1592015058781,41.267,0.0,13.755666666666668,19.453450359483504,463.13999999999993,0.0,154.37999999999997,218.3262897591584
1592015059993,34.748000000000005,0.0,11.582666666666668,16.38036428844677,148.26000000000005,0.0,49.420000000000016,69.89043425247839
1593140971419,3.834000000000001,2.0980000000000003,1.9773333333333338,1.567547837299463,71.39,32.40000000000001,34.59666666666667,29.186207168607723
1593141148827,11.0,10.0,9.697333333333333,1.2063226028812624,56.31,51.3,48.169999999999995,8.227381114303629
1593150463515,16.464999999999996,15.230000000000002,11.187333333333333,6.609728503417435,121.89,63.68,69.2,40.954101951656405
1594140121125,89.0,0.0,29.666666666666668,41.95500235040182,123.0,0.0,41.0,57.982756057296896
1594140460286,6.6739999999999995,2.6719999999999997,3.4486666666666665,2.380612992954172,47.09,20.5,28.69666666666667,13.031654623347807
1595112593216,9.82,6.752000000000001,6.301333333333335,3.073527976482762,191.8,79.25,93.82666666666667,74.7579589222594
1595130081566,18.166,13.011,11.347666666666667,6.35596876084904,84.14999999999998,82.83000000000001,63.66,28.049032068861127
1595150263683,6.033,2.0,3.0110000000000006,2.175524917500755,73.06,6.5,27.186666666666667,32.48932679443444
1595150403423,55.029,9.0,21.787000000000003,23.71318169288972,202.4,69.0,101.46666666666665,72.86816100937973
1595150738976,10.832,0.0,3.610666666666667,5.106253769208456,106.42,0.0,35.473333333333336,50.166869102581586
1595150770945,9.69,4.9860000000000015,4.892,3.95648429795949,76.31,61.97,46.093333333333334,33.11450269729094
1595150771652,35.10199999999999,28.81,25.304,9.751739263673254,294.93,137.95000000000002,151.69333333333336,111.76485026856857
1595150883423,8.224,5.109,4.808333333333334,2.9193785107260224,49.9,36.07,33.373333333333335,14.718913758230332
1595150997786,2.612,0.963,1.1916666666666667,1.078533675361548,327.64,13.489999999999998,113.71,151.3715708667472
1595151123344,154.17499999999995,7.7879999999999985,54.52866666666665,70.50553461175149,94.0,93.41,88.39,7.52040335797666
1595151204906,28.430999999999997,4.3180000000000005,11.168333333333331,12.292862599447245,153.07,56.4,83.05333333333333,49.97703628223222
1595151355660,13.745999999999999,5.7,6.982333333333333,5.080570199845245,64.17000000000002,44.65,41.36000000000001,20.102489066448136
1595151375125,4.458,0.0,1.486,2.1015213536864197,220.36,0.0,73.45333333333333,103.87870020151176
1595151442803,17.0,12.294,11.362666666666668,5.0264066245734185,115.67000000000002,87.83,76.96666666666667,36.84568933026254
1595151609213,15.394,8.212,9.535333333333334,4.345282294882834,242.99,61.24,109.01,96.0291230131082
1595151616471,23.906,19.434,16.040000000000003,8.168655376906695,183.35,149.65,159.42000000000004,17.015712346730187
1595151629143,16.0,11.042,12.443666666666667,2.5334274982499276,58.46,46.4,41.35333333333333,16.420282850453244
1595151630446,22.258000000000003,9.386,10.548,9.123863362998522,290.19,83.01,124.39999999999999,122.03116569139213
1595151630774,4.7200000000000015,2.334,2.351333333333334,1.9269709102342183,78.38,19.45,32.61,33.324118392939766
1595151631146,7.242999999999999,0.0,2.414333333333333,3.4143829440894424,39.05,0.0,13.016666666666666,18.408346536889784
1595151738968,9.0,8.532,8.510666666666667,0.4085268928996256,56.15,27.5,36.416666666666664,13.975116775500979
1595151866807,432.34,10.550999999999998,149.636,199.91048496931484,94.29,78.01,75.33,16.68286146518836
1595151915963,38.0,31.941999999999997,27.415999999999997,10.966887008931325,147.43000000000004,142.39,138.58,9.185390574167227
1595160035249,16.447,15.85,13.649666666666667,3.5422785824318717,84.76,71.77,67.52,16.094514593488057
1595160353664,4.177,3.9,3.8636666666666666,0.27188518818713814,253.39,79.24000000000002,126.97666666666667,90.27575914324335
1596130424193,3.792,0.0,1.264,1.787565942839592,63.26,0.0,21.086666666666666,29.821049985240663
1596140586607,79.0,34.288000000000004,37.76266666666667,32.34506640724191,254.96999999999997,26.5,93.82333333333332,114.46032393609391
1596140587802,3.0,2.458,2.2613333333333334,0.6974129973615986,51.4,18.46,27.016666666666666,17.495207597764846
1596140594374,265.07199999999995,35.98399999999999,100.35199999999998,117.39739027195903,179.41,170.95,116.78666666666668,82.65283634307751
1596140628703,6.581000000000001,3.994,3.7823333333333338,2.3762326391907753,156.85,86.4,84.68666666666667,59.63288820404019
1596160006376,16.042,11.0,10.427666666666667,4.83470608092042,234.58000000000004,133.4,147.9766666666667,65.57554744126979
1596160024097,16.758,15.431,15.660333333333334,0.8188342662319122,161.29999999999995,133.57999999999998,122.32333333333331,37.27948884961927
1596160058337,17.241999999999994,5.158,7.466666666666665,7.22583777534173,86.67,83.38000000000002,56.68333333333334,40.10366760728445
1598140107578,18.166,3.0,7.0553333333333335,7.951317934084191,155.21000000000004,51.2,68.80333333333334,64.57524826811657
1598140129341,9.0,4.0,5.0,2.943920288775949,86.9,55.0,51.63333333333333,30.263325806805987
2900000040663,35.765,5.33,13.698333333333332,15.75448207830253,172.37,89.58000000000001,87.31666666666668,70.38795461977537
2900000050419,1.638,0.8220000000000001,0.82,0.6687121951931189,19.59,19.4,12.996666666666664,9.19035847444967
2900000050785,64.484,11.704,26.06266666666666,27.455309690881695,405.83,48.76000000000001,155.86333333333332,177.35500224753238
2900000071742,11.189,9.162,7.903666666666666,3.3177163163169268,199.66,58.0,105.00666666666666,66.93052384541916
2900000072022,771.7339999999998,20.092,265.27533333333326,358.1806098393502,553.02,469.78000000000014,353.2333333333334,226.2481053082115
2900000072701,3.8739999999999997,0.0,1.2913333333333332,1.8262211135444566,130.03,0.0,43.343333333333334,61.29672983845784
2900000074163,141.53199999999995,16.637999999999998,56.167666666666655,60.416555735070546,227.01,161.82000000000005,168.71,45.05311753918922
2900000124974,34.50899999999999,21.509,19.672666666666665,12.928865903688362,496.0,210.00000000000003,260.6933333333333,175.13911067745232
2900000125261,27.164,1.0,9.388,12.576158183907625,140.86,18.0,52.95333333333334,62.59226008239535
2900000164567,8.0,7.0,6.985333333333333,0.8345239494599432,63.8,54.08,51.699999999999996,10.980965349184924
2900000177079,10.334,3.374,5.027333333333334,3.840185180720094,97.36,44.07,57.60666666666666,28.582526519225382
2900000178106,329.922,21.576,117.16600000000001,150.69885554973536,125.26,94.75,73.33666666666666,53.331760601811084
2900000179417,7.154,5.0,4.384666666666667,2.5497588557003232,194.49,71.2,106.19666666666667,62.87822640275054
2900000192492,31.548,17.55,16.366,12.9065995521671,200.57,66.67999999999999,89.08333333333333,83.40069237655578
2900000194298,9.0,0.0,3.0,4.242640687119285,18.9,0.0,6.3,8.909545442950497
2900000203457,170.743,0.0,56.91433333333333,80.48902209342312,263.92999999999995,0.0,87.97666666666665,124.41779517237697
2900000210790,13.0,4.0,6.666666666666667,4.4969125210773475,146.8,98.6,112.7,24.23234752694561
2900000224001,91.35,19.538000000000004,38.968333333333334,37.44848561542761,276.67,193.84000000000003,173.03,94.2728455070706
2900000224315,29.886999999999997,8.224,12.703666666666665,12.6057857703869,251.25000000000003,89.13,113.46,104.00513545013055
2900000239876,7.893000000000002,2.318,3.4036666666666675,3.312488121571995,77.23,12.66,29.963333333333335,33.819838688096794
2900000245396,23.095,6.887999999999999,10.929,8.762740476966476,122.18,59.96,69.68,39.50045063034092
2900000245914,702.1220000000002,35.524,245.88200000000006,322.9362081939198,560.2900000000002,392.85999999999984,317.7166666666667,234.82775451144806
2900000246638,14.1,11.151,9.417,4.694505085735876,80.88,74.92,73.5,6.681337191510891
2900000253230,315.654,6.696999999999999,107.45033333333333,147.24760906340344,86.77000000000002,62.72,49.830000000000005,36.57751859635461
2900000254503,2.0,2.0,1.3333333333333333,0.9428090415820634,23.700000000000006,7.9,10.533333333333337,9.853031118504715
2900000255463,34.891,10.172,15.021,14.651053909759074,383.42,250.52,211.31333333333336,158.96665506395428
2900000256637,9.514,0.0,3.171333333333333,4.4849426108058745,153.54999999999995,0.0,51.183333333333316,72.3841641674629
2900000268692,38.436,29.244,27.560000000000002,9.641521871571936,162.55999999999997,123.1,119.01999999999998,37.32756979320601
2900000271814,34.230000000000004,16.92,21.837333333333333,8.824944998254791,298.73,176.19000000000003,172.58666666666667,104.49772256954802
2900000284333,17.972,0.0,5.990666666666667,8.472082047656423,590.5200000000002,0.0,196.84000000000006,278.37379761752015
2900000304376,35.333,2.6039999999999996,13.461333333333334,15.465736631520516,131.97000000000003,118.73,111.07333333333334,20.901260461725492
2900000307377,5.0,3.01,2.67,2.0553507405468943,485.0,13.0,166.0,225.6294897983565
2900000308312,33.568000000000005,16.86,16.809333333333335,13.704125445362147,456.25,231.15,229.13333333333333,186.2687410407041
2900000317307,9.597999999999999,5.2,4.932666666666666,3.9229241927702625,322.7700000000001,35.92,119.56333333333338,144.43516107774994
2900000330863,33.632000000000005,15.001,18.48966666666667,11.214113141731522,171.39999999999995,87.72,109.60666666666664,44.30945823285235
2900000337633,38.946,0.0,12.982,18.35932046672752,452.42,0.0,150.80666666666667,213.27283329627858
2900000339637,9.933,0.0,3.311,4.6824611050173175,165.61,0.0,55.20333333333334,78.06930268820275
2900000342651,152.60500000000005,36.0,65.69700000000002,62.471355553298736,301.00000000000006,114.56,156.91666666666669,104.72568749940116
2900000345300,7.542000000000001,4.0,3.8473333333333337,3.080900445576838,132.32999999999998,41.9,58.07666666666666,55.221195407399705
2900000348561,1.156,0.41,0.632,0.37196057138716554,29.06,12.37,14.573333333333332,11.039300501189173
2900000350175,31.914000000000005,9.0,16.392,10.979845900557988,259.49,72.96999999999998,128.14333333333332,93.27096773499363
2900000350458,38.586,36.57,25.385333333333335,17.262665405113108,222.39,170.31000000000003,139.16666666666669,83.61771117545746
2900000353848,15.749,6.002000000000002,7.583666666666667,6.124241576627173,126.56,24.2,52.45333333333334,52.891641011495274
2900000372849,44.82,0.47,15.096666666666666,21.0184463956994,284.21,18.61,100.94,129.81397639186108
2900000383913,94.564,36.48399999999999,49.73233333333332,32.57250178021673,940.16,752.03,680.1933333333333,246.87150940429626
2900000384187,13.755999999999998,0.0,4.585333333333333,6.484640588001431,65.38000000000001,0.0,21.793333333333337,30.820427569317655
2900000385627,1.3519999999999999,0.0,0.4506666666666666,0.6373389121094748,22.69,0.0,7.5633333333333335,10.69616857674851
2900000386440,29.839,17.015,20.199666666666666,6.9455398318313275,223.52000000000004,84.2,129.51666666666668,66.48463097254552
2900000386495,5.8,2.408,3.388666666666667,1.7149385476518457,67.44,29.85,40.43,19.2476959660111
2900000390256,1.1,0.0,0.3666666666666667,0.5185449728701349,67.76,0.0,22.58666666666667,31.94237032880031
2900000394940,21.625999999999998,4.18,8.601999999999999,9.366128050943285,56.4,43.2,33.199999999999996,24.086510747719355
2900000404731,17.634,4.0,7.211333333333333,7.548685772297645,640.5799999999998,360.8,333.7933333333333,262.2120059968438
2900000408586,145.55100000000004,93.822,82.04566666666669,57.26819572463898,586.2499999999999,174.12,265.15666666666664,234.03324070643367
2900000416307,23.701999999999998,9.0,12.567333333333332,8.040961855123772,253.59,115.5,150.36333333333334,74.26246711645273
2900000417663,9.306,0.0,3.102,4.38689047048134,128.86,0.0,42.95333333333334,60.74518654913235
2900000418073,43.389,21.651999999999997,21.680333333333333,17.71349640497011,350.5600000000002,222.34000000000003,190.96666666666673,144.82470538167482
2900000448520,56.32400000000001,34.0,30.108000000000004,23.158281340951596,520.4000000000002,388.28000000000014,302.89333333333343,220.86527135085979
2900000449732,8.325,8.042,5.455666666666666,3.8594685586950384,129.39,38.17,55.85333333333333,54.28301289435664
2900000451452,51.578,19.785999999999998,27.788666666666668,17.11913061136251,809.7499999999997,404.29999999999984,516.7699999999999,209.02204142147292
2900000452756,44.174,5.0,16.391333333333332,19.75107465993236,307.9499999999999,44.6,117.51666666666664,135.88213233861495
2900000476042,9.472000000000001,0.0,3.1573333333333338,4.465143620932652,88.72,0.0,29.573333333333334,41.82300908458033
2900000485990,58.212,6.1160000000000005,22.183333333333334,25.525665846141777,362.15,43.85,139.01666666666668,158.3462942063656
2900000544765,15.068,14.093,12.287,3.2678313909992354,56.93999999999999,53.34,53.88999999999999,2.298912786514525
2900000557161,5.497999999999999,0.0,1.8326666666666664,2.591782055309092,274.85,0.0,91.61666666666667,129.56553253941507
2900000562165,20.015,12.925999999999998,12.110666666666665,6.811163402010621,337.07,152.0,190.26666666666665,107.69674161995596
2900000566378,46.533,0.0,15.511000000000001,21.93586656596908,534.4999999999999,0.0,178.16666666666663,251.96571636280638
2900000574274,4.198,0.0,1.3993333333333335,1.978956178280751,87.81,0.0,29.27,41.394030970660495
2900000587649,26.034000000000002,0.0,8.678,12.27254529427372,228.6,0.0,76.2,107.76307345282984
2900000588691,2083.844,75.94699999999997,719.9303333333334,964.9308625638536,1134.8,517.4599999999998,550.7533333333332,463.8779254166864
2900000604360,20.0,19.0,17.333333333333332,3.0912061651652345,285.33,103.5,150.07666666666668,97.1706424572543
2900000623040,18.046,3.475,7.173666666666667,7.817699164218474,237.79,111.78,116.52333333333333,97.13528515540696
2900000680036,31.0,0.0,10.333333333333334,14.613540144521982,148.7,0.0,49.56666666666666,70.09785224162641
2900000780040,1.942,1.226,1.056,0.8018794589379794,50.64,15.46,22.03333333333333,21.189760629973044
2900000780743,30.038000000000004,10.505999999999998,13.514666666666669,12.446135071668724,181.59,20.93,67.50666666666667,81.12036913678887
2900000780835,19.41,3.5840000000000005,8.608666666666666,7.643863653647647,185.71,21.75,74.99666666666667,78.30510299817986
2900000781603,47.696000000000005,21.813,23.169666666666668,19.495427025045874,148.0,68.11,72.03666666666668,60.4845105975259
2900000784918,1067.193,15.728,361.06033333333335,499.3511269346339,529.0799999999998,137.63000000000002,223.7633333333333,222.61966944145382
2900000840164,46.744,7.263999999999999,18.002666666666666,20.538412878203506,316.68999999999994,69.77,128.81999999999996,135.86345081244866
2900000840805,65.064,28.048,33.538,23.818074873227403,337.69000000000005,143.5,185.51666666666668,111.1404739757554
2900000845121,12.665999999999999,9.668,7.444666666666666,5.40458430922819,152.25,127.72,93.32333333333334,66.74510535529095
2900000847224,74.44,21.0,35.824,27.549989086507214,153.5,95.63,101.50333333333333,40.27203854895961
2900000849785,29.0,28.46,19.82,12.602571166234293,306.30000000000007,266.66,218.25333333333336,97.83478090922247
2900000852525,103.60200000000002,100.67399999999999,75.02533333333334,38.36172899590888,414.59,348.48,284.98,139.19108472408234
2900000855502,3.6239999999999997,0.7040000000000001,1.4426666666666665,1.5689838183430131,40.29,8.79,16.36,17.29739286713463
2900000856585,12.152000000000001,2.0,4.717333333333333,5.320131660860367,36.28,36.0,24.093333333333334,17.036942866084342
2900000863286,372.298,4.598000000000001,126.96533333333333,173.47656402971427,211.43,108.49,122.77333333333335,67.3186721662142
2900000863880,25.118,17.087,19.435,4.038639127230854,169.89,158.06000000000003,140.73666666666668,33.216939788139555
2900000864498,129.024,39.88800000000001,56.304,53.937692052960514,629.51,251.03000000000003,293.5133333333333,258.7461242651225
2900000870994,7.875,2.0,3.639666666666667,3.0201567656148063,166.8,21.8,65.37666666666668,71.95335356249137
2900000874145,21.686,13.748,12.689333333333332,7.813887523008136,654.8100000000002,114.69,267.75000000000006,275.68025391746875
2900000874930,29.644000000000002,11.484000000000002,13.709333333333333,12.203982009528238,208.11,137.2,115.10333333333334,86.38533839077607
2900000880467,4.034,4.002,2.6786666666666665,1.8941484161021338,42.5,34.52,25.673333333333336,18.443790885341937
2900000883475,16.846,8.0,10.948666666666668,4.170044390917466,259.45,103.8,148.11666666666665,79.26813497378515
2900000883819,20.72,13.267999999999999,11.816,7.929612348658665,122.95,38.04,56.163333333333334,48.843403057344624
2900000884007,44.56800000000001,0.0,14.856000000000003,21.009556682614704,345.1,0.0,115.03333333333335,162.68170012498504
2900000890688,22.89,2.4210000000000003,8.437,10.267496189431968,242.66000000000003,85.50999999999998,109.39,100.49431061839606
2900000934474,26.817000000000004,19.71,18.03666666666667,7.940895093683641,403.54,145.37,213.30333333333337,136.33663296740497
2900000936997,13.282,6.878000000000001,6.72,5.423504647980553,131.61,94.68,75.43,55.42694831938703
2900000941830,248.982,126.962,132.556,92.86197380341787,515.69,260.52,312.6233333333334,149.15401041280194
2900001020541,24.783,0.0,8.261000000000001,11.682818238764138,160.71,0.0,53.57,75.7594205363267
2900001047739,363.05199999999996,85.97000000000001,155.98433333333332,148.95484956709382,748.4199999999997,207.94,357.41333333333324,279.026188655394
2900001050364,33.611999999999995,2.829,12.146999999999998,15.22192451695908,91.57,43.21,44.92666666666667,37.40299839436524
2900001050500,27.155,19.254,17.095,9.22259619991392,122.70000000000002,108.51,90.90333333333335,35.41050722910112
2900001050791,68.57499999999999,41.37,44.11966666666666,18.945183738588778,843.2299999999997,202.90000000000003,392.3033333333333,320.20979334735443
2900001067881,20.64,2.036,7.558666666666667,9.287169835614916,321.04,65.1,128.71333333333334,138.5680639814079
2900001067911,36.162,32.358000000000004,29.221999999999998,7.292093252283599,242.51,195.38,191.97,42.72595698167567
2900001068499,60.583,47.162,40.679,19.446270199363852,698.7099999999997,219.37000000000003,344.2799999999999,254.2325466969167
2900001068833,85.85500000000002,5.702000000000001,31.519000000000005,38.437185753729,192.21000000000004,63.53,95.54666666666668,69.63729476524935
2900001078658,7.478,4.861000000000001,4.113,3.098359673547709,126.13,50.4,58.843333333333334,51.83732010391312
2900001090605,10.005,9.328,6.444333333333333,4.565205824738051,23.8,15.0,12.933333333333332,9.825590171700743
2900001092012,14.897,12.22,9.039,6.4843001678412975,139.76,35.25,58.336666666666666,59.346216017161154
2900001093019,29.142,28.273000000000003,26.475333333333335,3.1766328434715625,137.45,122.36,99.90333333333332,42.87366739101701
2900001094702,475.55199999999996,15.102,166.218,218.7513844040002,766.3,266.31,428.6933333333333,238.781507426536
2900001157902,38.52,12.106,16.875333333333334,16.08327299470547,1386.0,241.36,542.4533333333334,604.5614920658518
2900001211239,22.862,17.060000000000002,13.307333333333332,9.70325173445594,251.72000000000008,62.31,104.67666666666669,107.0418623197901
2900001211321,19.837,4.698,8.178333333333333,8.46408815066468,184.89000000000004,44.92,76.60333333333335,78.73564729876524
2900001215688,38.44000000000001,7.0,17.270000000000003,14.97165989461423,562.5500000000002,204.81,312.55333333333334,177.33487160986957
2900001216616,60.18800000000001,35.356,35.12233333333334,20.562089004335682,210.2,182.70000000000005,179.49,26.482538901447246
2900001220255,10.0,4.87,6.144666666666667,2.7777815288863565,92.55,87.60000000000002,73.71333333333335,23.22696756406704
2900001234399,20.568,16.0,14.136000000000001,6.155451134292813,185.11,59.16,87.25666666666666,71.25234514659071
2900001238632,21.711,5.002,10.298333333333332,8.076914441102424,80.80000000000003,58.23,57.31,19.565910831511705
2900001240246,20.924000000000003,2.492,8.31,8.928376784164074,215.17,25.630000000000006,84.86,92.2699940392325
2900001255080,323.539,20.905999999999995,114.815,147.83672602119768,278.47,132.14,136.87,113.734090169424
2900001270014,2.001,0.0,0.6669999999999999,0.9432804461028544,23.700000000000006,0.0,7.900000000000002,11.172287142747454
2900001270199,20.364,10.0,10.121333333333334,8.314010878564503,98.88,45.6,48.16,40.40815759224862
2900001270205,7.098000000000001,5.388000000000001,5.495333333333335,1.2670283694096551,370.38,83.86000000000001,153.34666666666666,156.73957537548992
2900001307901,355.18199999999996,0.0,118.39399999999999,167.4344005036002,715.5199999999999,0.0,238.50666666666663,337.29936271639895
2900001308168,49.143,15.005999999999998,21.383,20.56304466755835,274.09000000000003,114.4,129.49666666666667,112.40481612853114
2900001331616,23.0,20.412,20.978333333333335,1.4748858336231383,432.55,234.2,266.25666666666666,124.7672302952805
2900001355049,563.316,0.464,187.9266666666667,265.44041077591953,34.059999999999995,27.69,20.583333333333332,14.785114887014648
2900001364058,1094.6960000000001,481.252,548.3033333333334,421.42968623906364,397.14999999999986,111.91,198.87666666666664,140.55211354590938
2900001398121,191.11,37.43599999999999,86.99300000000001,73.65016301860213,228.91000000000003,200.57,159.03,79.63081982917586
2900001413886,314.92299999999994,6.0,106.97433333333332,147.06231326965522,145.13000000000005,107.9,84.34333333333335,61.54600790375353
2900001419826,19.71,11.98,10.563333333333334,8.108688070349126,264.36,188.83000000000004,151.06333333333336,111.1794142616139
2900001421652,16.566000000000006,7.349,10.005666666666668,4.6667070712536605,174.69,54.97,89.81333333333333,60.336392740110746
2900001423069,14.0,4.0,6.666666666666667,5.2493385826745405,80.60000000000002,42.6,44.796666666666674,28.379053699672397
2900001431651,18.368,0.0,6.1226666666666665,8.65875823788967,149.76,0.0,49.919999999999995,70.5975410336649
2900001432658,729.802,41.398,267.1546666666667,327.17264328315855,1769.15,430.51999999999987,796.6933333333333,694.5824546365168
2900001432672,25.366999999999997,12.872,13.703666666666665,9.202355072963055,115.01,50.02,61.30333333333334,40.047716816595454
2900001435116,2.454,0.0,0.8180000000000001,1.1568266940211918,139.06,0.0,46.35333333333333,65.55351266120087
2900001436120,4.006,3.0,2.3353333333333333,1.7016355530945972,43.0,37.8,26.933333333333334,19.16269524072459
2900001436366,6.8660000000000005,4.0,3.9553333333333334,2.3949927394925905,61.38,19.9,33.56,19.672769674518804
2900001436410,18.0,0.0,6.0,8.48528137423857,52.8,0.0,17.599999999999998,24.890158697766473
2900001436700,19.152,10.531999999999998,9.894666666666666,7.831748265163334,90.69,67.83000000000001,52.84,38.51141908577247
2900001437165,386.85900000000004,3.1839999999999997,130.1526666666667,181.52230904277917,111.58,57.23,70.06333333333333,30.061390889681437
2900001437424,9.0,0.0,3.0,4.242640687119285,62.49,0.0,20.830000000000002,29.45806850423157
2900001451932,20.252,19.985,19.162999999999997,1.3556703139037898,138.98,120.66,101.98,40.075781547796
2900001452366,36.275999999999996,0.0,12.091999999999999,17.100670396215463,551.09,0.0,183.6966666666667,259.7863173627296
2900001462648,7.944,6.543999999999999,4.8293333333333335,3.462354240814895,235.49,99.82000000000002,111.77000000000002,96.50902168536714
2900001463379,20.23,3.338,8.375333333333334,8.413954335243064,140.10000000000002,138.4,103.40666666666668,50.69487898748311
2900001465380,17.275,1.0,6.091666666666666,7.9183419280104905,258.36,23.9,94.08666666666666,116.5678587299642
2900001465816,17.630000000000006,6.8260000000000005,8.15466666666667,7.255238904099271,272.84,63.88,114.90666666666665,113.98200715707526
2900001465960,28.038,16.58,14.872666666666666,11.509955150023634,389.32999999999987,64.07,151.1333333333333,170.4493673271397
2900001466509,2.91,2.0,1.9960000000000002,0.7479162163415544,320.5,35.28,121.46,141.16337296433048
2900001467353,137.001,69.307,71.89533333333334,52.134007674666854,241.64,119.2,148.79333333333332,67.07521416704948
2900001470780,12.707999999999998,11.645999999999999,8.463,5.270252935106625,40.39,36.44,30.746666666666666,10.96389934689702
2900001497336,308.994,0.0,102.998,145.6611684973041,98.1,0.0,32.699999999999996,46.24478348960021
2900001509459,37.944,24.898999999999994,20.947666666666667,15.740532823114838,244.2800000000001,128.16,124.14666666666669,99.76726160865044
2900001540117,25.0,6.87,11.290000000000001,9.896204659699933,137.5,27.89,58.79666666666666,56.077202933891854
2900001540971,16.680999999999997,0.0,5.5603333333333325,7.863498811315198,165.45000000000005,0.0,55.15000000000001,77.99387796487622
2900001550246,26.189,10.005,12.064666666666668,10.790353727082147,163.0,118.69,93.89666666666666,68.81512446806701
2900001568630,110.068,8.190000000000001,41.199333333333335,48.71139881200521,258.58000000000004,63.28,121.17666666666668,97.55854663852996
2900001575201,32.885999999999996,24.002,22.962666666666664,8.558286796368117,145.01000000000005,104.1,107.00333333333334,29.91755374729397
2900001578363,28.926,26.455,20.272333333333332,10.539261527998798,293.85,223.41000000000003,228.86333333333332,50.981118945045644
2900001582933,4.1370000000000005,0.0,1.3790000000000002,1.9502005025124982,110.28,0.0,36.76,51.98649055283498
2900001645768,43.74499999999999,24.02,22.588333333333328,17.887491128967437,320.56000000000006,99.87999999999998,140.14666666666668,133.92966246836022
2900001661508,20.028,17.0,14.933333333333332,5.212530884534135,283.89,204.1,210.53,57.45334164926061
2900001663823,27.978,19.55,16.982333333333333,10.189236292393176,97.3,70.67,73.84666666666668,17.99345498291593
2900001668996,26.494000000000003,13.534999999999998,14.217,9.75762740970707,264.75,101.18,143.74666666666667,86.80637162994175
2900001671408,22.452,0.0,7.484000000000001,10.583974300800245,121.15,0.0,40.38333333333333,57.110657693833495
2900001684507,2.0,0.0,0.6666666666666666,0.9428090415820634,14.79,0.0,4.93,6.972072862499359
2900002532630,18.515,0.6880000000000001,6.401,8.570495240455283,202.23,17.67,73.3,91.45223124670059
2900002542837,6.0,3.0,3.0,2.449489742783178,27.3,23.8,17.033333333333335,12.128845323809225
2900002548457,14.13,6.0,8.459666666666667,4.021236155987637,100.63,54.3,68.36,22.881146533044767
2900002701746,26.073,5.04,11.701,10.17157519757879,328.4000000000001,75.65,136.01333333333335,139.14802917117524
2900002927733,46.746,2.158,16.968333333333334,21.056087581082632,1191.44,56.95,422.46333333333337,543.9692920458735
2900002930092,45.376000000000005,14.01,21.02266666666667,17.729082122007586,207.74,145.61,135.28333333333333,63.79573879883271
2900002932416,558.0690000000002,182.02200000000002,301.2250000000001,181.77205544857557,566.59,485.8600000000001,432.23666666666674,136.9446448589924
2900002932614,27.0,13.0,17.0,7.118052168020874,342.10000000000014,83.8,169.43333333333337,122.09510864713447
2900002933024,76.24000000000002,61.49700000000001,59.058000000000014,15.123419873384023,608.9399999999998,383.6,433.96999999999997,127.37974433428042
2900002933918,50.078,2.0,17.359333333333336,23.14999440364703,305.04,36.8,113.94666666666667,135.95601380185025
2900002934304,11.495999999999999,10.0,10.381333333333332,0.8011813499798623,403.4,181.7,237.20999999999995,119.65302419914006
2900002934342,477.163,45.114,178.991,211.2048292834865,264.02,217.68000000000006,217.56000000000003,37.983515722832514
2900002934762,24.0,8.978,12.992666666666667,7.877739156777293,378.5,59.99999999999999,148.73333333333332,163.86653783558808
2900002934892,24.256,21.59,17.141333333333332,8.248632102085507,460.02,59.68999999999998,186.99999999999997,193.20038008934316
2900002934915,18.276,10.133,12.505333333333333,4.10191941521148,171.78,120.06,124.96666666666668,36.38558444707952
2900002936520,279.37,14.84,98.07,128.34153367739793,103.9,26.09,43.330000000000005,44.13400578541072
2900002936940,36.774,14.98,17.251333333333335,15.098586806570859,286.9,84.21000000000002,123.70333333333333,120.40956505010536
2900002937428,19.49,10.482000000000001,13.014666666666665,4.614793699493931,173.42000000000004,143.03,131.61666666666667,39.622369383412156
2900002937503,104.685,24.923,43.536,44.328152326333964,339.68,123.62,166.4,127.65361569497357
2900002969559,7.907,0.0,2.635666666666667,3.7273955458946877,220.87,0.0,73.62333333333333,104.11911650711517
2900003105154,21.146,14.0,14.408000000000001,5.342783544183687,383.4699999999999,148.64,199.66999999999996,134.18193345851986
2900003105161,8.083,6.2040000000000015,6.624333333333333,1.0618419007659388,29.26,28.88,27.713333333333335,1.9248780625160535
2900003106281,34.0,18.000999999999994,17.333666666666662,13.88846044583616,104.7,58.9,54.53333333333333,42.85497507745033
2900003106502,5.754,2.013,2.589,2.3841086384642796,136.95,25.8,54.25,59.41872600451813
2900003107363,9.56,5.768,5.776,3.0863622600077263,123.49,83.05,78.71333333333332,38.45289788241655
2900003108773,22.3,12.22,13.173333333333332,7.094793082880493,153.66,143.27,105.61000000000001,60.75437487676642
2900003110479,49.038999999999994,20.112,23.05033333333333,20.12761340933285,237.76000000000008,130.17000000000002,122.64333333333336,97.21091308192835
2900003114002,17.334000000000003,10.824000000000002,9.386000000000001,7.149255066089055,313.1,61.38000000000001,124.82666666666667,135.46712303072738
2900003114170,13.158,1.0,4.719333333333333,5.980987729649863,151.37,26.8,59.39000000000001,65.95352050244676
2900003114613,518.5879999999999,0.0,172.86266666666663,244.46472762797944,273.22,0.0,91.07333333333334,128.7971431705257
2900003114880,12.107999999999999,9.382,7.913333333333333,4.156342729959705,97.52,44.6,60.61333333333334,26.172888432285973
2900003115009,4.064,2.0,2.138333333333333,1.5189786773428462,24.47,16.8,18.319999999999997,4.53026121395518
2900003116341,2.872,2.05,2.256,0.4434681499273651,55.77,30.130000000000006,33.01666666666667,17.518860947244512
2900003116822,11.14,2.658,4.599333333333333,4.750542518725859,118.56,31.93,50.163333333333334,50.08964785484344
2900003117386,9.04,8.454,5.831333333333333,4.130309539113127,76.31,42.93000000000001,39.74666666666667,31.23464138136089
2900003120607,67.43199999999999,8.001,26.144333333333332,29.26609032462123,444.85,77.4,195.21666666666667,176.6099295685897
2900003122076,16.927999999999994,2.422,6.449999999999998,7.474752348182956,150.27,18.53,56.26666666666667,66.89947799165219
2900003123479,105.544,26.155,50.233000000000004,39.219710580268185,365.89,160.9,199.39333333333335,123.27169189324133
6222021615010082737,32.434,21.000999999999998,17.811666666666664,13.431802418969026,189.45,111.2,100.21666666666665,77.73159303369225
6227002180901670266,81.29500000000002,40.818000000000005,54.30400000000001,19.08552070724472,587.6499999999999,286.4799999999999,350.2433333333333,173.76199744350183
6227002180921663895,7.746999999999999,5.975,5.240666666666666,2.4029754241125496,376.0,51.35,158.71,153.65081472828794
