u,u_count_all,u_count_2,u_count_3,u_count_4,u_amount_all,u_amount_2,u_amount_3,u_amount_4
781924,18.522,0.0,0.0,18.522,101.64999999999999,0.0,0.0,101.64999999999999
13325038116,2.6439999999999997,0.0,2.6439999999999997,0.0,55.75,0.0,55.75,0.0
13854627199,41.387,0.0,3.076,38.311,310.71000000000004,0.0,59.17,251.54000000000002
15963883482,15.276,0.0,5.276,10.0,96.80999999999999,0.0,67.21000000000001,29.6
15963885355,19.75,0.0,16.75,3.0,86.35,0.0,66.85,19.5
18654692914,12.174,0.0,4.314,7.859999999999999,112.58000000000001,0.0,41.86,70.72
18764569988,5.026000000000001,0.0,5.026000000000001,0.0,73.19999999999999,0.0,73.19999999999999,0.0
1590120464497,88.821,41.519999999999996,32.842,14.459,705.64,305.84999999999997,267.07,132.72
1590120718170,5.361,0.003,5.358,0.0,62.900000000000006,11.0,51.900000000000006,0.0
1590130640102,244.73600000000005,13.051000000000002,5.725,225.96000000000004,237.07999999999998,67.07000000000001,37.010000000000005,133.0
1590130817948,7.25,5.856,0.0,1.394,89.03000000000002,74.56,0.0,14.469999999999999
1590140304209,446.60599999999994,430.62699999999995,15.583,0.396,416.7099999999999,274.23999999999995,136.29000000000002,6.18
1590140304506,14.31,0.0,0.0,14.31,129.76000000000002,0.0,0.0,129.76000000000002
1590140305107,43.730999999999995,8.178,19.814,15.738999999999999,330.75,77.83999999999999,135.47,117.44
1590140306678,17.018,11.274,2.0,3.7439999999999998,237.11,161.67000000000002,33.8,41.64
1590140307286,36.462,19.156000000000002,10.654,6.652,482.95,198.92000000000004,236.87,47.160000000000004
1590140307415,45.921,38.921,0.0,7.0,319.45,282.85,0.0,36.6
1590140307767,246.32600000000005,12.603,0.0,233.72300000000004,213.04999999999998,51.379999999999995,0.0,161.67
1590140307859,28.387,7.3870000000000005,21.0,0.0,200.96000000000004,139.16000000000003,61.8,0.0
1590140308030,53.03900000000001,0.0,0.0,53.03900000000001,205.14999999999998,0.0,0.0,205.14999999999998
1590140308214,50.973000000000006,18.334000000000003,20.749000000000002,11.89,752.7899999999998,234.70000000000005,440.2499999999999,77.84
1590141216259,17.0,0.0,10.0,7.0,117.60000000000001,0.0,60.29999999999999,57.3
1590141414228,6.0,0.0,5.0,1.0,87.0,0.0,27.1,59.9
1590142128124,59.87999999999999,34.0,7.128,18.752,895.5499999999995,683.0,44.36,168.19000000000003
1590142129763,19.404,12.469999999999999,6.934,0.0,316.8,253.04000000000002,63.760000000000005,0.0
1590142148962,20.941000000000003,12.940000000000001,6.001,2.0,176.13000000000005,136.83,34.7,4.6
1590142149112,11.592,0.0,10.376,1.216,39.449999999999996,0.0,29.4,10.05
1590142149853,23.833999999999996,0.0,23.833999999999996,0.0,275.5,0.0,275.5,0.0
1590142150507,168.872,168.872,0.0,0.0,100.85,100.85,0.0,0.0
1590142151689,26.93,0.0,15.93,11.0,111.64,0.0,52.54,59.099999999999994
1590142152440,33.0,17.0,9.0,7.0,342.2,212.50000000000003,61.2,68.5
1590142176354,390.625,390.625,0.0,0.0,92.49999999999999,92.49999999999999,0.0,0.0
1590142176521,21.378,0.0,19.378,2.0,195.38000000000002,0.0,102.48,92.9
1590142179621,43.477999999999994,13.578,15.326,14.574,336.44,160.46000000000004,75.15,100.83000000000001
1590142191722,25.093,11.0,12.885,1.208,411.15,117.29999999999998,267.71,26.14
1590142194327,6.0,0.0,6.0,0.0,76.80000000000001,0.0,76.80000000000001,0.0
1590142197076,37.55,3.876,11.0,22.674,291.23999999999995,32.14,87.0,172.1
1590142201513,2.0,0.0,2.0,0.0,29.3,0.0,29.3,0.0
1590142202190,22.0,21.0,1.0,0.0,106.0,21.0,85.0,0.0
1590142203104,126.683,26.025,85.82900000000001,14.828999999999999,471.79999999999995,145.1,226.1,100.6
1590142203180,79.50700000000002,32.548,46.958999999999996,0.0,653.4799999999998,283.5,369.98,0.0
1590142203401,12.884,6.2589999999999995,0.8240000000000001,5.801,146.67000000000002,73.25999999999999,11.21,62.2
1590142204569,11.482000000000001,4.284000000000001,5.592,1.6059999999999999,148.29999999999998,63.07000000000001,50.599999999999994,34.63
1590142205993,39.824,17.01,22.814000000000004,0.0,379.4200000000001,214.69,164.73000000000002,0.0
1590142206747,35.614000000000004,0.0,0.0,35.614000000000004,290.8500000000001,0.0,0.0,290.8500000000001
1590142213189,10.388,0.0,0.0,10.388,87.67,0.0,0.0,87.67
1590142213356,63.284000000000006,34.09,11.83,17.364,330.5999999999999,139.96,116.25,74.39
1590142213981,18.959999999999997,0.0,16.000999999999998,2.959,287.02,0.0,153.0,134.02
1590142215619,19.326,2.997,15.168999999999999,1.16,233.55000000000004,53.95,153.10000000000002,26.5
1590142240482,3.0,1.0,2.0,0.0,75.6,29.0,46.6,0.0
1590142456470,14.639000000000001,0.0,7.223000000000001,7.4159999999999995,160.9,0.0,83.56,77.34
1590142477895,9.0,0.0,9.0,0.0,82.50000000000001,0.0,82.50000000000001,0.0
1590142514866,16.333000000000002,0.0,0.0,16.333000000000002,69.94999999999999,0.0,0.0,69.94999999999999
1590142516068,527.694,0.0,0.0,527.694,9.85,0.0,0.0,9.85
1590142516600,33.0,33.0,0.0,0.0,515.5,515.5,0.0,0.0
1590142517836,6.083,0.0,6.083,0.0,34.699999999999996,0.0,34.699999999999996,0.0
1590142518307,74.32,23.543999999999997,0.0,50.775999999999996,299.46999999999997,101.28,0.0,198.18999999999997
1590142519632,366.272,0.0,0.0,366.272,161.82999999999998,0.0,0.0,161.82999999999998
1590142520300,6.702,4.0,2.702,0.0,310.97,251.1,59.87,0.0
1590142648356,38.058,11.058,24.0,3.0,604.45,166.05000000000004,323.30000000000007,115.1
1590142751995,10.0,0.0,0.0,10.0,21.700000000000003,0.0,0.0,21.700000000000003
1590150321449,195.812,124.812,52.0,19.0,280.54,96.74000000000001,135.70000000000002,48.10000000000001
1590151076256,3.0,3.0,0.0,0.0,27.700000000000003,27.700000000000003,0.0,0.0
1590151210391,5.883,0.0,0.0,5.883,48.78,0.0,0.0,48.78
1590151321240,39.99,22.287000000000003,3.703,14.0,612.4,524.0200000000001,70.08,18.3
1590151363066,12.784999999999998,11.155,1.6300000000000001,0.0,259.84999999999997,130.48,129.37,0.0
1590151428581,9.0,0.0,9.0,0.0,18.2,0.0,18.2,0.0
1590151432557,3659.301000000001,0.0,3656.0490000000004,3.252,266.26,0.0,249.26000000000002,17.0
1590151459721,23.003999999999998,12.004,7.0,4.0,119.40000000000002,75.60000000000001,16.1,27.700000000000003
1590151464053,36.45,22.37,9.08,5.0,376.48,236.79000000000002,74.19,65.5
1590151467962,22.724000000000004,2.13,15.783999999999999,4.8100000000000005,168.66,25.69,74.78999999999999,68.17999999999999
1590151472027,1515.4489999999996,10.405,625.5080000000003,879.5360000000001,546.4300000000002,115.34,177.32000000000002,253.77
1590151500423,12.014,7.37,4.644,0.0,103.58,42.61,60.970000000000006,0.0
1590151682891,10.045000000000002,10.045000000000002,0.0,0.0,264.82,264.82,0.0,0.0
1590151825175,280.1309999999999,36.602000000000004,226.153,17.376,494.0999999999998,91.77,241.54000000000002,160.79
1590151832593,1891.6630000000002,581.1120000000001,1006.6490000000001,303.90199999999993,510.72,136.43,139.14999999999998,235.14
1590151835808,16.000999999999998,0.0,13.0,3.001,144.79000000000002,0.0,118.59000000000002,26.200000000000003
1590151842899,64.349,8.216,20.619000000000003,35.513999999999996,470.43,261.76,133.95,74.72000000000001
1590151843124,77.59299999999999,56.693,18.0,2.9,598.5500000000001,476.1699999999999,105.0,17.38
1590151977348,10.762,3.0,1.0,6.7620000000000005,160.57,19.6,24.0,116.97
1591012978559,21.671999999999997,0.0,3.118,18.554000000000002,196.67000000000004,0.0,22.68,173.99000000000004
1591013167365,54.022000000000006,24.162000000000003,20.637999999999998,9.222,340.01000000000005,104.49,80.63999999999999,154.88
1591013471721,24.0,0.0,0.0,24.0,49.199999999999996,0.0,0.0,49.199999999999996
1591013766650,84.118,0.0,11.198,72.92,446.5299999999999,0.0,86.5,360.0299999999999
1591013866800,24.45,0.0,15.45,9.0,127.69,0.0,76.49,51.2
1591013877134,11.25,0.0,0.0,11.25,79.60000000000001,0.0,0.0,79.60000000000001
1591014083046,337.785,3.35,309.411,25.024,659.5700000000002,51.54,289.72999999999996,318.29999999999995
1591014130276,16.592,14.592,2.0,0.0,76.45,60.75,15.7,0.0
1591014214433,32.626000000000005,5.196,21.034000000000002,6.396,347.8799999999999,48.41,245.44000000000003,54.03
1591014338276,7.735,0.0,0.0,7.735,131.92000000000002,0.0,0.0,131.92000000000002
1591014523610,62.019999999999996,4.0,38.019999999999996,20.0,400.80000000000007,47.6,186.00000000000003,167.2
1591014577972,37.605999999999995,37.605999999999995,0.0,0.0,317.50999999999993,317.50999999999993,0.0,0.0
1591014680184,55.93599999999999,11.448,14.000000000000002,30.488,628.4899999999999,45.64,133.89000000000001,448.96
1591015027858,42.0,0.0,0.0,42.0,102.3,0.0,0.0,102.3
1591015034924,17.227,8.128,6.539,2.56,217.64999999999998,31.629999999999995,26.42,159.6
1591015074944,354.752,354.752,0.0,0.0,131.64,131.64,0.0,0.0
1591015097233,12.706,0.0,6.7059999999999995,6.0,98.60999999999999,0.0,65.21,33.400000000000006
1591015097516,27.3,5.522,11.777999999999999,10.0,385.38,93.21000000000001,72.17,220.0
1591015136338,44.238,11.452,32.786,0.0,241.93000000000004,89.71,152.22,0.0
1591015218485,14.338,6.694,3.0,4.644,270.30000000000007,156.61,33.8,79.89
1591015269418,31.173000000000002,5.458,13.362,12.353,279.22,66.86999999999999,30.509999999999998,181.83999999999997
1591015327590,420.01599999999996,215.246,204.77,0.0,203.51999999999998,141.14,62.38,0.0
1591015408602,30.329,8.328,7.001,15.0,346.84999999999997,107.54999999999998,66.3,173.0
1591015419448,23.090000000000003,6.87,16.22,0.0,255.2,111.88,143.32,0.0
1591015420000,16.055999999999997,0.0,0.0,16.055999999999997,188.97000000000003,0.0,0.0,188.97000000000003
1591015452933,81.882,28.639,19.98,33.263000000000005,510.34999999999997,245.35000000000002,99.8,165.2
1591015454210,44.480000000000004,21.436000000000003,19.38,3.664,615.5500000000001,406.91,155.70999999999998,52.92999999999999
1591015454562,31.493000000000002,0.0,2.1,29.393,249.3,0.0,26.909999999999997,222.39000000000001
1591015454692,11.636,0.0,9.0,2.636,231.3,0.0,135.92,95.38
1591015454814,39.928000000000004,27.502000000000002,10.24,2.186,382.6,258.02000000000004,74.74999999999999,49.83
1591015456955,39.707,6.515,16.0,17.192,403.03000000000003,69.82000000000001,77.8,255.41000000000003
1591015476700,7.787999999999999,2.024,4.568,1.196,398.7599999999999,303.65,79.36000000000001,15.75
1591015478124,38.440999999999995,16.0,6.088,16.353,655.2599999999999,307.09999999999997,113.44,234.72
1591015480745,18.0,0.0,0.0,18.0,146.9,0.0,0.0,146.9
1591015483951,35.182,0.0,28.182,7.0,267.74,0.0,222.74,45.0
1591015501716,85.397,1.472,81.411,2.5140000000000002,311.37,12.02,200.8,98.55
1591015506575,30.764000000000006,22.212000000000003,0.0,8.552000000000001,447.12000000000006,379.96000000000004,0.0,67.16
1591015519216,41.725,27.300000000000008,2.301,12.123999999999999,362.72999999999996,237.53000000000003,46.93,78.27
1591015521639,16.872,4.32,6.5600000000000005,5.992,350.87,205.04999999999998,70.64,75.18
1591015600815,4.813999999999999,0.0,4.813999999999999,0.0,72.18,0.0,72.18,0.0
1591015604417,46.514,3.45,34.72,8.344,388.28,89.36,244.44000000000003,54.480000000000004
1591016154157,26.814,13.186,8.08,5.548000000000001,186.17000000000002,119.76,17.92,48.49000000000001
1591016159916,18.34,18.34,0.0,0.0,172.39,172.39,0.0,0.0
1591016170300,9.074999999999998,2.467,6.4559999999999995,0.152,176.92999999999998,55.120000000000005,100.17,21.64
1591016172045,46.617000000000004,18.000999999999998,27.3,1.3159999999999998,475.4199999999999,128.6,261.78000000000003,85.03999999999999
1591016174353,47.754,0.0,19.371,28.382999999999992,562.5199999999999,0.0,194.92000000000002,367.5999999999999
1591016174957,119.86,1.778,44.28,73.80199999999999,585.96,22.89,320.84000000000003,242.23000000000005
1591016310287,389.87000000000006,163.253,205.61700000000002,21.0,832.9599999999998,266.32,477.75000000000006,88.89000000000001
1591016320026,9.548,0.0,0.0,9.548,78.7,0.0,0.0,78.7
1591016411137,12.0,0.0,12.0,0.0,134.50000000000003,0.0,134.50000000000003,0.0
1591016439575,8.001999999999999,0.0,0.0,8.001999999999999,69.1,0.0,0.0,69.1
1591016443121,35.0,0.0,16.0,19.0,90.5,0.0,23.8,66.7
1591016494765,2.649,0.0,0.0,2.649,14.18,0.0,0.0,14.18
1591016517778,12.0,0.0,7.0,5.0,87.79999999999998,0.0,47.8,40.0
1591016517921,53.628,0.0,6.218000000000001,47.410000000000004,304.57000000000005,0.0,32.49,272.08000000000004
1591016519031,38.994,13.378,18.625000000000004,6.991,273.23000000000013,137.75000000000003,63.68,71.8
1591020269281,19.360000000000003,8.484,10.876000000000001,0.0,161.07000000000002,76.43,84.64,0.0
1591020377344,23.638999999999996,0.0,0.0,23.638999999999996,183.16,0.0,0.0,183.16
1591020695158,5.4079999999999995,4.4079999999999995,1.0,0.0,108.72,30.72,78.0,0.0
1591020742401,30.657999999999998,4.567,5.496,20.595,322.56,94.78,105.66999999999999,122.11000000000001
1591020742449,11.528,11.528,0.0,0.0,148.85,148.85,0.0,0.0
1591030092053,12.558,1.0,8.558,3.0,121.34,12.9,78.74,29.7
1591030217500,31.942999999999998,1.0,3.0,27.942999999999998,562.3699999999999,110.0,42.6,409.7699999999999
1591030411823,4.898,2.536,0.0,2.362,56.98,34.87,0.0,22.11
1591040087452,29.0,0.0,0.0,29.0,172.07999999999998,0.0,0.0,172.07999999999998
1591040155274,6.0,6.0,0.0,0.0,366.8,366.8,0.0,0.0
1591040161114,9.225999999999999,5.042,0.0,4.184,137.14,64.35,0.0,72.79
1591040356657,31.787000000000006,3.902,17.854000000000003,10.031,355.25,30.119999999999997,23.99,301.14
1591040416658,583.745,13.849999999999998,556.0550000000001,13.839999999999998,442.73999999999995,136.11999999999998,244.22,62.39999999999999
1591040462983,58.001000000000005,0.0,0.0,58.001000000000005,299.9999999999999,0.0,0.0,299.9999999999999
1591040497398,6.817000000000001,6.817000000000001,0.0,0.0,52.230000000000004,52.230000000000004,0.0,0.0
1592010017509,87.18600000000002,36.838,33.348,17.0,578.9099999999999,238.10000000000002,92.21000000000001,248.6
1592013087615,142.746,51.656000000000006,40.676,50.413999999999994,478.24999999999994,347.68999999999994,102.32999999999998,28.23
1592014016171,26.628999999999998,0.0,18.628999999999998,8.0,176.42000000000002,0.0,131.92000000000002,44.5
1592015013285,79.702,25.0,25.162,29.54,359.78,139.40000000000003,93.13000000000001,127.25
1592015016880,19.525,0.562,14.718999999999998,4.244,764.4900000000001,54.629999999999995,513.53,196.32999999999998
1592015018662,11.203,11.203,0.0,0.0,47.019999999999996,47.019999999999996,0.0,0.0
1592015026841,32.327,9.924,1.285,21.118000000000002,377.41999999999996,126.51,14.969999999999999,235.94000000000003
1592015046818,72.27400000000002,33.0,34.316,4.958,346.78000000000003,55.0,262.69,29.09
1592015053267,84.587,37.308,12.135,35.144000000000005,734.9699999999997,405.3699999999999,154.14999999999998,175.45
1592015056299,360.504,291.01699999999994,29.453,40.033999999999985,792.9099999999996,422.86,97.52999999999999,272.5200000000001
1592015056343,67.107,24.798,25.006,17.303,885.9899999999997,369.2699999999999,190.60000000000002,326.11999999999995
1592015058781,41.266999999999996,0.0,0.0,41.266999999999996,463.13999999999993,0.0,0.0,463.13999999999993
1592015059993,34.748000000000005,0.0,0.0,34.748000000000005,148.26000000000005,0.0,0.0,148.26000000000005
1593140971419,5.932,2.098,3.8340000000000005,0.0,103.79000000000002,32.400000000000006,71.39,0.0
1593141148827,29.092,11.0,10.0,8.091999999999999,144.51000000000002,36.9,51.3,56.309999999999995
1593150463515,33.562,16.464999999999996,1.8670000000000002,15.230000000000002,207.60000000000002,121.89,22.03,63.68
1594140121125,89.0,89.0,0.0,0.0,123.0,123.0,0.0,0.0
1594140460286,10.346,2.672,6.674,1.0,86.09,47.09,20.5,18.5
1595112593216,18.903999999999996,6.752,9.82,2.3320000000000003,281.48,79.25,191.8,10.43
1595130081566,34.043,2.8660000000000005,13.011,18.166,190.98000000000002,24.0,82.83000000000001,84.14999999999999
1595150263683,9.033,6.0329999999999995,2.0,1.0,81.56,73.06,2.0,6.5
1595150403423,65.361,1.332,55.028999999999996,9.0,304.40000000000003,33.0,202.4,69.0
1595150738976,10.832,0.0,0.0,10.832,106.42,0.0,0.0,106.42
1595150770945,14.676,0.0,9.69,4.986000000000001,138.28,0.0,76.31,61.97
1595150771652,75.91199999999999,35.10199999999999,12.0,28.81,455.0799999999999,294.93,22.200000000000003,137.95000000000002
1595150883423,14.425,8.224,5.109,1.092,100.11999999999999,36.07,49.9,14.150000000000002
1595150997786,3.5749999999999993,2.6119999999999997,0.0,0.9630000000000001,341.13,327.64,0.0,13.489999999999998
1595151123344,163.586,154.17499999999998,7.787999999999999,1.6229999999999998,265.16999999999996,93.41,94.0,77.76
1595151204906,33.505,4.318,28.431,0.756,249.15999999999997,56.4,153.07,39.69
1595151355660,20.947000000000003,5.7,13.746,1.501,124.08,44.65,64.17000000000002,15.260000000000002
1595151375125,4.458,4.458,0.0,0.0,220.36,220.36,0.0,0.0
1595151442803,34.08800000000001,17.0,4.7940000000000005,12.294,230.9,27.4,87.83,115.67000000000002
1595151609213,28.605999999999998,15.394,8.212,5.0,327.0299999999999,242.99,61.24,22.8
1595151616471,48.12,4.78,19.434,23.906,478.26,149.65,145.26000000000002,183.35000000000002
1595151629143,37.330999999999996,16.0,11.042,10.289,124.05999999999999,46.4,19.2,58.46
1595151630446,31.644000000000002,0.0,9.386000000000001,22.258,373.2,0.0,83.01,290.19
1595151630774,7.054000000000001,0.0,4.720000000000001,2.334,97.83,0.0,78.38,19.45
1595151631146,7.243,0.0,0.0,7.243,39.05,0.0,0.0,39.05
1595151738968,25.532,8.532,8.0,9.0,109.25,56.15,27.5,25.599999999999998
1595151866807,448.90799999999984,10.550999999999998,432.34,6.017,225.99000000000004,78.01,53.69,94.29
1595151915963,82.248,12.306000000000001,31.942,38.0,415.73999999999995,125.92,147.43000000000004,142.39
1595160035249,40.949000000000005,15.850000000000001,16.447,8.652000000000001,202.56000000000003,84.76,46.03,71.77
1595160353664,11.591,3.5140000000000002,4.177,3.9,380.93,253.39,48.3,79.24000000000001
1596130424193,3.792,3.792,0.0,0.0,63.26,63.26,0.0,0.0
1596140586607,113.288,0.0,34.288,79.0,281.4699999999999,0.0,254.96999999999994,26.5
1596140587802,6.784000000000001,1.326,3.0,2.458,81.05,11.19,51.4,18.46
1596140594374,301.0559999999999,0.0,35.983999999999995,265.07199999999995,350.36,0.0,179.41,170.95
1596140628703,11.347000000000003,6.581000000000001,3.9939999999999998,0.7719999999999999,254.06,156.85,86.4,10.81
1596160006376,31.283,4.241,16.042,11.0,443.9299999999999,75.95,234.58000000000004,133.4
1596160024097,46.980999999999995,16.758,14.792000000000002,15.431000000000001,366.96999999999986,133.57999999999998,161.29999999999995,72.09
1596160058337,22.399999999999995,0.0,17.241999999999997,5.1579999999999995,170.04999999999995,0.0,86.67,83.38000000000001
1598140107578,21.166,0.0,3.0,18.166,206.41000000000008,0.0,51.2,155.21000000000004
1598140129341,15.0,9.0,4.0,2.0,154.9,86.9,55.0,13.0
2900000040663,41.095,5.33,35.765,0.0,261.95,89.58000000000001,172.37,0.0
2900000050419,2.46,1.6380000000000001,0.8220000000000001,0.0,38.989999999999995,19.59,19.4,0.0
2900000050785,78.188,2.0,11.704,64.484,467.5900000000001,13.0,48.760000000000005,405.83
2900000071742,23.711000000000002,11.189,3.36,9.161999999999999,315.02000000000004,199.66,58.0,57.36
2900000072022,795.8259999999999,771.7339999999999,4.0,20.092,1059.7,469.78000000000014,36.900000000000006,553.02
2900000072701,3.874,3.874,0.0,0.0,130.03,130.03,0.0,0.0
2900000074163,168.50299999999996,141.53199999999998,16.638,10.333,506.13,227.01,161.82000000000002,117.3
2900000124974,59.018,3.0,21.508999999999997,34.50899999999999,782.0799999999997,496.0,76.08,210.00000000000003
2900000125261,28.163999999999998,0.0,1.0,27.163999999999998,158.86000000000007,0.0,18.0,140.85999999999999
2900000164567,20.956000000000003,8.0,7.0,5.9559999999999995,155.1,54.08,63.800000000000004,37.22
2900000177079,15.082000000000003,10.334000000000001,3.3739999999999997,1.374,172.82000000000002,97.36,44.07,31.39
2900000178106,351.49800000000005,0.0,329.92199999999997,21.576,220.01000000000002,0.0,94.75,125.25999999999999
2900000179417,13.154,1.0,7.154,5.0,318.5900000000001,52.9,194.49,71.2
2900000192492,49.098,31.548000000000002,17.55,0.0,267.25,200.57,66.67999999999999,0.0
2900000194298,9.0,0.0,9.0,0.0,18.9,0.0,18.9,0.0
2900000203457,170.743,0.0,0.0,170.743,263.92999999999995,0.0,0.0,263.92999999999995
2900000210790,20.0,4.0,13.0,3.0,338.09999999999997,98.6,146.8,92.7
2900000224001,116.905,19.538000000000004,6.017,91.35,519.0900000000001,193.84000000000003,48.580000000000005,276.67
2900000224315,38.111000000000004,29.887,8.224,0.0,340.38,251.25000000000003,89.13,0.0
2900000239876,10.211,0.0,7.893000000000001,2.318,89.89000000000001,0.0,77.23,12.66
2900000245396,32.787000000000006,2.8040000000000003,6.887999999999999,23.095000000000002,209.04000000000002,26.9,59.96,122.17999999999999
2900000245914,737.6460000000002,35.524,0.0,702.1220000000001,953.1499999999995,392.85999999999984,0.0,560.2900000000001
2900000246638,28.251,14.1,3.0,11.151,220.50000000000003,80.88,64.7,74.92
2900000253230,322.351,6.696999999999999,315.654,0.0,149.49000000000004,86.77000000000001,62.72,0.0
2900000254503,4.0,2.0,0.0,2.0,31.6,7.9,0.0,23.700000000000003
2900000255463,45.062999999999995,34.891,10.172,0.0,633.9399999999998,383.42,250.52,0.0
2900000256637,9.514,0.0,9.514,0.0,153.54999999999998,0.0,153.54999999999998,0.0
2900000268692,82.68,15.0,38.436,29.244,357.06,71.4,123.10000000000001,162.55999999999997
2900000271814,65.512,16.92,14.362,34.230000000000004,517.76,176.19000000000003,42.84,298.72999999999996
2900000284333,17.972,17.972,0.0,0.0,590.5200000000001,590.5200000000001,0.0,0.0
2900000304376,40.384,35.333,2.4469999999999996,2.604,333.21999999999997,131.97000000000003,118.72999999999999,82.52
2900000307377,8.01,3.01,5.0,0.0,498.0,13.0,485.0,0.0
2900000308312,50.428,16.86,33.568,0.0,687.4,456.25,231.14999999999998,0.0
2900000317307,14.798,9.598,5.2,0.0,358.69000000000005,322.77000000000004,35.92,0.0
2900000330863,55.468999999999994,6.836,33.632000000000005,15.001000000000001,328.82,87.72,171.39999999999998,69.7
2900000337633,38.946,38.946,0.0,0.0,452.42,452.42,0.0,0.0
2900000339637,9.933,9.933,0.0,0.0,165.61,165.61,0.0,0.0
2900000342651,197.091,36.0,8.486,152.60500000000002,470.75,301.00000000000006,114.56,55.19
2900000345300,11.542000000000002,0.0,4.0,7.542,174.23,0.0,41.9,132.32999999999998
2900000348561,1.8959999999999997,1.156,0.41000000000000003,0.33,43.72,2.29,12.370000000000001,29.060000000000002
2900000350175,49.175999999999995,31.914000000000005,8.262,9.0,384.4299999999999,259.49,51.96999999999999,72.96999999999998
2900000350458,76.156,36.57,38.586,1.0,417.5,170.31000000000003,222.39000000000001,24.8
2900000353848,22.751,1.0,6.002000000000001,15.749,157.36,6.6,24.2,126.56
2900000372849,45.29,44.82,0.47,0.0,302.82,284.21,18.61,0.0
2900000383913,149.197,94.564,36.48399999999999,18.149000000000004,2040.5800000000013,940.1599999999999,752.03,348.39
2900000384187,13.756,13.756,0.0,0.0,65.38000000000001,65.38000000000001,0.0,0.0
2900000385627,1.352,1.352,0.0,0.0,22.69,22.69,0.0,0.0
2900000386440,60.59899999999999,13.745,29.839000000000002,17.015,388.55,80.83,223.52000000000004,84.2
2900000386495,10.166,1.958,2.408,5.8,121.28999999999999,29.85,24.0,67.44
2900000390256,1.1,0.0,0.0,1.1,67.76,0.0,0.0,67.76
2900000394940,25.806,4.18,0.0,21.626,99.60000000000001,43.2,0.0,56.4
2900000404731,21.634,17.634,0.0,4.0,1001.3799999999999,640.5799999999999,0.0,360.8
2900000408586,246.13700000000006,145.55100000000002,93.822,6.764,795.4699999999998,586.2499999999999,174.12,35.1
2900000416307,37.702,5.0,9.0,23.702,451.0899999999999,115.5,82.0,253.59
2900000417663,9.306000000000001,9.306000000000001,0.0,0.0,128.85999999999999,128.85999999999999,0.0,0.0
2900000418073,65.041,0.0,21.652,43.388999999999996,572.9000000000002,0.0,222.34000000000003,350.5600000000001
2900000448520,90.324,34.0,56.324000000000005,0.0,908.6799999999997,520.4000000000001,388.2800000000001,0.0
2900000449732,16.367,0.0,8.042,8.325,167.56,0.0,38.17,129.39000000000001
2900000451452,83.366,19.786,12.001999999999999,51.578,1550.3099999999986,336.26,404.2999999999999,809.7499999999997
2900000452756,49.174,44.174,0.0,5.0,352.5499999999999,307.9499999999999,0.0,44.6
2900000476042,9.472,9.472,0.0,0.0,88.72,88.72,0.0,0.0
2900000485990,66.55,58.211999999999996,6.116,2.222,417.04999999999995,362.15,43.85,11.049999999999999
2900000544765,36.861000000000004,15.068,14.093,7.7,161.67000000000004,51.39,56.93999999999999,53.339999999999996
2900000557161,5.498,5.498,0.0,0.0,274.85,274.85,0.0,0.0
2900000562165,36.33200000000001,20.015,3.3909999999999996,12.926,570.8,152.0,81.73,337.07
2900000566378,46.533,46.533,0.0,0.0,534.4999999999999,534.4999999999999,0.0,0.0
2900000574274,4.198,4.198,0.0,0.0,87.81,87.81,0.0,0.0
2900000587649,26.034,0.0,0.0,26.034,228.60000000000002,0.0,0.0,228.60000000000002
2900000588691,2159.791,75.94699999999999,0.0,2083.844,1652.260000000001,1134.8,0.0,517.4599999999999
2900000604360,52.0,13.0,20.0,19.0,450.23,61.400000000000006,285.33,103.5
2900000623040,21.521,3.475,18.046,0.0,349.56999999999994,111.78,237.79,0.0
2900000680036,31.0,0.0,0.0,31.0,148.7,0.0,0.0,148.7
2900000780040,3.168,1.226,1.942,0.0,66.1,50.64,15.46,0.0
2900000780743,40.544,10.506,0.0,30.038000000000004,202.52000000000004,20.93,0.0,181.59
2900000780835,25.826,19.409999999999997,2.832,3.5840000000000005,224.99000000000004,185.71,21.75,17.53
2900000781603,69.509,0.0,21.813000000000002,47.696,216.11,0.0,68.11,148.0
2900000784918,1083.181,15.728,1067.193,0.26,671.2899999999997,137.63000000000002,529.0799999999999,4.58
2900000840164,54.008,7.264,46.744,0.0,386.46,69.77,316.68999999999994,0.0
2900000840805,100.61399999999999,7.502000000000001,28.048000000000002,65.064,556.55,75.36,143.5,337.69000000000005
2900000845121,22.334,9.668,12.666,0.0,279.97,152.25,127.72000000000001,0.0
2900000847224,107.472,12.032,74.44,21.0,304.50999999999993,153.5,55.379999999999995,95.63000000000001
2900000849785,59.46,28.46,2.0,29.0,654.76,266.66,81.8,306.30000000000007
2900000852525,225.07600000000002,20.8,100.674,103.60200000000002,854.9400000000002,91.87,414.59000000000003,348.47999999999996
2900000855502,4.328,0.0,0.704,3.624,49.08,0.0,8.79,40.29
2900000856585,14.152,12.152,2.0,0.0,72.28,36.28,36.0,0.0
2900000863286,380.896,4.0,372.298,4.598000000000001,368.3200000000001,48.400000000000006,211.43,108.49000000000001
2900000863880,58.30500000000001,25.118000000000002,17.087,16.1,422.2099999999999,158.06000000000003,169.89,94.25999999999999
2900000864498,168.912,0.0,39.888000000000005,129.024,880.5399999999998,0.0,251.03000000000003,629.51
2900000870994,10.919,2.0,1.044,7.875,196.13,21.8,7.53,166.8
2900000874145,38.068,2.634,21.686,13.748000000000001,803.25,33.75,654.8100000000001,114.69
2900000874930,41.128,29.644,11.484,0.0,345.31000000000006,137.2,208.11,0.0
2900000880467,8.036,4.002,4.034,0.0,77.02,42.5,34.519999999999996,0.0
2900000883475,32.846000000000004,8.0,8.0,16.846,444.35,103.8,81.1,259.45
2900000883819,35.448,13.268,20.720000000000002,1.46,168.49,38.04,122.95,7.5
2900000884007,44.568000000000005,0.0,0.0,44.568000000000005,345.1,0.0,0.0,345.1
2900000890688,25.311000000000003,22.89,2.4210000000000003,0.0,328.1700000000001,242.66000000000005,85.50999999999999,0.0
2900000934474,54.11000000000001,26.817000000000004,7.583,19.71,639.91,403.54,91.0,145.37
2900000936997,20.16,6.878000000000001,13.282,0.0,226.29,94.68,131.61,0.0
2900000941830,397.668,248.982,21.724,126.962,937.8699999999999,515.69,260.52,161.66000000000003
2900001020541,24.782999999999998,0.0,24.782999999999998,0.0,160.71,0.0,160.71,0.0
2900001047739,467.95300000000003,363.052,18.930999999999997,85.97000000000001,1072.2399999999998,748.4199999999998,115.88000000000001,207.94
2900001050364,36.441,2.8289999999999997,0.0,33.612,134.78000000000003,43.21,0.0,91.57
2900001050500,51.285000000000004,4.876,27.155,19.254,272.71,41.5,108.51,122.70000000000002
2900001050791,132.35899999999998,68.57499999999999,22.414,41.37,1176.9099999999996,843.2299999999997,130.78000000000003,202.90000000000003
2900001067881,22.676000000000002,20.64,2.036,0.0,386.14,321.03999999999996,65.1,0.0
2900001067911,87.666,19.146,32.358000000000004,36.162,575.9099999999999,242.51000000000002,138.01999999999998,195.38
2900001068499,122.03699999999999,60.583,14.292,47.162,1032.8399999999997,698.7099999999998,114.76000000000002,219.37000000000003
2900001068833,94.55700000000002,3.0,5.702,85.85500000000002,286.64000000000004,30.900000000000002,63.53,192.21000000000004
2900001078658,12.339000000000002,7.478,0.0,4.861,176.53000000000003,126.13,0.0,50.4
2900001090605,19.333,0.0,9.328,10.005,38.8,0.0,23.8,15.0
2900001092012,27.116999999999997,14.897,0.0,12.22,175.01,139.76,0.0,35.25
2900001093019,79.42600000000002,29.142,22.011,28.273,299.71,137.45,39.9,122.36000000000001
2900001094702,498.654,8.0,475.552,15.102,1286.0800000000002,766.3,253.47000000000003,266.31
2900001157902,50.626,0.0,38.519999999999996,12.106,1627.3600000000001,0.0,1386.0,241.35999999999999
2900001211239,39.922,17.060000000000002,22.862000000000002,0.0,314.03000000000003,251.72000000000006,62.31,0.0
2900001211321,24.535,4.698,19.837,0.0,229.81000000000003,44.92,184.89000000000004,0.0
2900001215688,51.81,38.440000000000005,6.37,7.0,937.6600000000001,562.5500000000002,204.81,170.29999999999998
2900001216616,105.367,9.823,60.18800000000001,35.356,538.4699999999999,145.57,210.2,182.70000000000005
2900001220255,18.433999999999997,10.0,4.87,3.564,221.14000000000004,87.60000000000001,92.55000000000001,40.99
2900001234399,42.408,5.84,20.568,16.0,261.77,59.160000000000004,185.10999999999999,17.5
2900001238632,30.895,5.002,4.182,21.711,171.92999999999998,32.9,58.23,80.80000000000001
2900001240246,24.93,2.492,1.514,20.924000000000003,254.58,25.630000000000003,13.78,215.17
2900001255080,344.445,20.905999999999995,0.0,323.539,410.60999999999996,278.46999999999997,0.0,132.14
2900001270014,2.001,0.0,2.001,0.0,23.700000000000003,0.0,23.700000000000003,0.0
2900001270199,30.364,10.0,20.364,0.0,144.48,45.6,98.88000000000001,0.0
2900001270205,16.486,4.0,5.388000000000001,7.098000000000001,460.03999999999996,5.8,83.86000000000001,370.38
2900001307901,355.182,355.182,0.0,0.0,715.5199999999999,715.5199999999999,0.0,0.0
2900001308168,64.149,49.143,0.0,15.006,388.49,274.09000000000003,0.0,114.4
2900001331616,62.934999999999995,23.0,20.412,19.523000000000003,798.7700000000001,234.20000000000002,432.54999999999995,132.01999999999998
2900001355049,563.78,0.46399999999999997,0.0,563.316,61.75,27.69,0.0,34.059999999999995
2900001364058,1644.9099999999999,68.962,481.25199999999995,1094.696,596.63,397.1499999999999,87.57,111.91000000000001
2900001398121,260.979,32.433,37.43599999999999,191.10999999999999,477.09000000000003,200.57000000000002,228.91000000000003,47.61
2900001413886,320.92299999999994,6.0,314.92299999999994,0.0,253.03,107.9,145.13000000000002,0.0
2900001419826,31.69,19.71,0.0,11.98,453.1899999999999,264.35999999999996,0.0,188.83000000000004
2900001421652,30.017,7.349,6.101999999999999,16.566000000000003,269.44,174.69,54.97,39.78
2900001423069,20.0,2.0,4.0,14.0,134.39,42.6,11.19,80.60000000000001
2900001431651,18.368,18.368,0.0,0.0,149.76,149.76,0.0,0.0
2900001432658,801.464,30.264000000000003,41.397999999999996,729.802,2390.08,190.41000000000005,430.5199999999998,1769.15
2900001432672,41.111000000000004,2.872,25.367,12.872,183.91000000000003,18.880000000000003,115.00999999999999,50.019999999999996
2900001435116,2.4539999999999997,2.4539999999999997,0.0,0.0,139.06,139.06,0.0,0.0
2900001436120,7.006,3.0,4.006,0.0,80.8,37.8,43.0,0.0
2900001436366,11.866000000000001,1.0,4.0,6.866,100.67999999999999,19.9,19.4,61.38
2900001436410,18.0,18.0,0.0,0.0,52.8,52.8,0.0,0.0
2900001436700,29.684,10.531999999999998,19.152,0.0,158.52000000000004,67.83000000000001,90.69,0.0
2900001437165,390.4579999999999,386.859,3.184,0.415,210.19,111.58,57.23,41.379999999999995
2900001437424,9.0,0.0,0.0,9.0,62.489999999999995,0.0,0.0,62.489999999999995
2900001451932,57.489000000000004,20.252,19.985,17.252,305.94,138.98,120.66000000000001,46.3
2900001452366,36.276,36.276,0.0,0.0,551.09,551.09,0.0,0.0
2900001462648,14.487999999999998,6.543999999999999,7.944,0.0,335.3099999999999,235.49,99.82000000000002,0.0
2900001463379,25.125999999999998,20.229999999999997,3.338,1.558,310.21999999999997,138.4,140.10000000000002,31.72
2900001465380,18.275,17.275,1.0,0.0,282.26,258.36,23.9,0.0
2900001465816,24.464000000000002,17.630000000000003,6.826,0.008,344.71999999999997,272.84,63.879999999999995,8.0
2900001465960,44.618,0.0,28.038,16.58,453.39999999999986,0.0,389.3299999999999,64.07
2900001466509,5.988,2.0,2.91,1.078,364.38,320.5,35.28,8.6
2900001467353,215.686,9.378,69.307,137.001,446.3799999999999,85.53999999999999,241.64,119.2
2900001470780,25.389,1.035,12.707999999999998,11.646,92.24,15.41,36.44,40.39
2900001497336,308.994,308.994,0.0,0.0,98.10000000000001,98.10000000000001,0.0,0.0
2900001509459,62.84299999999999,24.898999999999994,0.0,37.944,372.44,244.28000000000006,0.0,128.16
2900001540117,33.870000000000005,6.87,25.0,2.0,176.39,27.889999999999997,137.5,11.0
2900001540971,16.681,16.681,0.0,0.0,165.45000000000002,165.45000000000002,0.0,0.0
2900001550246,36.194,10.004999999999999,0.0,26.189,281.69000000000005,118.69000000000001,0.0,163.0
2900001568630,123.598,8.190000000000001,5.34,110.068,363.5299999999999,63.28,41.67,258.58000000000004
2900001575201,68.888,32.886,24.002,12.0,321.01000000000005,145.01000000000002,104.1,71.9
2900001578363,60.81699999999999,5.436,28.926000000000002,26.455000000000002,686.5899999999998,293.85,169.32999999999998,223.41000000000003
2900001582933,4.1370000000000005,0.0,0.0,4.1370000000000005,110.28,0.0,0.0,110.28
2900001645768,67.76499999999999,0.0,24.02,43.74499999999999,420.44000000000005,0.0,99.87999999999998,320.56000000000006
2900001661508,44.8,20.028,7.772,17.0,631.5899999999997,143.60000000000002,283.89,204.1
2900001663823,50.94700000000001,27.978,3.4189999999999996,19.55,221.54000000000002,97.30000000000001,53.57,70.67
2900001668996,42.650999999999996,26.494000000000003,13.534999999999998,2.6220000000000003,431.23999999999995,264.75,65.31,101.18
2900001671408,22.451999999999998,0.0,0.0,22.451999999999998,121.15,0.0,0.0,121.15
2900001684507,2.0,2.0,0.0,0.0,14.79,14.79,0.0,0.0
2900002532630,19.203000000000003,0.0,0.6880000000000001,18.515,219.90000000000003,0.0,17.67,202.23000000000002
2900002542837,9.0,0.0,3.0,6.0,51.099999999999994,0.0,23.8,27.3
2900002548457,25.378999999999998,6.0,14.129999999999999,5.249,205.07999999999998,54.3,100.63000000000001,50.15
2900002701746,35.103,5.04,26.073,3.99,408.04000000000013,75.65,328.40000000000015,3.99
2900002927733,50.90499999999999,46.745999999999995,2.001,2.158,1267.39,1191.44,19.0,56.949999999999996
2900002930092,63.068,3.682,14.01,45.376,405.85,52.5,145.61,207.73999999999998
2900002932416,903.6750000000005,558.0690000000001,163.58399999999992,182.022,1296.7099999999982,566.59,485.86000000000024,244.26000000000008
2900002932614,51.0,27.0,13.0,11.0,508.3000000000001,342.1000000000001,82.4,83.8
2900002933024,177.174,76.24000000000001,39.437000000000005,61.49700000000001,1301.91,608.9399999999999,383.59999999999997,309.37000000000006
2900002933918,52.077999999999996,2.0,0.0,50.078,341.84,36.8,0.0,305.04
2900002934304,31.143999999999995,9.648,10.0,11.496,711.6300000000001,403.40000000000003,181.7,126.53
2900002934342,536.9729999999998,477.163,14.695999999999998,45.114,652.6799999999997,264.02,170.98000000000002,217.68000000000006
2900002934762,38.978,24.0,8.978,6.0,446.2,378.5,59.99999999999999,7.7
2900002934892,51.42400000000001,24.256,5.578,21.59,560.9999999999999,460.02,59.68999999999998,41.29
2900002934915,37.516,10.133,18.276,9.107000000000001,374.9,171.78,120.05999999999999,83.06
2900002936520,294.21,0.0,279.37,14.84,129.99,0.0,26.09,103.89999999999999
2900002936940,51.754,14.98,0.0,36.773999999999994,371.11,84.21000000000001,0.0,286.9
2900002937428,39.044,19.49,9.072,10.482,394.84999999999997,143.03,78.4,173.42000000000002
2900002937503,130.608,1.0,24.923000000000002,104.685,499.2,35.9,123.61999999999999,339.68
2900002969559,7.907,7.907,0.0,0.0,220.87,220.87,0.0,0.0
2900003105154,43.224000000000004,21.146,14.0,8.078,599.0099999999999,383.46999999999986,66.89999999999999,148.64000000000001
2900003105161,19.872999999999998,8.083,5.586,6.204000000000001,83.14,25.0,29.26,28.88
2900003106281,52.001,18.000999999999998,0.0,34.0,163.6,104.7,0.0,58.9
2900003106502,7.767,5.7540000000000004,0.0,2.013,162.75,136.95,0.0,25.8
2900003107363,17.328000000000003,9.56,2.0,5.768,236.14000000000001,123.49,29.6,83.05
2900003108773,39.52,5.0,12.219999999999999,22.3,316.8299999999999,19.9,153.66,143.27
2900003110479,69.15100000000001,49.039,20.112000000000002,0.0,367.9300000000001,237.76000000000008,130.17000000000002,0.0
2900003114002,28.158,0.0,17.334000000000003,10.824,374.47999999999996,0.0,313.1,61.38000000000001
2900003114170,14.158000000000001,1.0,0.0,13.158000000000001,178.17000000000002,26.8,0.0,151.37
2900003114613,518.5879999999999,0.0,518.5879999999999,0.0,273.22,0.0,273.22,0.0
2900003114880,23.74,12.108,9.382,2.25,181.83999999999995,44.599999999999994,97.52000000000001,39.72
2900003115009,6.415000000000001,4.064,0.351,2.0,54.96,24.470000000000002,13.690000000000001,16.8
2900003116341,6.768,1.8459999999999999,2.872,2.05,99.05,55.769999999999996,30.130000000000003,13.15
2900003116822,13.798,11.14,2.658,0.0,150.48999999999998,118.56,31.93,0.0
2900003117386,17.494,9.040000000000001,8.454,0.0,119.24,76.31,42.93000000000001,0.0
2900003120607,78.43299999999999,67.43199999999999,8.001,3.0,585.65,444.84999999999997,77.4,63.4
2900003122076,19.35,16.927999999999997,2.4219999999999997,0.0,168.80000000000004,150.27,18.53,0.0
2900003123479,150.699,105.544,19.0,26.155,598.1799999999998,71.39,160.9,365.89
6222021615010082737,53.434999999999995,32.434,21.001,0.0,300.65,189.45,111.19999999999999,0.0
6227002180901670266,162.91200000000006,81.29500000000002,40.799,40.818,1050.73,587.6499999999999,286.4799999999999,176.6
6227002180921663895,15.721999999999998,7.746999999999999,5.975,2.0,476.13,48.78,51.35,376.0
