b,c,b_c_count_all,b_c_count_2,b_c_count_3,b_c_count_4,b_c_amount_all,b_c_amount_2,b_c_amount_3,b_c_amount_4
10003.0,10116,1.0,0.0,0.0,1.0,12.0,0.0,0.0,12.0
10003.0,10119,2.0,1.0,1.0,0.0,8.5,3.5,5.0,0.0
10005.0,10502,1.0,0.0,1.0,0.0,11.0,0.0,11.0,0.0
10007.0,10000,23.0,9.0,8.0,6.0,88.30000000000001,32.199999999999996,34.3,21.799999999999997
10007.0,10116,4.0,1.0,0.0,3.0,10.4,2.6,0.0,7.800000000000001
10012.0,10441,6.0,5.0,0.0,1.0,268.0,230.0,0.0,38.0
10015.0,10136,6.0,0.0,5.0,1.0,25.0,0.0,21.5,3.5
10029.0,10300,4.0,0.0,0.0,4.0,16.2,0.0,0.0,16.2
10033.0,10151,24.0,0.0,11.0,13.0,144.0,0.0,66.0,78.0
10036.0,10502,1.0,1.0,0.0,0.0,10.0,10.0,0.0,0.0
10038.0,10401,1.0,1.0,0.0,0.0,16.2,16.2,0.0,0.0
10045.0,10100,8.0,6.0,0.0,2.0,60.0,32.3,0.0,27.700000000000003
10045.0,10102,1.0,0.0,1.0,0.0,15.8,0.0,15.8,0.0
10045.0,10103,3.0,1.0,0.0,2.0,19.4,3.5,0.0,15.9
10045.0,10109,1.0,0.0,0.0,1.0,11.9,0.0,0.0,11.9
10045.0,10110,1.0,0.0,0.0,1.0,14.9,0.0,0.0,14.9
10045.0,10112,5.0,2.0,0.0,3.0,39.4,21.7,0.0,17.700000000000003
10045.0,10119,3.0,0.0,2.0,1.0,29.700000000000003,0.0,19.8,9.9
10053.0,10141,9.0,1.0,1.0,7.0,26.099999999999994,2.9,2.9,20.299999999999997
10054.0,10400,1.0,0.0,1.0,0.0,158.0,0.0,158.0,0.0
10060.0,10110,1.0,0.0,1.0,0.0,2.5,0.0,2.5,0.0
10060.0,10114,3.0,1.0,1.0,1.0,7.5,2.5,2.5,2.5
10060.0,10117,4.0,1.0,3.0,0.0,10.0,2.5,7.5,0.0
10060.0,10119,1.0,1.0,0.0,0.0,2.5,2.5,0.0,0.0
10060.0,10130,15.0,3.0,8.0,4.0,47.3,11.7,25.6,10.0
10060.0,10131,20.0,12.0,4.0,4.0,71.16,44.97999999999999,12.38,13.8
10060.0,10132,21.0,6.0,8.0,7.0,66.5,19.2,28.4,18.9
10060.0,10141,8.0,1.0,7.0,0.0,7.200000000000001,0.9,6.300000000000001,0.0
10062.0,10000,30.0,9.0,12.0,9.0,141.00000000000006,47.0,47.60000000000001,46.400000000000006
10062.0,10002,1.0,0.0,0.0,1.0,6.2,0.0,0.0,6.2
10062.0,10141,1.0,0.0,1.0,0.0,1.0,0.0,1.0,0.0
10063.0,10002,4.0,1.0,3.0,0.0,9.8,2.7,7.1000000000000005,0.0
10064.0,10001,14.0,5.0,5.0,4.0,41.4,13.5,15.3,12.600000000000001
10064.0,10002,3.0,0.0,3.0,0.0,7.0,0.0,7.0,0.0
10068.0,10000,12.0,0.0,4.0,8.0,34.6,0.0,12.0,22.6
10068.0,10141,9.0,0.0,2.0,7.0,24.600000000000005,0.0,8.0,16.599999999999998
10068.0,10300,45.0,41.0,1.0,3.0,125.09999999999998,114.39999999999999,4.0,6.699999999999999
10069.0,10150,17.0,5.0,10.0,2.0,68.0,18.599999999999998,42.0,7.4
10078.0,10441,1.0,1.0,0.0,0.0,32.8,32.8,0.0,0.0
10080.0,10110,15.0,6.0,4.0,5.0,47.09999999999999,17.4,11.6,18.1
10080.0,10113,7.0,3.0,4.0,0.0,28.299999999999997,12.7,15.6,0.0
10080.0,10200,4.0,2.0,1.0,1.0,15.2,7.6,3.8,3.8
10082.0,10401,17.0,0.0,5.0,12.0,146.2,0.0,43.0,103.2
10084.0,10401,1.0,0.0,0.0,1.0,11.0,0.0,0.0,11.0
10086.0,10119,6.0,0.0,3.0,3.0,27.5,0.0,14.0,13.5
10086.0,10130,3.0,1.0,0.0,2.0,18.0,6.0,0.0,12.0
10086.0,10131,6.0,1.0,4.0,1.0,33.6,6.0,21.6,6.0
10086.0,10132,8.0,1.0,4.0,3.0,44.400000000000006,6.0,20.400000000000002,18.0
10086.0,10133,7.0,0.0,3.0,4.0,40.8,0.0,16.8,24.0
10086.0,10141,44.0,7.0,17.0,20.0,155.9,34.8,73.8,47.3
10086.0,10150,12.0,5.0,4.0,3.0,43.5,18.0,14.5,11.0
10091.0,10300,55.0,35.0,12.0,8.0,335.5,226.5,60.0,49.0
10094.0,10141,2.0,2.0,0.0,0.0,4.0,4.0,0.0,0.0
10094.0,10152,10.0,1.0,5.0,4.0,54.30000000000001,4.7,26.8,22.8
10094.0,10200,1.0,0.0,1.0,0.0,4.99,0.0,4.99,0.0
10097.0,10422,2.0,0.0,0.0,2.0,21.700000000000003,0.0,0.0,21.700000000000003
10098.0,10401,1.0,0.0,0.0,1.0,79.9,0.0,0.0,79.9
10104.0,10501,10.0,10.0,0.0,0.0,220.0,220.0,0.0,0.0
10106.0,10130,16.0,2.0,7.0,7.0,74.5,11.0,30.400000000000002,33.1
10106.0,10131,4.0,2.0,2.0,0.0,21.4,10.4,11.0,0.0
10106.0,10132,1.0,0.0,1.0,0.0,5.5,0.0,5.5,0.0
10106.0,10137,5.0,0.0,2.0,3.0,24.0,0.0,12.0,12.0
10106.0,10150,40.0,4.0,32.0,4.0,160.0,16.0,128.0,16.0
10106.0,10200,1.0,0.0,1.0,0.0,5.5,0.0,5.5,0.0
10107.0,10002,3.0,1.0,2.0,0.0,9.8,3.0,6.8,0.0
10107.0,10131,1.0,0.0,0.0,1.0,2.5,0.0,0.0,2.5
10107.0,10140,19.0,7.0,3.0,9.0,28.5,10.5,4.5,13.5
10107.0,10141,8.0,2.0,2.0,4.0,41.9,6.0,4.0,31.9
10109.0,10136,4.0,0.0,0.0,4.0,16.4,0.0,0.0,16.4
10119.0,10300,1.0,0.0,0.0,1.0,8.0,0.0,0.0,8.0
10120.0,10300,3.0,3.0,0.0,0.0,8.2,8.2,0.0,0.0
10123.0,10201,2.0,2.0,0.0,0.0,7.38,7.38,0.0,0.0
10124.0,10119,4.0,3.0,1.0,0.0,11.2,8.399999999999999,2.8,0.0
10124.0,10201,12.0,10.0,0.0,2.0,51.300000000000004,34.400000000000006,0.0,16.9
10125.0,10119,1.0,1.0,0.0,0.0,3.0,3.0,0.0,0.0
10125.0,10131,9.0,0.0,0.0,9.0,13.5,0.0,0.0,13.5
10125.0,10151,1.0,0.0,0.0,1.0,3.2,0.0,0.0,3.2
10127.0,10201,23.0,14.0,9.0,0.0,48.0,28.0,20.0,0.0
10128.0,10141,12.0,4.0,8.0,0.0,48.0,16.0,32.0,0.0
10129.0,10401,2.0,2.0,0.0,0.0,3.0,3.0,0.0,0.0
10130.0,10501,2.0,2.0,0.0,0.0,46.0,46.0,0.0,0.0
10148.0,10701,70.0,18.0,52.0,0.0,70.0,18.0,52.0,0.0
10154.0,10112,1.0,0.0,1.0,0.0,3.9,0.0,3.9,0.0
10154.0,10119,1.0,1.0,0.0,0.0,3.9,3.9,0.0,0.0
10161.0,10002,8.0,4.0,4.0,0.0,32.3,22.0,10.3,0.0
10163.0,10002,11.0,6.0,2.0,3.0,35.9,19.299999999999997,8.5,8.100000000000001
10164.0,10141,6.0,0.0,0.0,6.0,27.2,0.0,0.0,27.2
10194.0,10151,3.0,1.0,0.0,2.0,27.6,6.8,0.0,20.8
10198.0,10136,4.0,0.0,2.0,2.0,15.6,0.0,7.6,8.0
10199.0,10140,34.0,2.0,3.0,29.0,62.89999999999999,3.6,7.1,52.19999999999999
10211.0,10002,2.0,1.0,1.0,0.0,8.0,4.0,4.0,0.0
10211.0,10111,3.0,2.0,0.0,1.0,12.0,8.0,0.0,4.0
10211.0,10135,5.0,2.0,2.0,1.0,22.5,9.0,9.0,4.5
10211.0,10150,18.0,8.0,9.0,1.0,70.11,34.470000000000006,32.650000000000006,2.99
10608.0,10119,11.0,2.0,0.0,9.0,38.53000000000001,9.8,0.0,28.729999999999997
10614.0,10502,10.0,10.0,0.0,0.0,45.0,45.0,0.0,0.0
10616.0,10435,1.0,0.0,1.0,0.0,13.0,0.0,13.0,0.0
10619.0,10300,4.0,0.0,0.0,4.0,31.6,0.0,0.0,31.6
10624.0,10119,2.0,0.0,2.0,0.0,17.6,0.0,17.6,0.0
10624.0,10200,2.0,2.0,0.0,0.0,23.6,23.6,0.0,0.0
10632.0,10435,10.0,2.0,4.0,4.0,124.0,19.0,50.0,55.0
10652.0,10141,31.0,0.0,2.0,29.0,67.0,0.0,6.0,61.0
10656.0,10002,4.0,0.0,0.0,4.0,13.2,0.0,0.0,13.2
10657.0,10150,1.0,0.0,1.0,0.0,3.8,0.0,3.8,0.0
10659.0,10141,21.0,11.0,5.0,5.0,63.8,33.8,15.0,15.0
10679.0,10200,2.0,0.0,0.0,2.0,15.8,0.0,0.0,15.8
10679.0,10319,2.0,2.0,0.0,0.0,19.8,19.8,0.0,0.0
10681.0,10152,2.0,0.0,0.0,2.0,15.8,0.0,0.0,15.8
10684.0,10201,17.0,0.0,17.0,0.0,17.0,0.0,17.0,0.0
10691.0,10200,1.0,1.0,0.0,0.0,5.5,5.5,0.0,0.0
10694.0,10141,1.0,1.0,0.0,0.0,9.9,9.9,0.0,0.0
10697.0,10150,1.0,0.0,1.0,0.0,5.0,0.0,5.0,0.0
10702.0,10008,8.0,4.0,4.0,0.0,32.0,16.0,16.0,0.0
10703.0,10119,2.0,1.0,1.0,0.0,11.0,5.5,5.5,0.0
10706.0,10002,10.0,4.0,1.0,5.0,114.9,32.0,7.8,75.1
10706.0,10008,3.0,2.0,1.0,0.0,20.4,13.6,6.8,0.0
10706.0,10100,8.0,0.0,5.0,3.0,131.4,0.0,82.0,49.400000000000006
10706.0,10103,1.0,0.0,0.0,1.0,16.8,0.0,0.0,16.8
10706.0,10109,11.0,1.0,3.0,7.0,183.80000000000004,16.8,49.400000000000006,117.6
10706.0,10111,2.0,2.0,0.0,0.0,13.6,13.6,0.0,0.0
10706.0,10112,1.0,0.0,0.0,1.0,7.9,0.0,0.0,7.9
10706.0,10113,2.0,1.0,0.0,1.0,14.7,6.8,0.0,7.9
10706.0,10116,2.0,1.0,0.0,1.0,12.9,5.0,0.0,7.9
10706.0,10119,7.0,2.0,2.0,3.0,59.099999999999994,22.9,13.6,22.6
10706.0,10130,1.0,0.0,0.0,1.0,4.9,0.0,0.0,4.9
10706.0,10131,1.0,0.0,0.0,1.0,4.9,0.0,0.0,4.9
10706.0,10135,4.0,3.0,1.0,0.0,67.6,50.699999999999996,16.9,0.0
10706.0,10141,26.0,8.0,4.0,14.0,358.8000000000001,110.4,55.2,193.20000000000005
10706.0,10152,5.0,0.0,1.0,4.0,70.7,0.0,19.8,50.9
10706.0,10203,2.0,0.0,0.0,2.0,11.0,0.0,0.0,11.0
10706.0,10310,18.0,0.0,15.0,3.0,133.00000000000003,0.0,111.30000000000003,21.700000000000003
10706.0,10312,6.0,0.0,6.0,0.0,39.6,0.0,39.6,0.0
10710.0,15012,3.0,2.0,1.0,0.0,17.4,11.6,5.8,0.0
10713.0,10120,1.0,0.0,1.0,0.0,48.0,0.0,48.0,0.0
10714.0,10002,3.0,0.0,3.0,0.0,45.0,0.0,45.0,0.0
10715.0,10109,1.0,0.0,1.0,0.0,25.5,0.0,25.5,0.0
10719.0,10119,2.0,0.0,1.0,1.0,17.8,0.0,12.8,5.0
10721.0,10450,6.0,0.0,0.0,6.0,1110.0,0.0,0.0,1110.0
10722.0,10420,1.0,0.0,0.0,1.0,28.0,0.0,0.0,28.0
10724.0,10110,2.0,1.0,1.0,0.0,13.59,5.99,7.6,0.0
10724.0,10116,3.0,3.0,0.0,0.0,23.4,23.4,0.0,0.0
10727.0,10119,1.0,0.0,0.0,1.0,5.0,0.0,0.0,5.0
10727.0,10150,1.0,1.0,0.0,0.0,4.5,4.5,0.0,0.0
10729.0,10110,1.0,0.0,1.0,0.0,6.5,0.0,6.5,0.0
10729.0,10116,5.0,3.0,0.0,2.0,32.5,19.5,0.0,13.0
10730.0,10310,3.0,0.0,3.0,0.0,14.3,0.0,14.3,0.0
10731.0,10141,3.0,2.0,1.0,0.0,8.0,5.0,3.0,0.0
10741.0,10422,1.0,0.0,0.0,1.0,5.8,0.0,0.0,5.8
11003.0,11503,2.0,0.0,0.0,2.0,41.0,0.0,0.0,41.0
11006.0,11011,1.0,1.0,0.0,0.0,8.8,8.8,0.0,0.0
11008.0,11511,2.0,2.0,0.0,0.0,69.0,69.0,0.0,0.0
11026.0,11022,1.0,0.0,0.0,1.0,17.0,0.0,0.0,17.0
11026.0,11054,2.0,1.0,1.0,0.0,51.8,29.9,21.9,0.0
11026.0,11056,3.0,0.0,0.0,3.0,24.9,0.0,0.0,24.9
11026.0,11057,8.0,1.0,1.0,6.0,435.7,10.0,9.9,415.8
11027.0,11044,1.0,0.0,0.0,1.0,32.0,0.0,0.0,32.0
11032.0,11056,3.0,2.0,1.0,0.0,14.700000000000001,9.8,4.9,0.0
11036.0,11022,1.0,1.0,0.0,0.0,4.9,4.9,0.0,0.0
11036.0,11057,1.0,0.0,1.0,0.0,32.9,0.0,32.9,0.0
11046.0,11233,1.0,0.0,1.0,0.0,9.8,0.0,9.8,0.0
11048.0,11500,6.0,0.0,2.0,4.0,72.89999999999999,0.0,17.7,55.199999999999996
11048.0,11501,3.0,0.0,0.0,3.0,27.3,0.0,0.0,27.3
11049.0,11300,11.0,8.0,1.0,2.0,94.97999999999999,82.1,6.9,5.98
11049.0,11302,1.0,1.0,0.0,0.0,8.9,8.9,0.0,0.0
11049.0,11303,1.0,0.0,0.0,1.0,14.8,0.0,0.0,14.8
11051.0,11102,3.0,1.0,2.0,0.0,45.2,21.8,23.4,0.0
11055.0,11511,2.0,0.0,1.0,1.0,304.0,0.0,152.0,152.0
11057.0,11300,2.0,0.0,2.0,0.0,17.8,0.0,17.8,0.0
11057.0,11303,1.0,0.0,0.0,1.0,16.2,0.0,0.0,16.2
11067.0,11311,1.0,1.0,0.0,0.0,118.0,118.0,0.0,0.0
11072.0,11011,1.0,1.0,0.0,0.0,17.9,17.9,0.0,0.0
11079.0,11500,2.0,2.0,0.0,0.0,13.600000000000001,13.600000000000001,0.0,0.0
11079.0,11501,8.0,0.0,3.0,5.0,83.2,0.0,32.7,50.5
11079.0,11502,2.0,0.0,1.0,1.0,15.2,0.0,7.6,7.6
11079.0,11504,1.0,0.0,0.0,1.0,13.8,0.0,0.0,13.8
11092.0,11057,1.0,0.0,1.0,0.0,16.9,0.0,16.9,0.0
11093.0,11041,2.0,0.0,1.0,1.0,31.8,0.0,15.9,15.9
11093.0,11044,3.0,0.0,3.0,0.0,71.69999999999999,0.0,71.69999999999999,0.0
11094.0,11300,5.0,1.0,3.0,1.0,52.6,14.9,30.200000000000003,7.5
11097.0,11200,2.0,0.0,0.0,2.0,47.099999999999994,0.0,0.0,47.099999999999994
11097.0,11233,1.0,1.0,0.0,0.0,18.9,18.9,0.0,0.0
11098.0,11022,1.0,1.0,0.0,0.0,15.5,15.5,0.0,0.0
11100.0,11250,3.0,0.0,0.0,3.0,44.2,0.0,0.0,44.2
11106.0,11102,1.0,0.0,1.0,0.0,34.5,0.0,34.5,0.0
11106.0,11200,4.0,1.0,0.0,3.0,88.9,19.8,0.0,69.1
11106.0,11220,1.0,0.0,1.0,0.0,12.2,0.0,12.2,0.0
11106.0,11250,1.0,0.0,1.0,0.0,18.7,0.0,18.7,0.0
11112.0,11240,1.0,1.0,0.0,0.0,44.9,44.9,0.0,0.0
11114.0,11300,3.0,2.0,0.0,1.0,34.7,21.8,0.0,12.9
11114.0,11303,6.0,0.0,6.0,0.0,108.3,0.0,108.3,0.0
11114.0,11304,3.0,2.0,0.0,1.0,30.6,19.8,0.0,10.8
11116.0,11212,3.0,0.0,0.0,3.0,112.5,0.0,0.0,112.5
11116.0,11543,1.0,1.0,0.0,0.0,25.0,25.0,0.0,0.0
11119.0,11230,1.0,1.0,0.0,0.0,19.5,19.5,0.0,0.0
11119.0,11233,1.0,0.0,1.0,0.0,34.9,0.0,34.9,0.0
11123.0,11500,6.0,4.0,0.0,2.0,62.699999999999996,41.3,0.0,21.4
11123.0,11501,2.0,0.0,1.0,1.0,20.8,0.0,9.9,10.9
11126.0,11044,1.0,0.0,0.0,1.0,26.5,0.0,0.0,26.5
11128.0,11303,2.0,1.0,0.0,1.0,21.4,8.5,0.0,12.9
11129.0,11522,1.0,0.0,1.0,0.0,21.9,0.0,21.9,0.0
11129.0,11531,9.0,4.0,2.0,3.0,115.9,57.699999999999996,19.8,38.4
11129.0,11532,13.0,0.0,4.0,9.0,112.4,0.0,31.2,81.2
11129.0,11540,3.0,1.0,0.0,2.0,25.1,9.5,0.0,15.6
11131.0,11041,1.0,0.0,1.0,0.0,10.9,0.0,10.9,0.0
11132.0,11532,1.0,0.0,0.0,1.0,7.5,0.0,0.0,7.5
11133.0,11501,2.0,0.0,1.0,1.0,13.0,0.0,6.5,6.5
11139.0,11115,5.0,0.0,0.0,5.0,24.0,0.0,0.0,24.0
11144.0,11241,2.0,1.0,0.0,1.0,138.0,69.0,0.0,69.0
11145.0,11300,1.0,0.0,1.0,0.0,5.9,0.0,5.9,0.0
11145.0,11303,1.0,0.0,1.0,0.0,13.2,0.0,13.2,0.0
11146.0,11100,1.0,0.0,1.0,0.0,38.0,0.0,38.0,0.0
11148.0,11200,1.0,0.0,1.0,0.0,37.0,0.0,37.0,0.0
11148.0,11220,1.0,0.0,0.0,1.0,5.6,0.0,0.0,5.6
11148.0,11222,1.0,0.0,1.0,0.0,21.9,0.0,21.9,0.0
11149.0,11533,2.0,2.0,0.0,0.0,9.4,9.4,0.0,0.0
11150.0,11300,2.0,0.0,0.0,2.0,29.0,0.0,0.0,29.0
11150.0,11302,1.0,0.0,0.0,1.0,8.9,0.0,0.0,8.9
11150.0,11303,2.0,0.0,0.0,2.0,9.8,0.0,0.0,9.8
11150.0,11304,1.0,0.0,0.0,1.0,12.6,0.0,0.0,12.6
11152.0,11313,2.0,1.0,0.0,1.0,66.0,27.0,0.0,39.0
11154.0,11521,2.0,2.0,0.0,0.0,39.8,39.8,0.0,0.0
11154.0,11530,1.0,0.0,1.0,0.0,12.9,0.0,12.9,0.0
11154.0,11531,1.0,0.0,1.0,0.0,14.9,0.0,14.9,0.0
11154.0,11532,7.0,2.0,3.0,2.0,24.5,7.0,10.5,7.0
11156.0,11533,4.0,1.0,2.0,1.0,4.6,1.3,2.0,1.3
11159.0,11500,5.0,2.0,2.0,1.0,54.199999999999996,19.0,25.700000000000003,9.5
11159.0,11501,9.0,1.0,5.0,3.0,106.89999999999999,16.5,61.0,29.400000000000002
11159.0,11502,3.0,1.0,2.0,0.0,24.1,6.5,17.6,0.0
11165.0,11011,1.0,0.0,0.0,1.0,19.9,0.0,0.0,19.9
11204.0,11301,6.0,3.0,0.0,3.0,116.8,65.4,0.0,51.400000000000006
11210.0,11300,3.0,0.0,0.0,3.0,83.4,0.0,0.0,83.4
11213.0,11304,1.0,0.0,0.0,1.0,6.9,0.0,0.0,6.9
11217.0,11011,2.0,1.0,1.0,0.0,7.6,3.8,3.8,0.0
11219.0,11056,1.0,1.0,0.0,0.0,2.9,2.9,0.0,0.0
11219.0,11221,4.0,2.0,0.0,2.0,41.4,33.6,0.0,7.8
11220.0,11301,1.0,0.0,1.0,0.0,20.9,0.0,20.9,0.0
11221.0,11231,4.0,1.0,1.0,2.0,100.5,18.8,12.9,68.8
11223.0,11240,1.0,1.0,0.0,0.0,30.5,30.5,0.0,0.0
11224.0,11110,4.0,0.0,0.0,4.0,126.8,0.0,0.0,126.8
11225.0,11231,1.0,0.0,0.0,1.0,49.0,0.0,0.0,49.0
11227.0,11303,3.0,0.0,0.0,3.0,3.0,0.0,0.0,3.0
11229.0,11104,1.0,1.0,0.0,0.0,3.3,3.3,0.0,0.0
11241.0,11501,1.0,1.0,0.0,0.0,13.6,13.6,0.0,0.0
11258.0,11104,3.0,0.0,0.0,3.0,9.600000000000001,0.0,0.0,9.600000000000001
11258.0,11533,2.0,0.0,1.0,1.0,6.0,0.0,3.2,2.8
11281.0,11231,1.0,1.0,0.0,0.0,89.9,89.9,0.0,0.0
11284.0,11056,1.0,0.0,1.0,0.0,9.2,0.0,9.2,0.0
11287.0,11500,1.0,0.0,1.0,0.0,29.9,0.0,29.9,0.0
11288.0,11300,3.0,1.0,1.0,1.0,32.6,9.9,9.9,12.8
11288.0,11302,2.0,0.0,0.0,2.0,21.6,0.0,0.0,21.6
11291.0,11303,3.0,2.0,0.0,1.0,36.7,23.8,0.0,12.9
11293.0,11201,1.0,0.0,0.0,1.0,29.9,0.0,0.0,29.9
11305.0,11530,1.0,1.0,0.0,0.0,13.8,13.8,0.0,0.0
11306.0,11005,1.0,1.0,0.0,0.0,24.5,24.5,0.0,0.0
11310.0,11205,1.0,0.0,0.0,1.0,15.0,0.0,0.0,15.0
11311.0,11506,1.0,0.0,1.0,0.0,29.8,0.0,29.8,0.0
11317.0,11500,1.0,0.0,1.0,0.0,36.0,0.0,36.0,0.0
11317.0,11501,1.0,0.0,1.0,0.0,38.0,0.0,38.0,0.0
11322.0,11241,1.0,0.0,0.0,1.0,28.9,0.0,0.0,28.9
11324.0,11140,1.0,0.0,0.0,1.0,12.0,0.0,0.0,12.0
11327.0,11500,2.0,0.0,0.0,2.0,19.8,0.0,0.0,19.8
11327.0,11504,2.0,1.0,0.0,1.0,28.9,19.0,0.0,9.9
11334.0,11305,1.0,0.0,1.0,0.0,22.9,0.0,22.9,0.0
11338.0,11052,1.0,0.0,1.0,0.0,14.5,0.0,14.5,0.0
11344.0,11301,1.0,0.0,0.0,1.0,9.9,0.0,0.0,9.9
11344.0,11302,1.0,0.0,0.0,1.0,19.0,0.0,0.0,19.0
11345.0,11100,1.0,0.0,0.0,1.0,19.8,0.0,0.0,19.8
11345.0,11102,1.0,0.0,0.0,1.0,35.0,0.0,0.0,35.0
11345.0,11103,1.0,0.0,0.0,1.0,18.8,0.0,0.0,18.8
11346.0,11006,1.0,0.0,0.0,1.0,63.8,0.0,0.0,63.8
11360.0,11241,1.0,1.0,0.0,0.0,79.0,79.0,0.0,0.0
11374.0,11241,1.0,0.0,0.0,1.0,118.0,0.0,0.0,118.0
11375.0,11301,1.0,1.0,0.0,0.0,19.9,19.9,0.0,0.0
11375.0,11302,1.0,0.0,1.0,0.0,14.8,0.0,14.8,0.0
11378.0,11400,1.0,0.0,1.0,0.0,36.9,0.0,36.9,0.0
11379.0,11303,2.0,1.0,0.0,1.0,23.700000000000003,13.8,0.0,9.9
11384.0,11221,3.0,2.0,0.0,1.0,117.1,97.6,0.0,19.5
11385.0,11521,4.0,1.0,1.0,2.0,91.39999999999999,16.8,28.9,45.7
11385.0,11522,5.0,0.0,1.0,4.0,131.5,0.0,11.9,119.6
11385.0,11531,8.0,0.0,0.0,8.0,109.20000000000002,0.0,0.0,109.20000000000002
11385.0,11532,10.0,2.0,1.0,7.0,82.6,13.8,5.3,63.5
11386.0,11500,1.0,0.0,0.0,1.0,13.9,0.0,0.0,13.9
11388.0,11301,2.0,1.0,1.0,0.0,14.8,9.9,4.9,0.0
11390.0,11230,2.0,0.0,1.0,1.0,153.8,0.0,76.9,76.9
14001.0,14101,2.0,1.0,0.0,1.0,4.0,2.0,0.0,2.0
14001.0,14105,1.0,1.0,0.0,0.0,2.0,2.0,0.0,0.0
14005.0,14644,2.0,0.0,1.0,1.0,11.2,0.0,3.5,7.7
14005.0,14956,1.0,0.0,0.0,1.0,8.5,0.0,0.0,8.5
14008.0,14873,31.0,22.0,8.0,1.0,52.0,34.4,16.1,1.5
14010.0,14720,1.0,0.0,1.0,0.0,4.6,0.0,4.6,0.0
14010.0,14732,1.0,0.0,0.0,1.0,5.0,0.0,0.0,5.0
14013.0,14251,1.0,0.0,0.0,1.0,19.9,0.0,0.0,19.9
14013.0,14252,2.0,1.0,1.0,0.0,47.6,23.8,23.8,0.0
14016.0,14594,1.0,1.0,0.0,0.0,12.0,12.0,0.0,0.0
14016.0,14753,3.0,0.0,2.0,1.0,57.900000000000006,0.0,38.6,19.3
14018.0,14122,1.0,0.0,0.0,1.0,2.5,0.0,0.0,2.5
14020.0,14270,1.0,0.0,0.0,1.0,3.2,0.0,0.0,3.2
14020.0,14275,5.0,3.0,1.0,1.0,35.3,14.0,17.3,4.0
14022.0,14750,2.0,2.0,0.0,0.0,21.6,21.6,0.0,0.0
14024.0,14100,1.0,1.0,0.0,0.0,11.5,11.5,0.0,0.0
14024.0,14101,1.0,0.0,1.0,0.0,9.9,0.0,9.9,0.0
14024.0,14105,7.0,1.0,3.0,3.0,55.8,12.9,24.9,18.0
14026.0,14754,1.0,0.0,1.0,0.0,15.8,0.0,15.8,0.0
14031.0,14821,1.0,1.0,0.0,0.0,15.5,15.5,0.0,0.0
14031.0,14841,1.0,0.0,1.0,0.0,16.2,0.0,16.2,0.0
14031.0,14917,3.0,1.0,2.0,0.0,16.700000000000003,2.7,14.0,0.0
14032.0,14750,14.0,5.0,2.0,7.0,137.3,45.99999999999999,21.8,69.5
14032.0,14753,1.0,0.0,0.0,1.0,6.8,0.0,0.0,6.8
14033.0,14280,1.0,0.0,1.0,0.0,5.5,0.0,5.5,0.0
14033.0,14281,4.0,1.0,2.0,1.0,23.4,5.5,11.0,6.9
14033.0,14282,1.0,0.0,0.0,1.0,5.5,0.0,0.0,5.5
14033.0,14284,2.0,1.0,1.0,0.0,7.8,3.9,3.9,0.0
14035.0,14800,6.0,1.0,1.0,4.0,59.39,11.9,8.8,38.69
14035.0,14802,2.0,1.0,0.0,1.0,40.4,22.5,0.0,17.9
14035.0,14804,1.0,0.0,0.0,1.0,9.9,0.0,0.0,9.9
14035.0,14814,3.0,2.0,0.0,1.0,14.700000000000001,9.8,0.0,4.9
14035.0,14815,1.0,1.0,0.0,0.0,6.9,6.9,0.0,0.0
14035.0,14839,1.0,0.0,1.0,0.0,12.9,0.0,12.9,0.0
14036.0,14870,2.0,1.0,0.0,1.0,8.6,4.3,0.0,4.3
14039.0,14831,2.0,0.0,1.0,1.0,16.0,0.0,8.0,8.0
14041.0,14300,15.0,0.0,1.0,14.0,139.7,0.0,10.5,129.2
14043.0,14820,2.0,2.0,0.0,0.0,19.3,19.3,0.0,0.0
14043.0,14833,2.0,1.0,0.0,1.0,18.5,8.0,0.0,10.5
14044.0,14060,7.0,1.0,3.0,3.0,55.3,7.9,23.700000000000003,23.700000000000003
14044.0,14063,1.0,0.0,0.0,1.0,7.9,0.0,0.0,7.9
14044.0,14070,2.0,1.0,0.0,1.0,13.8,6.9,0.0,6.9
14044.0,14072,4.0,2.0,0.0,2.0,29.5,11.7,0.0,17.8
14044.0,14594,1.0,0.0,1.0,0.0,2.7,0.0,2.7,0.0
14049.0,14077,1.0,0.0,0.0,1.0,9.8,0.0,0.0,9.8
14051.0,14130,7.0,4.0,2.0,1.0,51.599999999999994,28.2,15.6,7.8
14051.0,14131,5.0,4.0,0.0,1.0,105.6,100.6,0.0,5.0
14051.0,14132,5.0,2.0,1.0,2.0,194.4,45.4,10.0,139.0
14051.0,14401,0.17,0.17,0.0,0.0,12.92,12.92,0.0,0.0
14064.0,14912,1.0,1.0,0.0,0.0,11.0,11.0,0.0,0.0
14064.0,14914,1.0,1.0,0.0,0.0,11.0,11.0,0.0,0.0
14064.0,14917,2.0,1.0,0.0,1.0,22.0,11.0,0.0,11.0
14065.0,14581,3.0,3.0,0.0,0.0,117.0,117.0,0.0,0.0
14067.0,14131,2.0,0.0,1.0,1.0,19.6,0.0,9.8,9.8
14067.0,14132,4.0,2.0,0.0,2.0,353.3,118.4,0.0,234.9
14069.0,14515,4.0,0.0,0.0,4.0,42.199999999999996,0.0,0.0,42.199999999999996
14070.0,14820,1.0,1.0,0.0,0.0,17.9,17.9,0.0,0.0
14071.0,14092,8.0,3.0,2.0,3.0,49.599999999999994,18.9,12.6,18.1
14079.0,14861,13.0,4.0,5.0,4.0,132.0,40.5,50.5,41.0
14079.0,14862,1.0,0.0,0.0,1.0,9.6,0.0,0.0,9.6
14079.0,14863,6.0,2.0,3.0,1.0,50.3,14.8,25.700000000000003,9.8
14080.0,14650,3.0,0.0,3.0,0.0,37.5,0.0,37.5,0.0
14080.0,14651,1.0,0.0,1.0,0.0,12.5,0.0,12.5,0.0
14082.0,14050,5.0,1.0,2.0,2.0,29.3,5.9,12.4,11.0
14082.0,14052,10.0,5.0,5.0,0.0,60.0,32.5,27.5,0.0
14082.0,14054,6.0,3.0,2.0,1.0,27.0,13.5,9.0,4.5
14084.0,14570,1.0,1.0,0.0,0.0,36.8,36.8,0.0,0.0
14088.0,14830,3.0,1.0,1.0,1.0,20.700000000000003,6.9,6.9,6.9
14088.0,14844,1.0,0.0,1.0,0.0,6.5,0.0,6.5,0.0
14088.0,14914,3.0,0.0,0.0,3.0,25.5,0.0,0.0,25.5
14097.0,14905,3.0,1.0,0.0,2.0,9.0,3.0,0.0,6.0
14098.0,14800,6.0,3.0,2.0,1.0,47.5,18.0,23.5,6.0
14098.0,14801,4.0,0.0,2.0,2.0,35.0,0.0,17.5,17.5
14098.0,14802,9.0,4.0,4.0,1.0,112.3,44.9,52.4,15.0
14098.0,14811,6.0,2.0,2.0,2.0,40.0,13.0,14.0,13.0
14098.0,14812,1.0,1.0,0.0,0.0,5.5,5.5,0.0,0.0
14098.0,14813,1.0,0.0,1.0,0.0,5.9,0.0,5.9,0.0
14098.0,14814,1.0,0.0,1.0,0.0,5.5,0.0,5.5,0.0
14098.0,14822,9.0,5.0,3.0,1.0,64.36,27.759999999999998,29.700000000000003,6.9
14098.0,14823,1.0,0.0,1.0,0.0,9.9,0.0,9.9,0.0
14098.0,14831,11.0,2.0,5.0,4.0,92.7,17.8,35.0,39.9
14098.0,14836,1.0,1.0,0.0,0.0,5.0,5.0,0.0,0.0
14098.0,14916,1.0,1.0,0.0,0.0,6.9,6.9,0.0,0.0
14098.0,14956,3.0,1.0,2.0,0.0,46.400000000000006,13.8,32.6,0.0
14100.0,14841,1.0,1.0,0.0,0.0,4.9,4.9,0.0,0.0
14102.0,14090,7.0,4.0,3.0,0.0,59.7,34.1,25.6,0.0
14104.0,14845,3.0,3.0,0.0,0.0,30.9,30.9,0.0,0.0
14108.0,14531,1.0,1.0,0.0,0.0,23.8,23.8,0.0,0.0
14110.0,14590,1.0,0.0,0.0,1.0,28.8,0.0,0.0,28.8
14110.0,14593,11.0,8.0,0.0,3.0,83.49999999999999,66.1,0.0,17.4
14112.0,14812,8.0,4.0,0.0,4.0,102.95000000000002,45.15,0.0,57.8
14116.0,14014,3.0,0.0,0.0,3.0,20.4,0.0,0.0,20.4
14116.0,14054,1.0,0.0,1.0,0.0,10.8,0.0,10.8,0.0
14117.0,14826,2.0,1.0,0.0,1.0,9.0,4.5,0.0,4.5
14118.0,14906,2.0,1.0,0.0,1.0,7.8,3.9,0.0,3.9
14119.0,14826,2.0,1.0,0.0,1.0,13.0,6.5,0.0,6.5
14119.0,14836,1.0,0.0,1.0,0.0,7.5,0.0,7.5,0.0
14121.0,14770,3.0,1.0,1.0,1.0,470.70000000000005,128.9,142.8,199.0
14121.0,14772,3.0,1.0,1.0,1.0,156.6,59.9,59.9,36.8
14123.0,14083,6.0,0.0,4.0,2.0,22.8,0.0,15.2,7.6
14126.0,14870,3.0,0.0,2.0,1.0,20.0,0.0,14.3,5.7
14126.0,14871,2.0,1.0,0.0,1.0,5.0,2.5,0.0,2.5
14126.0,14872,3.0,2.0,0.0,1.0,7.5,5.0,0.0,2.5
14145.0,14800,1.0,1.0,0.0,0.0,22.0,22.0,0.0,0.0
14145.0,14801,1.0,0.0,0.0,1.0,7.2,0.0,0.0,7.2
14145.0,14802,2.0,1.0,0.0,1.0,33.3,16.8,0.0,16.5
14145.0,14810,2.0,2.0,0.0,0.0,9.6,9.6,0.0,0.0
14145.0,14812,2.0,1.0,1.0,0.0,16.4,8.2,8.2,0.0
14145.0,14841,1.0,1.0,0.0,0.0,8.0,8.0,0.0,0.0
14146.0,14200,7.0,1.0,1.0,5.0,27.299999999999997,3.9,3.9,19.5
14148.0,14633,2.0,0.0,0.0,2.0,11.0,0.0,0.0,11.0
14149.0,14850,2.0,0.0,1.0,1.0,19.8,0.0,9.9,9.9
14151.0,14000,1.0,1.0,0.0,0.0,3.9,3.9,0.0,0.0
14151.0,14012,2.0,0.0,2.0,0.0,7.6,0.0,7.6,0.0
14151.0,14021,2.0,1.0,1.0,0.0,7.8,3.9,3.9,0.0
14152.0,14120,3.0,0.0,1.0,2.0,11.5,0.0,3.0,8.5
14152.0,14121,4.0,2.0,0.0,2.0,51.0,28.0,0.0,23.0
14156.0,14839,1.0,0.0,1.0,0.0,10.8,0.0,10.8,0.0
14157.0,14130,1.0,0.0,1.0,0.0,3.99,0.0,3.99,0.0
14158.0,14701,1.0,0.0,1.0,0.0,58.8,0.0,58.8,0.0
14158.0,14702,1.0,0.0,0.0,1.0,71.8,0.0,0.0,71.8
14159.0,14838,1.0,0.0,0.0,1.0,6.6,0.0,0.0,6.6
14160.0,14362,1.0,0.0,0.0,1.0,100.0,0.0,0.0,100.0
14160.0,14700,1.0,0.0,1.0,0.0,17.9,0.0,17.9,0.0
14160.0,14703,1.0,1.0,0.0,0.0,25.9,25.9,0.0,0.0
14160.0,14710,1.0,0.0,1.0,0.0,29.9,0.0,29.9,0.0
14160.0,14750,23.0,6.0,5.0,12.0,202.2700000000001,52.3,46.5,103.47000000000001
14160.0,14770,1.0,0.0,1.0,0.0,109.9,0.0,109.9,0.0
14160.0,14772,1.0,0.0,1.0,0.0,49.9,0.0,49.9,0.0
14160.0,14774,5.0,1.0,2.0,2.0,261.4,69.9,109.69999999999999,81.8
14160.0,14775,1.0,0.0,0.0,1.0,33.9,0.0,0.0,33.9
14160.0,14820,4.0,3.0,0.0,1.0,71.6,41.7,0.0,29.9
14162.0,14281,2.0,0.0,2.0,0.0,13.6,0.0,13.6,0.0
14162.0,14284,3.0,0.0,3.0,0.0,11.8,0.0,11.8,0.0
14167.0,14073,5.0,1.0,2.0,2.0,65.9,16.8,16.5,32.6
14168.0,14076,24.0,5.0,10.0,9.0,253.20000000000005,58.3,101.60000000000001,93.3
14173.0,14020,5.0,1.0,1.0,3.0,34.5,6.9,6.9,20.700000000000003
14173.0,14021,10.0,2.0,6.0,2.0,102.20000000000002,14.100000000000001,73.7,14.4
14173.0,14022,4.0,3.0,1.0,0.0,53.400000000000006,46.2,7.2,0.0
14173.0,14052,3.0,0.0,1.0,2.0,18.2,0.0,5.5,12.7
14174.0,14600,3.0,2.0,0.0,1.0,624.0,436.0,0.0,188.0
14177.0,14720,4.0,2.0,2.0,0.0,12.0,6.0,6.0,0.0
14177.0,14721,34.0,14.0,9.0,11.0,397.90000000000015,160.60000000000002,94.3,143.0
14177.0,14722,24.0,11.0,6.0,7.0,114.0,54.0,29.5,30.5
14177.0,14723,1.0,1.0,0.0,0.0,1.5,1.5,0.0,0.0
14178.0,14573,1.0,0.0,1.0,0.0,10.2,0.0,10.2,0.0
14179.0,14010,2.0,0.0,1.0,1.0,11.0,0.0,5.5,5.5
14186.0,14811,2.0,0.0,1.0,1.0,24.8,0.0,15.9,8.9
14189.0,14815,8.0,4.0,1.0,3.0,52.6,24.799999999999997,10.1,17.7
14189.0,14816,1.0,1.0,0.0,0.0,10.7,10.7,0.0,0.0
14189.0,14916,1.0,0.0,1.0,0.0,6.2,0.0,6.2,0.0
14191.0,14830,9.0,2.0,2.0,5.0,103.6,20.5,18.6,64.5
14191.0,14831,3.0,1.0,0.0,2.0,30.400000000000002,9.9,0.0,20.5
14196.0,14090,13.0,1.0,6.0,6.0,97.10000000000002,8.5,47.2,41.4
14196.0,14091,54.0,18.0,17.0,19.0,268.8000000000001,90.79999999999998,84.69999999999999,93.3
14197.0,14050,2.0,0.0,2.0,0.0,15.0,0.0,15.0,0.0
14197.0,14052,2.0,0.0,2.0,0.0,8.0,0.0,8.0,0.0
14197.0,14063,4.0,0.0,0.0,4.0,36.580000000000005,0.0,0.0,36.580000000000005
14198.0,14300,2.0,1.0,1.0,0.0,19.4,13.6,5.8,0.0
14200.0,14800,2.0,2.0,0.0,0.0,17.2,17.2,0.0,0.0
14200.0,14801,1.0,1.0,0.0,0.0,7.8,7.8,0.0,0.0
14200.0,14802,4.0,2.0,0.0,2.0,43.2,21.6,0.0,21.6
14200.0,14822,1.0,1.0,0.0,0.0,12.8,12.8,0.0,0.0
14200.0,14823,1.0,1.0,0.0,0.0,13.5,13.5,0.0,0.0
14200.0,14839,1.0,1.0,0.0,0.0,6.8,6.8,0.0,0.0
14203.0,14830,3.0,0.0,1.0,2.0,20.4,0.0,6.8,13.6
14208.0,14200,17.0,8.0,2.0,7.0,122.60000000000004,56.5,9.8,56.3
14210.0,14931,1.0,1.0,0.0,0.0,6.8,6.8,0.0,0.0
14213.0,14860,26.0,11.0,5.0,10.0,74.39999999999999,33.0,15.0,26.400000000000002
14218.0,14203,2.0,2.0,0.0,0.0,9.0,9.0,0.0,0.0
14224.0,14651,3.0,1.0,1.0,1.0,36.599999999999994,12.2,12.2,12.2
14224.0,14654,1.0,1.0,0.0,0.0,10.8,10.8,0.0,0.0
14224.0,14661,3.0,2.0,0.0,1.0,44.400000000000006,29.6,0.0,14.8
14225.0,14000,22.0,6.0,8.0,8.0,110.5,19.2,48.6,42.7
14229.0,14630,2.0,0.0,0.0,2.0,25.700000000000003,0.0,0.0,25.700000000000003
14229.0,14635,1.0,0.0,0.0,1.0,8.5,0.0,0.0,8.5
14230.0,14403,0.46,0.46,0.0,0.0,11.78,11.78,0.0,0.0
14231.0,14076,8.0,3.0,1.0,4.0,80.2,30.700000000000003,7.5,42.0
14231.0,14081,3.0,0.0,2.0,1.0,30.299999999999997,0.0,17.4,12.9
14233.0,14092,3.0,1.0,1.0,1.0,16.2,6.0,6.0,4.2
14236.0,14250,8.0,4.0,0.0,4.0,85.8,25.6,0.0,60.2
14236.0,14830,1.0,1.0,0.0,0.0,14.8,14.8,0.0,0.0
14238.0,14540,1.0,1.0,0.0,0.0,31.6,31.6,0.0,0.0
14240.0,14405,0.11800000000000001,0.0,0.11800000000000001,0.0,28.08,0.0,28.08,0.0
14241.0,14721,3.0,1.0,0.0,2.0,104.0,35.0,0.0,69.0
14241.0,14722,1.0,0.0,0.0,1.0,9.8,0.0,0.0,9.8
14245.0,14072,1.0,0.0,0.0,1.0,6.8,0.0,0.0,6.8
14245.0,14082,2.0,1.0,0.0,1.0,17.2,8.6,0.0,8.6
14245.0,14092,6.0,1.0,0.0,5.0,26.2,4.8,0.0,21.4
14245.0,14094,1.0,0.0,1.0,0.0,3.9,0.0,3.9,0.0
14246.0,14844,3.0,0.0,1.0,2.0,26.799999999999997,0.0,6.0,20.8
14247.0,14403,0.9540000000000001,0.9540000000000001,0.0,0.0,37.78,37.78,0.0,0.0
14249.0,14917,3.0,1.0,1.0,1.0,27.0,14.0,6.5,6.5
14251.0,14258,6.0,4.0,1.0,1.0,59.8,36.4,12.5,10.9
14258.0,14222,8.0,0.0,4.0,4.0,82.8,0.0,44.8,38.0
14258.0,14231,3.0,1.0,1.0,1.0,16.5,5.5,5.5,5.5
14258.0,14241,5.0,3.0,2.0,0.0,14.5,8.7,5.8,0.0
14261.0,14802,1.0,0.0,0.0,1.0,18.8,0.0,0.0,18.8
14261.0,14814,2.0,1.0,0.0,1.0,17.2,8.6,0.0,8.6
14261.0,14815,2.0,1.0,0.0,1.0,11.2,5.6,0.0,5.6
14262.0,14956,1.0,1.0,0.0,0.0,18.9,18.9,0.0,0.0
14265.0,14010,18.0,7.0,5.0,6.0,69.3,31.700000000000003,16.3,21.3
14265.0,14013,14.0,4.0,7.0,3.0,48.60000000000001,13.399999999999999,24.299999999999997,10.9
14265.0,14831,1.0,1.0,0.0,0.0,6.5,6.5,0.0,0.0
14267.0,14560,2.0,1.0,0.0,1.0,21.0,13.3,0.0,7.7
14267.0,14828,1.0,0.0,0.0,1.0,16.2,0.0,0.0,16.2
14267.0,14837,9.0,3.0,4.0,2.0,93.89999999999999,31.1,42.2,20.6
14268.0,14040,5.0,1.0,1.0,3.0,109.4,28.9,25.8,54.699999999999996
14268.0,14041,1.0,0.0,1.0,0.0,4.9,0.0,4.9,0.0
14268.0,14042,1.0,0.0,0.0,1.0,24.9,0.0,0.0,24.9
14268.0,14043,2.0,1.0,0.0,1.0,48.8,19.9,0.0,28.9
14268.0,14510,1.0,1.0,0.0,0.0,13.9,13.9,0.0,0.0
14268.0,14520,4.0,3.0,1.0,0.0,73.2,56.400000000000006,16.8,0.0
14268.0,14521,8.0,2.0,3.0,3.0,196.5,53.4,32.7,110.39999999999999
14268.0,14529,2.0,1.0,0.0,1.0,25.6,12.8,0.0,12.8
14268.0,14530,1.0,0.0,0.0,1.0,10.9,0.0,0.0,10.9
14268.0,14563,3.0,1.0,2.0,0.0,35.7,11.9,23.8,0.0
14268.0,14580,2.0,1.0,0.0,1.0,63.8,21.9,0.0,41.9
14268.0,14584,1.0,0.0,0.0,1.0,65.0,0.0,0.0,65.0
14281.0,14092,43.0,16.0,11.0,16.0,194.9000000000001,71.6,52.099999999999994,71.19999999999999
14288.0,14300,8.0,2.0,2.0,4.0,159.8,33.4,46.5,79.9
14293.0,14811,3.0,1.0,1.0,1.0,40.9,7.9,16.5,16.5
14301.0,14840,4.0,3.0,1.0,0.0,13.0,9.0,4.0,0.0
14301.0,14841,9.0,1.0,3.0,5.0,67.7,6.2,22.0,39.5
14305.0,14804,1.0,0.0,1.0,0.0,10.7,0.0,10.7,0.0
14306.0,14846,1.0,0.0,0.0,1.0,6.5,0.0,0.0,6.5
14306.0,14870,1.0,0.0,0.0,1.0,6.9,0.0,0.0,6.9
14306.0,14922,1.0,0.0,1.0,0.0,38.8,0.0,38.8,0.0
14306.0,14924,1.0,1.0,0.0,0.0,28.5,28.5,0.0,0.0
14306.0,14941,1.0,1.0,0.0,0.0,31.7,31.7,0.0,0.0
14307.0,14573,3.0,1.0,0.0,2.0,50.400000000000006,16.8,0.0,33.6
14313.0,14721,6.0,2.0,2.0,2.0,75.0,25.0,25.0,25.0
14313.0,14722,19.0,6.0,5.0,8.0,108.0,41.0,25.0,42.0
14313.0,14723,1.0,0.0,0.0,1.0,1.0,0.0,0.0,1.0
14314.0,14636,1.0,1.0,0.0,0.0,4.0,4.0,0.0,0.0
14318.0,14843,3.0,1.0,1.0,1.0,10.5,3.5,3.5,3.5
14319.0,14815,10.0,6.0,3.0,1.0,56.00000000000001,33.6,16.799999999999997,5.6
14319.0,14834,6.0,0.0,0.0,6.0,17.4,0.0,0.0,17.4
14319.0,14916,14.0,5.0,3.0,6.0,96.99999999999999,34.8,20.8,41.4
14321.0,14077,1.0,1.0,0.0,0.0,4.5,4.5,0.0,0.0
14322.0,14071,2.0,0.0,0.0,2.0,9.4,0.0,0.0,9.4
14322.0,14080,15.0,7.0,5.0,3.0,116.1,65.0,34.6,16.5
14322.0,14092,15.0,0.0,9.0,6.0,67.0,0.0,39.0,28.0
14322.0,14141,1.0,0.0,0.0,1.0,3.6,0.0,0.0,3.6
14322.0,14232,3.0,1.0,1.0,1.0,10.5,4.0,4.0,2.5
14322.0,14240,1.0,1.0,0.0,0.0,6.0,6.0,0.0,0.0
14322.0,14241,2.0,0.0,0.0,2.0,6.5,0.0,0.0,6.5
14322.0,14243,7.0,3.0,1.0,3.0,22.0,7.5,4.0,10.5
14322.0,14402,1.562,0.762,0.0,0.8,30.93,15.09,0.0,15.84
14322.0,14596,9.0,5.0,3.0,1.0,80.0,47.5,23.0,9.5
14329.0,14654,1.0,0.0,1.0,0.0,9.0,0.0,9.0,0.0
14330.0,14560,4.0,0.0,3.0,1.0,32.8,0.0,23.0,9.8
14330.0,14836,5.0,1.0,1.0,3.0,37.2,6.9,6.6,23.7
14330.0,14837,3.0,0.0,2.0,1.0,25.799999999999997,0.0,17.2,8.6
14330.0,14839,1.0,0.0,1.0,0.0,8.2,0.0,8.2,0.0
14330.0,14842,14.0,9.0,1.0,4.0,106.60000000000002,68.4,12.4,25.799999999999997
14330.0,14843,1.0,1.0,0.0,0.0,7.2,7.2,0.0,0.0
14330.0,14845,1.0,0.0,0.0,1.0,9.6,0.0,0.0,9.6
14330.0,14846,1.0,0.0,1.0,0.0,3.5,0.0,3.5,0.0
14330.0,14847,2.0,1.0,0.0,1.0,9.0,7.2,0.0,1.8
14331.0,14843,1.0,1.0,0.0,0.0,4.3,4.3,0.0,0.0
14331.0,14844,3.0,1.0,0.0,2.0,12.899999999999999,4.3,0.0,8.6
14333.0,14844,1.0,1.0,0.0,0.0,4.9,4.9,0.0,0.0
14333.0,14900,31.0,1.0,10.0,20.0,55.79999999999998,1.8,18.000000000000004,36.0
14333.0,14903,3.0,1.0,0.0,2.0,5.4,1.8,0.0,3.6
14333.0,14905,1.0,0.0,0.0,1.0,1.8,0.0,0.0,1.8
14333.0,14912,1.0,0.0,0.0,1.0,6.9,0.0,0.0,6.9
14335.0,14584,2.0,0.0,0.0,2.0,142.0,0.0,0.0,142.0
14338.0,14900,47.0,22.0,14.0,11.0,113.25000000000001,50.97,30.180000000000003,32.1
14338.0,14903,2.0,2.0,0.0,0.0,4.0,4.0,0.0,0.0
14341.0,14721,4.0,1.0,3.0,0.0,63.2,16.8,46.400000000000006,0.0
14344.0,14252,2.0,2.0,0.0,0.0,40.0,40.0,0.0,0.0
14344.0,14257,1.0,0.0,1.0,0.0,26.0,0.0,26.0,0.0
14345.0,14530,9.0,4.0,3.0,2.0,242.10000000000002,124.6,63.699999999999996,53.8
14345.0,14531,2.0,0.0,0.0,2.0,56.8,0.0,0.0,56.8
14345.0,14541,4.0,0.0,1.0,3.0,111.2,0.0,27.8,83.4
14346.0,14774,2.0,1.0,0.0,1.0,159.9,89.9,0.0,70.0
14350.0,14142,3.0,0.0,1.0,2.0,12.600000000000001,0.0,4.2,8.4
14350.0,14402,1.032,0.466,0.5660000000000001,0.0,30.54,13.79,16.75,0.0
14353.0,14956,1.0,1.0,0.0,0.0,13.8,13.8,0.0,0.0
14354.0,14700,5.0,1.0,0.0,4.0,204.8,64.8,0.0,140.0
14354.0,14701,3.0,1.0,1.0,1.0,122.6,47.9,34.9,39.8
14354.0,14710,3.0,1.0,1.0,1.0,115.69999999999999,36.9,28.9,49.9
14354.0,14713,1.0,0.0,1.0,0.0,31.9,0.0,31.9,0.0
14355.0,14513,3.0,1.0,2.0,0.0,18.5,9.5,9.0,0.0
14357.0,14900,11.0,6.0,3.0,2.0,25.4,13.0,7.6,4.8
14362.0,14082,28.0,6.0,9.0,13.0,83.59999999999997,17.8,26.3,39.5
14362.0,14202,2.0,0.0,2.0,0.0,25.0,0.0,25.0,0.0
14362.0,14862,1.0,0.0,0.0,1.0,8.9,0.0,0.0,8.9
14366.0,14801,2.0,0.0,1.0,1.0,21.490000000000002,0.0,9.5,11.99
14366.0,14802,19.0,3.0,5.0,11.0,331.9,51.5,113.0,167.4
14366.0,14813,1.0,0.0,1.0,0.0,29.0,0.0,29.0,0.0
14366.0,14822,1.0,1.0,0.0,0.0,7.5,7.5,0.0,0.0
14366.0,14831,6.0,0.0,1.0,5.0,38.5,0.0,7.5,31.0
14366.0,14833,4.0,2.0,0.0,2.0,28.9,17.7,0.0,11.2
14372.0,14070,1.0,0.0,0.0,1.0,10.5,0.0,0.0,10.5
14372.0,14073,3.0,1.0,2.0,0.0,32.7,10.9,21.8,0.0
14372.0,14076,3.0,1.0,1.0,1.0,19.1,6.8,6.8,5.5
14386.0,14107,3.0,3.0,0.0,0.0,8.0,8.0,0.0,0.0
14386.0,14551,2.0,0.0,0.0,2.0,37.0,0.0,0.0,37.0
14386.0,14580,1.0,0.0,0.0,1.0,38.0,0.0,0.0,38.0
14386.0,14582,1.0,0.0,0.0,1.0,65.0,0.0,0.0,65.0
14386.0,14583,1.0,1.0,0.0,0.0,36.0,36.0,0.0,0.0
14386.0,14584,1.0,1.0,0.0,0.0,76.0,76.0,0.0,0.0
14386.0,14585,3.0,1.0,1.0,1.0,80.5,28.8,28.8,22.9
14391.0,14863,3.0,0.0,1.0,2.0,28.799999999999997,0.0,9.6,19.2
14393.0,14636,7.0,4.0,2.0,1.0,25.5,14.5,7.0,4.0
14395.0,14552,9.0,6.0,0.0,3.0,116.7,75.2,0.0,41.5
14396.0,14258,2.0,1.0,0.0,1.0,25.0,12.5,0.0,12.5
14396.0,14260,3.0,3.0,0.0,0.0,17.9,17.9,0.0,0.0
14404.0,14082,3.0,1.0,2.0,0.0,9.0,3.0,6.0,0.0
14418.0,14203,2.0,0.0,0.0,2.0,13.8,0.0,0.0,13.8
14418.0,14205,2.0,0.0,0.0,2.0,10.9,0.0,0.0,10.9
14420.0,14861,2.0,1.0,0.0,1.0,18.9,8.4,0.0,10.5
14421.0,14839,3.0,1.0,0.0,2.0,34.1,11.8,0.0,22.3
14422.0,14300,3.0,0.0,2.0,1.0,27.799999999999997,0.0,15.2,12.6
14425.0,14814,1.0,0.0,1.0,0.0,5.9,0.0,5.9,0.0
14431.0,14851,5.0,2.0,2.0,1.0,57.0,7.6,45.6,3.8
14435.0,14121,17.0,5.0,8.0,4.0,267.99999999999994,75.9,125.69999999999999,66.4
14436.0,14101,5.0,2.0,0.0,3.0,20.0,8.0,0.0,12.0
14440.0,14090,4.0,0.0,4.0,0.0,31.6,0.0,31.6,0.0
14440.0,14091,9.0,2.0,7.0,0.0,35.099999999999994,7.8,27.299999999999997,0.0
14442.0,14011,1.0,1.0,0.0,0.0,13.5,13.5,0.0,0.0
14442.0,14060,4.0,1.0,2.0,1.0,41.1,11.4,19.8,9.9
14442.0,14061,1.0,0.0,0.0,1.0,21.9,0.0,0.0,21.9
14442.0,14090,5.0,0.0,4.0,1.0,29.5,0.0,23.6,5.9
14442.0,14091,10.0,2.0,5.0,3.0,38.99999999999999,7.8,19.5,11.7
14442.0,14092,16.0,5.0,7.0,4.0,68.49999999999999,19.5,29.299999999999997,19.700000000000003
14443.0,14105,1.0,0.0,0.0,1.0,0.5,0.0,0.0,0.5
14443.0,14112,3.0,1.0,2.0,0.0,18.9,9.9,9.0,0.0
14443.0,14120,8.0,5.0,2.0,1.0,36.0,19.5,11.0,5.5
14443.0,14121,1.0,0.0,1.0,0.0,10.9,0.0,10.9,0.0
14444.0,14054,8.0,0.0,3.0,5.0,36.0,0.0,13.5,22.5
14445.0,14091,9.0,4.0,1.0,4.0,49.099999999999994,19.6,3.9,25.6
14446.0,14050,4.0,1.0,1.0,2.0,18.0,4.5,4.5,9.0
14447.0,14121,3.0,2.0,0.0,1.0,29.700000000000003,19.8,0.0,9.9
14449.0,14000,10.0,1.0,2.0,7.0,35.0,3.5,7.0,24.5
14449.0,14121,1.0,0.0,0.0,1.0,12.0,0.0,0.0,12.0
14449.0,14403,0.39,0.0,0.0,0.39,24.18,0.0,0.0,24.18
14453.0,14510,4.0,1.0,1.0,2.0,48.199999999999996,9.5,12.9,25.8
14453.0,14515,1.0,0.0,1.0,0.0,16.9,0.0,16.9,0.0
14455.0,14033,13.0,3.0,4.0,6.0,76.7,17.700000000000003,23.6,35.4
14455.0,14034,4.0,0.0,2.0,2.0,33.6,0.0,21.8,11.8
14458.0,14070,1.0,0.0,1.0,0.0,6.2,0.0,6.2,0.0
14458.0,14077,1.0,1.0,0.0,0.0,6.4,6.4,0.0,0.0
14460.0,14275,12.0,2.0,3.0,7.0,80.89999999999999,24.8,26.900000000000002,29.2
14463.0,14120,1.0,1.0,0.0,0.0,6.3,6.3,0.0,0.0
14475.0,14001,1.0,1.0,0.0,0.0,15.0,15.0,0.0,0.0
14475.0,14022,2.0,0.0,2.0,0.0,39.0,0.0,39.0,0.0
14475.0,14052,4.0,1.0,0.0,3.0,20.200000000000003,5.5,0.0,14.700000000000001
14475.0,14064,1.0,1.0,0.0,0.0,16.8,16.8,0.0,0.0
14475.0,14073,2.0,1.0,1.0,0.0,33.6,16.8,16.8,0.0
14475.0,14079,1.0,1.0,0.0,0.0,24.8,24.8,0.0,0.0
14475.0,14081,3.0,3.0,0.0,0.0,51.0,51.0,0.0,0.0
14475.0,14092,6.0,2.0,0.0,4.0,68.0,23.4,0.0,44.599999999999994
14475.0,14100,1.0,1.0,0.0,0.0,14.8,14.8,0.0,0.0
14475.0,14103,1.0,0.0,1.0,0.0,8.8,0.0,8.8,0.0
14475.0,14105,1.0,1.0,0.0,0.0,12.5,12.5,0.0,0.0
14475.0,14108,2.0,0.0,1.0,1.0,27.0,0.0,13.5,13.5
14475.0,14142,2.0,2.0,0.0,0.0,35.6,35.6,0.0,0.0
14475.0,14144,1.0,1.0,0.0,0.0,11.8,11.8,0.0,0.0
14475.0,14209,4.0,0.0,2.0,2.0,76.1,0.0,28.3,47.8
14475.0,14275,9.0,4.0,1.0,4.0,126.60000000000001,59.3,14.8,52.5
14475.0,14409,0.31,0.31,0.0,0.0,17.05,17.05,0.0,0.0
14475.0,14530,1.0,0.0,0.0,1.0,58.0,0.0,0.0,58.0
14475.0,14531,3.0,0.0,0.0,3.0,109.39999999999999,0.0,0.0,109.39999999999999
14475.0,14652,1.0,0.0,0.0,1.0,20.0,0.0,0.0,20.0
14488.0,14100,2.0,2.0,0.0,0.0,17.2,17.2,0.0,0.0
14507.0,14812,2.0,0.0,0.0,2.0,15.4,0.0,0.0,15.4
14507.0,14813,8.0,5.0,2.0,1.0,61.60000000000001,38.5,15.4,7.7
14509.0,14040,1.0,0.0,0.0,1.0,7.5,0.0,0.0,7.5
14509.0,14043,3.0,1.0,0.0,2.0,25.5,8.5,0.0,17.0
14509.0,14594,4.0,2.0,2.0,0.0,20.299999999999997,9.6,10.7,0.0
14518.0,14256,2.0,0.0,1.0,1.0,53.3,0.0,29.5,23.8
14519.0,14031,2.0,1.0,0.0,1.0,25.5,8.7,0.0,16.8
14519.0,14032,7.0,1.0,6.0,0.0,69.9,8.7,61.2,0.0
14519.0,14034,7.0,1.0,6.0,0.0,69.9,8.7,61.2,0.0
14531.0,14763,2.0,1.0,1.0,0.0,38.8,18.9,19.9,0.0
14531.0,14928,1.0,1.0,0.0,0.0,19.9,19.9,0.0,0.0
14539.0,14231,1.0,0.0,1.0,0.0,4.9,0.0,4.9,0.0
14541.0,14310,3.0,0.0,1.0,2.0,78.5,0.0,29.8,48.7
14544.0,14842,2.0,1.0,1.0,0.0,16.8,6.9,9.9,0.0
14544.0,14843,1.0,0.0,0.0,1.0,3.5,0.0,0.0,3.5
14544.0,14844,1.0,1.0,0.0,0.0,7.6,7.6,0.0,0.0
14544.0,14846,2.0,0.0,2.0,0.0,7.8,0.0,7.8,0.0
14544.0,14847,1.0,0.0,1.0,0.0,6.5,0.0,6.5,0.0
14545.0,14710,2.0,0.0,1.0,1.0,67.69999999999999,0.0,32.8,34.9
14545.0,14750,10.0,5.0,2.0,3.0,102.8,49.099999999999994,25.2,28.5
14556.0,14130,1.0,0.0,1.0,0.0,7.5,0.0,7.5,0.0
14556.0,14132,1.0,0.0,0.0,1.0,21.6,0.0,0.0,21.6
14558.0,14594,7.0,1.0,2.0,4.0,29.29,4.99,6.0,18.3
14564.0,14120,1.0,1.0,0.0,0.0,11.0,11.0,0.0,0.0
14570.0,14714,2.0,1.0,0.0,1.0,61.699999999999996,36.8,0.0,24.9
14570.0,14715,1.0,0.0,1.0,0.0,36.8,0.0,36.8,0.0
14573.0,14830,1.0,0.0,1.0,0.0,8.9,0.0,8.9,0.0
14573.0,14831,2.0,1.0,0.0,1.0,17.4,9.9,0.0,7.5
14573.0,14900,1.0,1.0,0.0,0.0,5.9,5.9,0.0,0.0
14573.0,14901,7.0,5.0,2.0,0.0,14.0,10.0,4.0,0.0
14573.0,14903,2.0,0.0,2.0,0.0,4.0,0.0,4.0,0.0
14573.0,14905,6.0,2.0,3.0,1.0,12.0,4.0,6.0,2.0
14573.0,14917,1.0,0.0,0.0,1.0,10.9,0.0,0.0,10.9
14579.0,14844,2.0,1.0,1.0,0.0,13.8,6.9,6.9,0.0
14580.0,14750,6.0,2.0,2.0,2.0,58.2,19.4,19.4,19.4
14581.0,14753,1.0,0.0,1.0,0.0,9.9,0.0,9.9,0.0
14591.0,14133,1.0,0.0,0.0,1.0,4.8,0.0,0.0,4.8
14592.0,14943,1.0,0.0,0.0,1.0,98.0,0.0,0.0,98.0
14594.0,14700,1.0,0.0,0.0,1.0,45.0,0.0,0.0,45.0
14600.0,14074,1.0,0.0,0.0,1.0,13.8,0.0,0.0,13.8
14601.0,14831,1.0,0.0,1.0,0.0,16.8,0.0,16.8,0.0
14612.0,14078,2.0,1.0,0.0,1.0,39.6,19.8,0.0,19.8
14615.0,14833,1.0,0.0,0.0,1.0,13.4,0.0,0.0,13.4
14615.0,14911,2.0,1.0,0.0,1.0,15.98,7.99,0.0,7.99
14622.0,14001,1.0,0.0,1.0,0.0,7.8,0.0,7.8,0.0
14622.0,14014,1.0,0.0,1.0,0.0,20.0,0.0,20.0,0.0
14622.0,14015,3.0,0.0,1.0,2.0,34.2,0.0,11.8,22.4
14622.0,14021,1.0,1.0,0.0,0.0,19.5,19.5,0.0,0.0
14622.0,14033,1.0,1.0,0.0,0.0,32.0,32.0,0.0,0.0
14622.0,14040,1.0,0.0,0.0,1.0,20.5,0.0,0.0,20.5
14622.0,14043,3.0,1.0,1.0,1.0,61.5,20.5,20.5,20.5
14622.0,14070,1.0,1.0,0.0,0.0,25.8,25.8,0.0,0.0
14622.0,14074,1.0,0.0,1.0,0.0,37.5,0.0,37.5,0.0
14622.0,14076,2.0,1.0,0.0,1.0,30.6,15.3,0.0,15.3
14622.0,14080,4.0,0.0,1.0,3.0,68.6,0.0,18.7,49.9
14622.0,14090,4.0,1.0,2.0,1.0,40.6,10.9,19.8,9.9
14622.0,14091,1.0,1.0,0.0,0.0,29.8,29.8,0.0,0.0
14622.0,14092,9.0,3.0,3.0,3.0,112.50000000000003,53.400000000000006,26.4,32.7
14622.0,14100,1.0,0.0,0.0,1.0,11.8,0.0,0.0,11.8
14622.0,14101,2.0,1.0,0.0,1.0,13.0,11.8,0.0,1.2
14622.0,14108,2.0,0.0,1.0,1.0,21.2,0.0,10.6,10.6
14622.0,14110,1.0,0.0,1.0,0.0,24.8,0.0,24.8,0.0
14622.0,14132,4.0,2.0,0.0,2.0,62.0,32.9,0.0,29.1
14622.0,14140,2.0,2.0,0.0,0.0,27.2,27.2,0.0,0.0
14622.0,14145,2.0,2.0,0.0,0.0,33.0,33.0,0.0,0.0
14622.0,14207,1.0,1.0,0.0,0.0,14.6,14.6,0.0,0.0
14622.0,14232,1.0,1.0,0.0,0.0,14.9,14.9,0.0,0.0
14622.0,14241,1.0,1.0,0.0,0.0,14.9,14.9,0.0,0.0
14622.0,14503,1.0,1.0,0.0,0.0,17.8,17.8,0.0,0.0
14622.0,14505,1.0,1.0,0.0,0.0,17.8,17.8,0.0,0.0
14622.0,14521,1.0,0.0,1.0,0.0,42.8,0.0,42.8,0.0
14622.0,14560,1.0,1.0,0.0,0.0,22.8,22.8,0.0,0.0
14622.0,14721,3.0,1.0,0.0,2.0,79.5,26.5,0.0,53.0
14622.0,14722,1.0,0.0,0.0,1.0,10.9,0.0,0.0,10.9
14622.0,14753,2.0,1.0,1.0,0.0,37.8,18.9,18.9,0.0
14622.0,14754,1.0,0.0,0.0,1.0,18.5,0.0,0.0,18.5
14622.0,14836,2.0,0.0,1.0,1.0,50.3,0.0,24.5,25.8
14622.0,14839,2.0,1.0,0.0,1.0,32.3,18.5,0.0,13.8
14623.0,14261,6.0,0.0,2.0,4.0,134.0,0.0,43.7,90.30000000000001
14623.0,14284,1.0,0.0,0.0,1.0,14.9,0.0,0.0,14.9
14626.0,14272,1.0,0.0,1.0,0.0,5.9,0.0,5.9,0.0
14627.0,14223,2.0,0.0,1.0,1.0,20.5,0.0,4.5,16.0
14627.0,14241,1.0,0.0,0.0,1.0,5.5,0.0,0.0,5.5
14627.0,14407,1.008,0.28,0.0,0.728,46.16,12.82,0.0,33.34
14630.0,14310,4.0,2.0,2.0,0.0,56.0,29.4,26.6,0.0
14648.0,14031,2.0,0.0,1.0,1.0,15.8,0.0,7.9,7.9
14648.0,14033,2.0,0.0,1.0,1.0,11.8,0.0,5.9,5.9
14648.0,14034,1.0,0.0,0.0,1.0,5.9,0.0,0.0,5.9
14650.0,14525,3.0,1.0,2.0,0.0,38.98,5.0,33.98,0.0
14651.0,14630,3.0,0.0,3.0,0.0,38.8,0.0,38.8,0.0
14651.0,14632,1.0,1.0,0.0,0.0,14.5,14.5,0.0,0.0
14651.0,14633,1.0,0.0,1.0,0.0,5.8,0.0,5.8,0.0
14652.0,14221,1.0,0.0,1.0,0.0,19.9,0.0,19.9,0.0
14652.0,14222,6.0,1.0,1.0,4.0,46.8,7.8,7.8,31.2
14652.0,14243,1.0,0.0,0.0,1.0,3.8,0.0,0.0,3.8
14665.0,14572,1.0,0.0,0.0,1.0,59.0,0.0,0.0,59.0
14677.0,14132,3.0,3.0,0.0,0.0,55.9,55.9,0.0,0.0
14678.0,14130,14.0,5.0,6.0,3.0,126.30000000000003,49.0,51.2,26.099999999999998
14678.0,14132,2.0,2.0,0.0,0.0,61.599999999999994,61.599999999999994,0.0,0.0
14682.0,14033,3.0,0.0,3.0,0.0,20.700000000000003,0.0,20.700000000000003,0.0
14686.0,14874,1.0,0.0,1.0,0.0,7.2,0.0,7.2,0.0
14688.0,14250,7.0,3.0,4.0,0.0,95.1,28.5,66.6,0.0
14693.0,14761,2.0,0.0,0.0,2.0,20.8,0.0,0.0,20.8
14693.0,14924,2.0,0.0,0.0,2.0,66.6,0.0,0.0,66.6
14694.0,14140,2.0,2.0,0.0,0.0,7.8,7.8,0.0,0.0
14703.0,14300,3.0,0.0,0.0,3.0,24.8,0.0,0.0,24.8
14705.0,14835,1.0,1.0,0.0,0.0,15.5,15.5,0.0,0.0
14705.0,14844,1.0,0.0,0.0,1.0,14.8,0.0,0.0,14.8
14708.0,14021,1.0,0.0,0.0,1.0,9.9,0.0,0.0,9.9
14709.0,14521,1.0,0.0,1.0,0.0,13.6,0.0,13.6,0.0
14712.0,14200,4.0,1.0,2.0,1.0,34.4,8.6,17.2,8.6
14712.0,14203,2.0,1.0,0.0,1.0,17.2,8.6,0.0,8.6
14719.0,14741,2.0,0.0,1.0,1.0,9.0,0.0,4.5,4.5
14722.0,14101,1.0,0.0,0.0,1.0,22.8,0.0,0.0,22.8
14723.0,14280,4.0,0.0,1.0,3.0,23.2,0.0,5.8,17.4
14723.0,14284,1.0,0.0,1.0,0.0,5.8,0.0,5.8,0.0
14724.0,14203,1.0,0.0,1.0,0.0,12.9,0.0,12.9,0.0
14726.0,14100,1.0,1.0,0.0,0.0,4.0,4.0,0.0,0.0
14727.0,14100,1.0,0.0,0.0,1.0,6.5,0.0,0.0,6.5
14727.0,14101,1.0,0.0,0.0,1.0,4.5,0.0,0.0,4.5
14728.0,14074,2.0,1.0,0.0,1.0,31.700000000000003,16.8,0.0,14.9
14729.0,14084,1.0,1.0,0.0,0.0,6.9,6.9,0.0,0.0
14729.0,14092,3.0,2.0,1.0,0.0,14.700000000000001,9.8,4.9,0.0
14729.0,14094,1.0,1.0,0.0,0.0,7.9,7.9,0.0,0.0
14731.0,14082,6.0,0.0,0.0,6.0,23.4,0.0,0.0,23.4
14732.0,14203,2.0,1.0,1.0,0.0,19.6,9.0,10.6,0.0
14735.0,14733,4.0,1.0,1.0,2.0,24.0,6.0,6.0,12.0
14736.0,14733,1.0,0.0,1.0,0.0,6.0,0.0,6.0,0.0
14737.0,14051,3.0,1.0,1.0,1.0,16.5,5.5,5.5,5.5
14737.0,14064,2.0,0.0,1.0,1.0,17.0,0.0,8.5,8.5
14738.0,14570,2.0,1.0,0.0,1.0,67.9,58.0,0.0,9.9
14740.0,14200,4.0,0.0,1.0,3.0,51.8,0.0,12.5,39.3
14740.0,14207,1.0,1.0,0.0,0.0,7.5,7.5,0.0,0.0
14740.0,14256,2.0,0.0,1.0,1.0,25.0,0.0,12.5,12.5
14745.0,14281,1.0,0.0,1.0,0.0,7.9,0.0,7.9,0.0
14746.0,14912,2.0,1.0,1.0,0.0,21.6,10.8,10.8,0.0
14747.0,14500,1.0,0.0,0.0,1.0,65.0,0.0,0.0,65.0
14752.0,14827,1.0,0.0,0.0,1.0,17.6,0.0,0.0,17.6
14752.0,14845,1.0,1.0,0.0,0.0,15.9,15.9,0.0,0.0
14752.0,14846,2.0,1.0,0.0,1.0,21.8,11.9,0.0,9.9
14753.0,14222,2.0,1.0,1.0,0.0,12.2,8.9,3.3,0.0
14759.0,14014,1.0,0.0,1.0,0.0,12.8,0.0,12.8,0.0
14759.0,14054,1.0,0.0,0.0,1.0,9.9,0.0,0.0,9.9
14767.0,14506,4.0,1.0,2.0,1.0,85.6,32.0,23.8,29.8
14768.0,14570,1.0,0.0,1.0,0.0,27.8,0.0,27.8,0.0
14769.0,14842,2.0,1.0,0.0,1.0,23.6,11.8,0.0,11.8
14770.0,14200,2.0,1.0,0.0,1.0,25.0,12.5,0.0,12.5
14770.0,14211,1.0,1.0,0.0,0.0,17.5,17.5,0.0,0.0
14779.0,14090,1.0,1.0,0.0,0.0,5.9,5.9,0.0,0.0
14780.0,14835,1.0,1.0,0.0,0.0,13.9,13.9,0.0,0.0
14781.0,14844,1.0,1.0,0.0,0.0,8.9,8.9,0.0,0.0
14783.0,14824,1.0,1.0,0.0,0.0,13.8,13.8,0.0,0.0
14783.0,14836,1.0,0.0,1.0,0.0,5.5,0.0,5.5,0.0
14785.0,14830,3.0,0.0,2.0,1.0,29.700000000000003,0.0,19.8,9.9
14786.0,14826,1.0,1.0,0.0,0.0,19.9,19.9,0.0,0.0
14788.0,14253,7.0,0.0,7.0,0.0,69.3,0.0,69.3,0.0
14788.0,14255,1.0,0.0,0.0,1.0,15.9,0.0,0.0,15.9
14789.0,14845,1.0,0.0,1.0,0.0,3.9,0.0,3.9,0.0
14789.0,14846,2.0,1.0,1.0,0.0,11.8,6.9,4.9,0.0
14789.0,14870,1.0,1.0,0.0,0.0,12.9,12.9,0.0,0.0
14793.0,14075,2.0,1.0,1.0,0.0,24.5,12.9,11.6,0.0
14793.0,14403,0.134,0.0,0.0,0.134,6.91,0.0,0.0,6.91
14794.0,14093,3.0,1.0,2.0,0.0,114.0,38.0,76.0,0.0
14794.0,14300,8.0,5.0,1.0,2.0,126.39999999999999,79.0,15.8,31.6
14794.0,14400,0.847,0.0,0.847,0.0,35.84,0.0,35.84,0.0
14794.0,14403,0.396,0.0,0.0,0.396,55.44,0.0,0.0,55.44
14794.0,14404,0.492,0.492,0.0,0.0,30.669999999999998,30.669999999999998,0.0,0.0
14794.0,14406,2.7300000000000004,0.0,2.7300000000000004,0.0,65.7,0.0,65.7,0.0
14794.0,14407,1.24,1.058,0.182,0.0,61.900000000000006,43.7,18.2,0.0
14794.0,14409,0.47200000000000003,0.28400000000000003,0.0,0.188,27.34,14.18,0.0,13.16
14796.0,14830,1.0,0.0,0.0,1.0,12.8,0.0,0.0,12.8
14796.0,14831,1.0,1.0,0.0,0.0,56.5,56.5,0.0,0.0
14798.0,14920,1.0,0.0,1.0,0.0,35.5,0.0,35.5,0.0
14798.0,14926,1.0,0.0,1.0,0.0,19.8,0.0,19.8,0.0
14798.0,14932,1.0,0.0,0.0,1.0,9.9,0.0,0.0,9.9
14799.0,14800,1.0,0.0,0.0,1.0,11.8,0.0,0.0,11.8
14799.0,14802,9.0,2.0,5.0,2.0,146.0,13.8,79.5,52.699999999999996
14799.0,14803,1.0,0.0,1.0,0.0,18.9,0.0,18.9,0.0
14799.0,14810,1.0,1.0,0.0,0.0,7.9,7.9,0.0,0.0
14799.0,14812,2.0,0.0,2.0,0.0,13.8,0.0,13.8,0.0
14799.0,14815,1.0,1.0,0.0,0.0,9.9,9.9,0.0,0.0
14801.0,14722,1.0,0.0,0.0,1.0,12.5,0.0,0.0,12.5
14803.0,14015,5.0,0.0,0.0,5.0,64.8,0.0,0.0,64.8
14805.0,14111,5.0,4.0,0.0,1.0,64.0,51.2,0.0,12.8
14805.0,14112,13.0,5.0,4.0,4.0,153.4,59.0,47.2,47.2
14807.0,14102,1.0,0.0,1.0,0.0,11.8,0.0,11.8,0.0
14807.0,14200,1.0,0.0,1.0,0.0,11.6,0.0,11.6,0.0
14809.0,14261,3.0,2.0,0.0,1.0,18.8,13.0,0.0,5.8
14809.0,14409,0.35,0.0,0.35,0.0,23.759999999999998,0.0,23.759999999999998,0.0
14810.0,14860,50.0,20.0,9.0,21.0,123.19999999999993,44.8,25.200000000000003,53.19999999999999
14811.0,14243,1.0,1.0,0.0,0.0,5.9,5.9,0.0,0.0
14820.0,14131,6.0,6.0,0.0,0.0,67.4,67.4,0.0,0.0
14822.0,14074,1.0,1.0,0.0,0.0,29.8,29.8,0.0,0.0
14824.0,14352,1.0,1.0,0.0,0.0,29.9,29.9,0.0,0.0
14826.0,14079,4.0,1.0,3.0,0.0,66.5,18.8,47.7,0.0
14829.0,14409,0.114,0.0,0.0,0.114,7.18,0.0,0.0,7.18
14830.0,14073,5.0,1.0,0.0,4.0,65.5,13.9,0.0,51.6
14830.0,14081,2.0,0.0,0.0,2.0,33.8,0.0,0.0,33.8
14831.0,14940,1.0,0.0,0.0,1.0,34.9,0.0,0.0,34.9
14831.0,14943,1.0,0.0,1.0,0.0,79.9,0.0,79.9,0.0
14832.0,14074,3.0,1.0,1.0,1.0,35.8,11.5,11.5,12.8
14833.0,14140,4.0,0.0,1.0,3.0,47.6,0.0,11.9,35.7
14834.0,14075,4.0,0.0,1.0,3.0,35.0,0.0,10.8,24.200000000000003
14835.0,14031,1.0,0.0,0.0,1.0,5.9,0.0,0.0,5.9
14835.0,14032,1.0,0.0,0.0,1.0,5.9,0.0,0.0,5.9
14835.0,14054,4.0,0.0,2.0,2.0,38.6,0.0,19.3,19.3
14838.0,14286,10.0,0.0,0.0,10.0,33.99999999999999,0.0,0.0,33.99999999999999
14838.0,14409,0.258,0.0,0.0,0.258,7.17,0.0,0.0,7.17
14839.0,14570,1.0,0.0,0.0,1.0,66.9,0.0,0.0,66.9
15001.0,15502,12.0,1.0,3.0,8.0,142.5,9.0,65.5,68.0
15001.0,15503,5.0,0.0,3.0,2.0,84.9,0.0,26.400000000000002,58.5
15002.0,15103,1.0,0.0,0.0,1.0,18.0,0.0,0.0,18.0
15002.0,15104,9.0,3.0,3.0,3.0,164.10000000000002,51.8,51.900000000000006,60.400000000000006
15002.0,15105,5.0,1.0,1.0,3.0,29.0,5.8,5.8,17.4
15003.0,15343,1.0,1.0,0.0,0.0,8.8,8.8,0.0,0.0
15009.0,15230,34.0,11.0,13.0,10.0,232.0,78.0,84.5,69.5
15009.0,15231,69.0,20.0,24.0,25.0,343.5,108.5,120.0,115.0
15009.0,15232,38.0,13.0,19.0,6.0,175.5,59.5,86.5,29.5
15009.0,15235,34.0,14.0,14.0,6.0,85.0,35.0,35.0,15.0
15010.0,15262,3.0,0.0,3.0,0.0,8.7,0.0,8.7,0.0
15011.0,15000,19.0,7.0,8.0,4.0,302.1000000000001,110.6,130.7,60.800000000000004
15011.0,15004,2.0,1.0,0.0,1.0,17.8,8.9,0.0,8.9
15011.0,15343,7.0,2.0,2.0,3.0,68.4,15.8,23.4,29.2
15011.0,15433,1.0,1.0,0.0,0.0,4.4,4.4,0.0,0.0
15012.0,15110,427.0,168.0,87.0,172.0,1449.0000000000011,512.8,332.9000000000001,603.2999999999997
15012.0,15111,5.0,1.0,2.0,2.0,45.5,8.9,17.8,18.8
15012.0,15113,64.0,17.0,39.0,8.0,210.10000000000005,62.3,109.19999999999999,38.6
15012.0,15114,38.0,7.0,23.0,8.0,76.9,17.9,37.6,21.4
15012.0,15115,94.0,28.0,39.0,27.0,570.9499999999994,202.25,201.90000000000012,166.8
15012.0,15116,8.0,5.0,1.0,2.0,33.6,21.0,4.2,8.4
15012.0,15120,79.0,31.0,20.0,28.0,375.6,168.20000000000002,87.4,120.0
15012.0,15121,7.0,3.0,0.0,4.0,99.5,36.0,0.0,63.5
15012.0,15139,2.0,0.0,1.0,1.0,19.2,0.0,9.6,9.6
15026.0,15110,50.0,15.0,20.0,15.0,166.20000000000005,42.3,82.80000000000001,41.1
15026.0,15130,5.0,2.0,3.0,0.0,11.5,4.6,6.8999999999999995,0.0
15028.0,15604,1.0,0.0,1.0,0.0,89.0,0.0,89.0,0.0
15031.0,15501,2.0,0.0,0.0,2.0,55.2,0.0,0.0,55.2
15031.0,15502,1.0,1.0,0.0,0.0,12.9,12.9,0.0,0.0
15036.0,15321,1.0,0.0,1.0,0.0,11.8,0.0,11.8,0.0
15038.0,15004,11.0,3.0,3.0,5.0,46.78,9.2,21.8,15.780000000000001
15038.0,15240,9.0,6.0,1.0,2.0,26.799999999999997,6.0,1.0,19.8
15038.0,15242,12.0,5.0,3.0,4.0,136.10000000000002,60.099999999999994,26.3,49.7
15038.0,15243,2.0,1.0,1.0,0.0,8.5,6.5,2.0,0.0
15038.0,15249,1.0,0.0,1.0,0.0,2.0,0.0,2.0,0.0
15038.0,15263,15.0,7.0,7.0,1.0,23.8,10.5,10.5,2.8
15039.0,15110,235.0,114.0,54.0,67.0,755.0999999999995,272.70000000000005,227.10000000000002,255.3000000000001
15039.0,15114,99.0,28.0,37.0,34.0,476.09999999999997,186.79999999999998,105.5,183.8
15039.0,15130,68.0,13.0,39.0,16.0,348.97999999999996,61.66,197.87000000000003,89.45000000000002
15039.0,15139,9.0,3.0,3.0,3.0,79.3,26.9,26.9,25.5
15039.0,15202,12.0,0.0,0.0,12.0,54.0,0.0,0.0,54.0
15042.0,15330,2.0,0.0,0.0,2.0,25.6,0.0,0.0,25.6
15042.0,15440,2.0,0.0,2.0,0.0,23.8,0.0,23.8,0.0
15045.0,15000,8.0,1.0,6.0,1.0,95.38,9.9,75.58,9.9
15045.0,15001,1.0,0.0,1.0,0.0,8.9,0.0,8.9,0.0
15045.0,15004,44.0,6.0,13.0,25.0,151.70999999999998,21.939999999999998,51.94,77.83
15045.0,15263,27.0,10.0,2.0,15.0,43.3,13.0,3.8,26.5
15045.0,15319,1.0,0.0,1.0,0.0,13.8,0.0,13.8,0.0
15049.0,15320,1.0,0.0,1.0,0.0,10.9,0.0,10.9,0.0
15052.0,15104,5.0,2.0,0.0,3.0,97.5,31.8,0.0,65.69999999999999
15052.0,15110,50.0,15.0,6.0,29.0,232.3,54.9,42.6,134.8
15052.0,15111,5.0,1.0,3.0,1.0,46.6,5.0,26.700000000000003,14.9
15052.0,15112,9.0,3.0,6.0,0.0,80.1,26.700000000000003,53.400000000000006,0.0
15052.0,15113,48.0,0.0,24.0,24.0,129.6,0.0,64.8,64.8
15052.0,15114,155.0,16.0,56.0,83.0,433.99999999999983,44.8,156.79999999999998,232.39999999999995
15052.0,15115,38.0,14.0,3.0,21.0,443.5,166.70000000000005,35.8,241.00000000000006
15052.0,15130,3.0,1.0,1.0,1.0,31.700000000000003,14.9,9.9,6.9
15052.0,15139,1.0,1.0,0.0,0.0,6.9,6.9,0.0,0.0
15052.0,15200,194.0,52.0,54.0,88.0,546.4,147.19999999999996,154.79999999999998,244.39999999999998
15052.0,15201,31.0,16.0,0.0,15.0,96.29999999999997,48.0,0.0,48.29999999999999
15052.0,15202,150.0,49.0,76.0,25.0,572.4000000000001,153.2,304.0,115.19999999999999
15052.0,15502,10.0,0.0,3.0,7.0,42.400000000000006,0.0,12.2,30.2
15052.0,15503,6.0,1.0,0.0,5.0,219.4,25.8,0.0,193.6
15052.0,15605,5.0,0.0,4.0,1.0,276.9,0.0,272.0,4.9
15057.0,15100,2.0,0.0,2.0,0.0,99.6,0.0,99.6,0.0
15057.0,15502,8.0,2.0,1.0,5.0,88.0,22.0,8.0,58.0
15057.0,15503,5.0,1.0,0.0,4.0,86.0,30.0,0.0,56.0
15060.0,15401,1.0,0.0,1.0,0.0,22.8,0.0,22.8,0.0
15060.0,15402,8.0,2.0,4.0,2.0,116.5,35.6,51.2,29.7
15060.0,15405,1.0,1.0,0.0,0.0,28.5,28.5,0.0,0.0
15060.0,15420,3.0,0.0,2.0,1.0,68.4,0.0,42.6,25.8
15060.0,15430,1.0,0.0,0.0,1.0,11.8,0.0,0.0,11.8
15060.0,15433,3.0,0.0,0.0,3.0,36.8,0.0,0.0,36.8
15060.0,15435,1.0,1.0,0.0,0.0,13.8,13.8,0.0,0.0
15060.0,15440,18.0,5.0,13.0,0.0,269.4000000000001,74.0,195.40000000000003,0.0
15060.0,15442,1.0,0.0,1.0,0.0,15.0,0.0,15.0,0.0
15060.0,15469,2.0,0.0,0.0,2.0,26.6,0.0,0.0,26.6
15061.0,15149,3.0,1.0,2.0,0.0,29.700000000000003,9.9,19.8,0.0
15063.0,15262,3.0,0.0,3.0,0.0,12.899999999999999,0.0,12.899999999999999,0.0
15063.0,15263,12.0,5.0,2.0,5.0,20.4,8.5,3.4,8.5
15066.0,15000,4.0,1.0,1.0,2.0,60.0,12.0,15.5,32.5
15066.0,15004,36.0,15.0,12.0,9.0,91.9,29.000000000000004,39.99999999999999,22.9
15066.0,15240,7.0,3.0,4.0,0.0,78.9,35.2,43.7,0.0
15066.0,15241,1.0,0.0,0.0,1.0,12.0,0.0,0.0,12.0
15066.0,15242,31.0,22.0,2.0,7.0,168.3,117.4,20.9,30.0
15066.0,15243,1.0,1.0,0.0,0.0,25.5,25.5,0.0,0.0
15067.0,15402,3.0,2.0,1.0,0.0,37.400000000000006,23.6,13.8,0.0
15067.0,15410,3.0,3.0,0.0,0.0,25.5,25.5,0.0,0.0
15067.0,15422,1.0,1.0,0.0,0.0,15.8,15.8,0.0,0.0
15067.0,15440,6.0,3.0,3.0,0.0,95.0,47.5,47.5,0.0
15067.0,15441,1.0,1.0,0.0,0.0,13.8,13.8,0.0,0.0
15067.0,15449,2.0,1.0,1.0,0.0,66.5,31.6,34.9,0.0
15067.0,15469,3.0,0.0,2.0,1.0,29.700000000000003,0.0,19.8,9.9
15073.0,15130,9.0,4.0,0.0,5.0,50.400000000000006,22.4,0.0,28.0
15073.0,15202,3.0,2.0,0.0,1.0,21.0,15.0,0.0,6.0
15074.0,15401,2.0,0.0,0.0,2.0,62.599999999999994,0.0,0.0,62.599999999999994
15074.0,15402,3.0,0.0,1.0,2.0,95.39999999999999,0.0,32.8,62.599999999999994
15074.0,15404,1.0,0.0,1.0,0.0,39.9,0.0,39.9,0.0
15074.0,15419,1.0,0.0,0.0,1.0,25.9,0.0,0.0,25.9
15074.0,15422,3.0,0.0,2.0,1.0,99.49999999999999,0.0,64.69999999999999,34.8
15078.0,15202,16.0,10.0,2.0,4.0,94.0,52.0,18.0,24.0
15082.0,15440,1.0,0.0,1.0,0.0,19.8,0.0,19.8,0.0
15082.0,15442,3.0,1.0,2.0,0.0,51.400000000000006,19.8,31.6,0.0
15083.0,15000,10.0,6.0,1.0,3.0,112.20000000000002,58.599999999999994,10.9,42.699999999999996
15083.0,15001,2.0,1.0,0.0,1.0,21.8,10.9,0.0,10.9
15083.0,15004,33.0,16.0,8.0,9.0,163.8,98.60000000000001,48.099999999999994,17.1
15083.0,15263,2.0,2.0,0.0,0.0,4.0,4.0,0.0,0.0
15092.0,15130,79.0,32.0,17.0,30.0,898.0,371.0,190.0,337.0
15094.0,15110,162.0,50.0,50.0,62.0,579.6999999999998,192.80000000000007,140.89999999999998,246.00000000000003
15094.0,15111,12.0,9.0,2.0,1.0,65.4,40.5,20.4,4.5
15094.0,15114,749.0,724.0,17.0,8.0,1461.8200000000008,1391.6900000000003,42.300000000000004,27.830000000000005
15094.0,15115,49.0,23.0,14.0,12.0,491.8,201.6,155.0,135.20000000000002
15094.0,15119,8.0,8.0,0.0,0.0,36.0,36.0,0.0,0.0
15094.0,15130,26.0,14.0,8.0,4.0,142.60000000000002,76.4,44.199999999999996,22.0
15094.0,15200,368.0,92.0,123.0,153.0,910.3000000000003,218.8,317.4,374.09999999999997
15094.0,15202,214.0,57.0,95.0,62.0,1261.8999999999999,343.8,557.3,360.8
15094.0,15212,3.0,1.0,0.0,2.0,11.0,4.0,0.0,7.0
15094.0,15219,3.0,1.0,2.0,0.0,9.2,4.0,5.2,0.0
15094.0,15502,6.0,2.0,1.0,3.0,49.2,19.6,9.8,19.8
15094.0,15503,1.0,1.0,0.0,0.0,19.8,19.8,0.0,0.0
15094.0,15605,10.0,4.0,1.0,5.0,647.0,245.0,57.0,345.0
15102.0,15340,1.0,0.0,1.0,0.0,29.9,0.0,29.9,0.0
15123.0,15119,1.0,0.0,0.0,1.0,26.5,0.0,0.0,26.5
15123.0,15123,2.0,2.0,0.0,0.0,30.0,30.0,0.0,0.0
15123.0,15149,11.0,1.0,7.0,3.0,206.80000000000004,18.8,131.6,56.400000000000006
15123.0,15209,9.0,4.0,1.0,4.0,151.20000000000002,79.2,16.8,55.2
15542.0,15605,2.0,0.0,0.0,2.0,59.8,0.0,0.0,59.8
15545.0,15021,1.0,1.0,0.0,0.0,23.1,23.1,0.0,0.0
15545.0,15451,1.0,1.0,0.0,0.0,14.2,14.2,0.0,0.0
15545.0,15469,4.0,4.0,0.0,0.0,68.0,68.0,0.0,0.0
15547.0,15022,1.0,0.0,1.0,0.0,6.0,0.0,6.0,0.0
15548.0,15419,3.0,2.0,1.0,0.0,14.700000000000001,9.8,4.9,0.0
15548.0,15469,1.0,0.0,1.0,0.0,19.8,0.0,19.8,0.0
15552.0,15320,1.0,1.0,0.0,0.0,8.8,8.8,0.0,0.0
15554.0,15502,1.0,1.0,0.0,0.0,9.8,9.8,0.0,0.0
15557.0,15459,5.0,2.0,3.0,0.0,165.29999999999998,59.8,105.5,0.0
15562.0,15450,1.0,0.0,0.0,1.0,36.8,0.0,0.0,36.8
15564.0,15021,3.0,0.0,0.0,3.0,31.5,0.0,0.0,31.5
15570.0,15130,1.0,0.0,1.0,0.0,5.5,0.0,5.5,0.0
15570.0,15131,3.0,1.0,0.0,2.0,16.5,5.5,0.0,11.0
15572.0,15002,3.0,2.0,0.0,1.0,60.6,44.7,0.0,15.9
15572.0,15005,1.0,0.0,1.0,0.0,29.9,0.0,29.9,0.0
15577.0,15101,5.0,0.0,4.0,1.0,126.8,0.0,96.0,30.8
15577.0,15102,1.0,1.0,0.0,0.0,32.9,32.9,0.0,0.0
15577.0,15104,2.0,0.0,1.0,1.0,35.0,0.0,17.5,17.5
15581.0,15459,3.0,0.0,3.0,0.0,70.19999999999999,0.0,70.19999999999999,0.0
15588.0,15261,2.0,0.0,0.0,2.0,4.8,0.0,0.0,4.8
15590.0,15110,16.0,3.0,5.0,8.0,200.80000000000004,33.6,64.8,102.4
15590.0,15114,6.0,0.0,3.0,3.0,15.0,0.0,7.5,7.5
15590.0,15115,1.0,1.0,0.0,0.0,8.0,8.0,0.0,0.0
15590.0,15120,2.0,0.0,0.0,2.0,7.2,0.0,0.0,7.2
15590.0,15130,1.0,1.0,0.0,0.0,6.5,6.5,0.0,0.0
15590.0,15149,3.0,1.0,0.0,2.0,13.5,4.5,0.0,9.0
15590.0,15202,29.0,18.0,6.0,5.0,177.5,108.5,39.0,30.0
15616.0,15339,5.0,0.0,2.0,3.0,54.0,0.0,21.6,32.400000000000006
15616.0,15343,1.0,0.0,0.0,1.0,7.9,0.0,0.0,7.9
15618.0,15603,1.0,1.0,0.0,0.0,76.0,76.0,0.0,0.0
15624.0,15503,9.0,8.0,1.0,0.0,70.39999999999999,65.39999999999999,5.0,0.0
15631.0,15110,33.0,13.0,8.0,12.0,224.04,63.099999999999994,51.45,109.49000000000001
15631.0,15111,5.0,0.0,0.0,5.0,39.5,0.0,0.0,39.5
15631.0,15113,2.0,2.0,0.0,0.0,7.8,7.8,0.0,0.0
15631.0,15114,17.0,6.0,5.0,6.0,82.3,33.6,18.2,30.5
15631.0,15116,63.0,24.0,16.0,23.0,163.10000000000002,60.0,41.4,61.699999999999996
15631.0,15119,253.0,79.0,48.0,126.0,386.3999999999997,141.79999999999998,66.39999999999999,178.20000000000007
15631.0,15120,4.0,2.0,1.0,1.0,39.6,19.8,9.9,9.9
15631.0,15130,26.0,3.0,3.0,20.0,162.39999999999995,15.7,20.1,126.59999999999997
15631.0,15200,22.0,14.0,2.0,6.0,50.599999999999994,32.2,4.6,13.8
15631.0,15202,8.0,0.0,8.0,0.0,13.6,0.0,13.6,0.0
15632.0,15110,1.0,0.0,1.0,0.0,18.9,0.0,18.9,0.0
15632.0,15131,1.0,0.0,0.0,1.0,8.9,0.0,0.0,8.9
15632.0,15140,6.0,0.0,1.0,5.0,133.8,0.0,19.8,114.0
15635.0,15140,6.0,1.0,2.0,3.0,118.8,19.8,39.6,59.400000000000006
15644.0,15029,5.0,1.0,0.0,4.0,35.5,9.5,0.0,26.0
15647.0,15323,4.0,2.0,2.0,0.0,60.2,28.6,31.6,0.0
15648.0,15241,1.0,1.0,0.0,0.0,8.2,8.2,0.0,0.0
15649.0,15404,1.0,0.0,1.0,0.0,28.0,0.0,28.0,0.0
15649.0,15409,1.0,0.0,0.0,1.0,18.0,0.0,0.0,18.0
15653.0,15111,7.0,2.0,0.0,5.0,124.6,35.6,0.0,89.0
15653.0,15119,4.0,0.0,2.0,2.0,71.2,0.0,35.6,35.6
15655.0,15250,3.0,2.0,0.0,1.0,49.5,33.0,0.0,16.5
15665.0,15140,4.0,0.0,1.0,3.0,79.2,0.0,19.8,59.400000000000006
15666.0,15250,3.0,0.0,1.0,2.0,88.3,0.0,32.9,55.4
15667.0,15019,4.0,4.0,0.0,0.0,67.2,67.2,0.0,0.0
30004.0,30231,1.0,1.0,0.0,0.0,356.0,356.0,0.0,0.0
30007.0,30816,1.0,0.0,0.0,1.0,6.6,0.0,0.0,6.6
30017.0,30332,1.0,1.0,0.0,0.0,7.9,7.9,0.0,0.0
30017.0,30521,1.0,1.0,0.0,0.0,8.9,8.9,0.0,0.0
30017.0,30533,1.0,1.0,0.0,0.0,14.9,14.9,0.0,0.0
30017.0,30541,1.0,1.0,0.0,0.0,8.9,8.9,0.0,0.0
30017.0,30710,3.0,0.0,1.0,2.0,21.700000000000003,0.0,6.9,14.8
30017.0,30810,1.0,1.0,0.0,0.0,14.9,14.9,0.0,0.0
30033.0,30340,1.0,1.0,0.0,0.0,17.9,17.9,0.0,0.0
30034.0,30331,1.0,0.0,0.0,1.0,7.9,0.0,0.0,7.9
30039.0,30335,3.0,1.0,1.0,1.0,18.0,6.0,6.0,6.0
30039.0,30820,1.0,0.0,0.0,1.0,9.9,0.0,0.0,9.9
30040.0,30504,1.0,0.0,0.0,1.0,14.8,0.0,0.0,14.8
30046.0,30011,1.0,0.0,1.0,0.0,15.9,0.0,15.9,0.0
30046.0,30012,1.0,0.0,1.0,0.0,9.9,0.0,9.9,0.0
30046.0,30014,1.0,0.0,0.0,1.0,9.9,0.0,0.0,9.9
30049.0,30001,2.0,0.0,2.0,0.0,7.8,0.0,7.8,0.0
30059.0,30810,1.0,0.0,1.0,0.0,3.0,0.0,3.0,0.0
30059.0,30820,1.0,0.0,0.0,1.0,7.9,0.0,0.0,7.9
30060.0,30500,1.0,0.0,1.0,0.0,39.9,0.0,39.9,0.0
30060.0,30522,1.0,0.0,0.0,1.0,13.5,0.0,0.0,13.5
30060.0,30820,1.0,1.0,0.0,0.0,3.9,3.9,0.0,0.0
30062.0,30338,1.0,1.0,0.0,0.0,5.0,5.0,0.0,0.0
30071.0,30165,6.0,2.0,4.0,0.0,30.0,10.0,20.0,0.0
30077.0,30302,1.0,0.0,1.0,0.0,49.0,0.0,49.0,0.0
30080.0,30171,1.0,1.0,0.0,0.0,9.9,9.9,0.0,0.0
30080.0,30522,1.0,0.0,0.0,1.0,15.9,0.0,0.0,15.9
30080.0,30701,4.0,2.0,1.0,1.0,55.6,21.8,16.9,16.9
30098.0,30903,1.0,1.0,0.0,0.0,38.0,38.0,0.0,0.0
30120.0,30723,1.0,0.0,1.0,0.0,4.9,0.0,4.9,0.0
30146.0,30364,3.0,0.0,2.0,1.0,29.700000000000003,0.0,19.8,9.9
30152.0,30010,1.0,0.0,0.0,1.0,5.9,0.0,0.0,5.9
30152.0,30522,1.0,0.0,0.0,1.0,16.9,0.0,0.0,16.9
30152.0,30531,1.0,1.0,0.0,0.0,29.9,29.9,0.0,0.0
30170.0,30320,5.0,1.0,0.0,4.0,46.8,6.6,0.0,40.199999999999996
30170.0,30321,11.0,2.0,4.0,5.0,119.3,21.0,40.8,57.5
30170.0,30323,5.0,0.0,2.0,3.0,59.5,0.0,23.8,35.7
30170.0,30421,2.0,1.0,1.0,0.0,21.9,9.9,12.0,0.0
30170.0,30447,1.0,0.0,0.0,1.0,5.8,0.0,0.0,5.8
30170.0,30500,3.0,1.0,1.0,1.0,141.8,39.9,62.0,39.9
30170.0,30503,1.0,1.0,0.0,0.0,42.9,42.9,0.0,0.0
30170.0,30510,3.0,1.0,2.0,0.0,27.700000000000003,7.9,19.8,0.0
30170.0,30511,1.0,0.0,1.0,0.0,14.9,0.0,14.9,0.0
30170.0,30512,2.0,0.0,1.0,1.0,13.600000000000001,0.0,10.9,2.7
30170.0,30514,4.0,2.0,2.0,0.0,22.400000000000002,9.7,12.7,0.0
30170.0,30515,1.0,0.0,0.0,1.0,4.2,0.0,0.0,4.2
30170.0,30541,1.0,1.0,0.0,0.0,13.9,13.9,0.0,0.0
30172.0,30124,2.0,2.0,0.0,0.0,44.0,44.0,0.0,0.0
30186.0,30332,1.0,1.0,0.0,0.0,45.9,45.9,0.0,0.0
30186.0,30334,1.0,0.0,1.0,0.0,19.9,0.0,19.9,0.0
30192.0,30335,1.0,0.0,1.0,0.0,19.5,0.0,19.5,0.0
30192.0,30534,1.0,0.0,0.0,1.0,8.9,0.0,0.0,8.9
30192.0,30634,1.0,1.0,0.0,0.0,5.0,5.0,0.0,0.0
30192.0,30800,1.0,1.0,0.0,0.0,9.5,9.5,0.0,0.0
30192.0,30832,1.0,1.0,0.0,0.0,11.0,11.0,0.0,0.0
30198.0,30446,3.0,0.0,3.0,0.0,29.700000000000003,0.0,29.700000000000003,0.0
30204.0,30161,2.0,2.0,0.0,0.0,11.100000000000001,11.100000000000001,0.0,0.0
30216.0,30161,1.0,0.0,1.0,0.0,6.9,0.0,6.9,0.0
30216.0,30162,1.0,1.0,0.0,0.0,35.0,35.0,0.0,0.0
30216.0,30167,1.0,0.0,1.0,0.0,23.0,0.0,23.0,0.0
30216.0,30335,1.0,0.0,0.0,1.0,19.9,0.0,0.0,19.9
30216.0,30348,2.0,0.0,2.0,0.0,39.8,0.0,39.8,0.0
30216.0,30351,1.0,0.0,0.0,1.0,13.9,0.0,0.0,13.9
30235.0,30710,1.0,0.0,1.0,0.0,6.8,0.0,6.8,0.0
30248.0,30380,529.0,184.0,157.0,188.0,121.80000000000005,41.699999999999896,35.799999999999955,44.300000000000104
30250.0,30175,3.0,0.0,2.0,1.0,32.0,0.0,20.0,12.0
30250.0,30335,1.0,0.0,1.0,0.0,99.9,0.0,99.9,0.0
30252.0,30011,1.0,0.0,0.0,1.0,49.9,0.0,0.0,49.9
30253.0,30447,1.0,1.0,0.0,0.0,5.5,5.5,0.0,0.0
30253.0,30822,2.0,1.0,1.0,0.0,27.8,13.9,13.9,0.0
30253.0,30825,1.0,0.0,0.0,1.0,19.8,0.0,0.0,19.8
30256.0,30330,1.0,1.0,0.0,0.0,8.9,8.9,0.0,0.0
30256.0,30338,1.0,0.0,0.0,1.0,14.0,0.0,0.0,14.0
30258.0,30504,2.0,1.0,1.0,0.0,27.6,13.8,13.8,0.0
30262.0,30010,4.0,2.0,0.0,2.0,17.6,9.8,0.0,7.8
30262.0,30612,1.0,0.0,1.0,0.0,35.0,0.0,35.0,0.0
30262.0,30710,2.0,1.0,1.0,0.0,9.5,4.9,4.6,0.0
30288.0,30365,1.0,1.0,0.0,0.0,32.9,32.9,0.0,0.0
30293.0,30503,1.0,0.0,1.0,0.0,18.8,0.0,18.8,0.0
30310.0,30448,3.0,1.0,0.0,2.0,23.700000000000003,7.9,0.0,15.8
30310.0,30507,1.0,1.0,0.0,0.0,9.9,9.9,0.0,0.0
30322.0,30360,1.0,1.0,0.0,0.0,79.0,79.0,0.0,0.0
30337.0,30803,1.0,0.0,1.0,0.0,13.9,0.0,13.9,0.0
30340.0,30515,1.0,0.0,0.0,1.0,7.0,0.0,0.0,7.0
30352.0,30448,1.0,0.0,1.0,0.0,10.9,0.0,10.9,0.0
30352.0,30541,1.0,1.0,0.0,0.0,12.9,12.9,0.0,0.0
30355.0,30168,2.0,1.0,1.0,0.0,59.8,29.9,29.9,0.0
30355.0,30336,1.0,0.0,1.0,0.0,9.9,0.0,9.9,0.0
30355.0,30338,1.0,0.0,1.0,0.0,29.9,0.0,29.9,0.0
30355.0,30346,1.0,1.0,0.0,0.0,29.9,29.9,0.0,0.0
30355.0,30351,1.0,0.0,1.0,0.0,12.9,0.0,12.9,0.0
30358.0,30133,2.0,0.0,0.0,2.0,23.8,0.0,0.0,23.8
30559.0,30822,1.0,1.0,0.0,0.0,19.9,19.9,0.0,0.0
30561.0,30804,1.0,0.0,1.0,0.0,16.8,0.0,16.8,0.0
30721.0,30304,1.0,0.0,0.0,1.0,12.9,0.0,0.0,12.9
30727.0,30530,2.0,1.0,1.0,0.0,13.8,6.9,6.9,0.0
30727.0,30600,1.0,0.0,1.0,0.0,25.9,0.0,25.9,0.0
30727.0,30604,1.0,0.0,1.0,0.0,29.9,0.0,29.9,0.0
30727.0,30611,1.0,0.0,1.0,0.0,129.0,0.0,129.0,0.0
30727.0,30634,4.0,2.0,2.0,0.0,27.6,15.8,11.8,0.0
30730.0,30512,1.0,1.0,0.0,0.0,11.9,11.9,0.0,0.0
30730.0,30821,2.0,1.0,0.0,1.0,13.9,8.0,0.0,5.9
30734.0,30448,2.0,0.0,1.0,1.0,37.8,0.0,18.9,18.9
30742.0,30600,1.0,0.0,0.0,1.0,16.9,0.0,0.0,16.9
30746.0,30350,3.0,3.0,0.0,0.0,93.5,93.5,0.0,0.0
30750.0,30448,1.0,0.0,1.0,0.0,6.9,0.0,6.9,0.0
30750.0,30821,1.0,0.0,1.0,0.0,6.9,0.0,6.9,0.0
30761.0,30335,1.0,1.0,0.0,0.0,99.9,99.9,0.0,0.0
30778.0,30171,1.0,0.0,0.0,1.0,5.9,0.0,0.0,5.9
30791.0,32043,1.0,0.0,0.0,1.0,29.0,0.0,0.0,29.0
30793.0,30102,1.0,0.0,1.0,0.0,31.9,0.0,31.9,0.0
30793.0,30103,1.0,0.0,1.0,0.0,12.9,0.0,12.9,0.0
30798.0,30330,1.0,0.0,1.0,0.0,4.9,0.0,4.9,0.0
30798.0,30338,1.0,0.0,0.0,1.0,12.9,0.0,0.0,12.9
30798.0,30348,1.0,0.0,0.0,1.0,7.9,0.0,0.0,7.9
30798.0,30350,1.0,1.0,0.0,0.0,44.9,44.9,0.0,0.0
30798.0,30356,1.0,0.0,0.0,1.0,22.9,0.0,0.0,22.9
30798.0,30365,2.0,0.0,0.0,2.0,15.8,0.0,0.0,15.8
30804.0,30020,2.0,0.0,0.0,2.0,49.8,0.0,0.0,49.8
30806.0,30332,2.0,2.0,0.0,0.0,39.6,39.6,0.0,0.0
30811.0,30030,1.0,0.0,1.0,0.0,29.9,0.0,29.9,0.0
30812.0,30165,1.0,0.0,1.0,0.0,10.9,0.0,10.9,0.0
30812.0,30166,3.0,0.0,3.0,0.0,41.7,0.0,41.7,0.0
30817.0,30810,1.0,0.0,0.0,1.0,33.9,0.0,0.0,33.9
30818.0,30164,1.0,1.0,0.0,0.0,9.7,9.7,0.0,0.0
30819.0,30821,1.0,0.0,0.0,1.0,8.9,0.0,0.0,8.9
30823.0,30000,6.0,6.0,0.0,0.0,35.4,35.4,0.0,0.0
30831.0,30167,1.0,0.0,1.0,0.0,8.5,0.0,8.5,0.0
30832.0,30512,1.0,0.0,0.0,1.0,15.9,0.0,0.0,15.9
30833.0,30000,4.0,0.0,2.0,2.0,39.6,0.0,19.8,19.8
30833.0,30141,3.0,0.0,1.0,2.0,47.7,0.0,15.9,31.8
30833.0,30170,1.0,0.0,1.0,0.0,14.9,0.0,14.9,0.0
30833.0,30300,1.0,1.0,0.0,0.0,29.9,29.9,0.0,0.0
30833.0,30304,4.0,0.0,2.0,2.0,57.6,0.0,31.8,25.8
30833.0,30348,1.0,0.0,0.0,1.0,9.9,0.0,0.0,9.9
30833.0,30451,1.0,0.0,0.0,1.0,24.9,0.0,0.0,24.9
30833.0,30903,1.0,0.0,1.0,0.0,39.9,0.0,39.9,0.0
30835.0,30241,1.0,1.0,0.0,0.0,42.5,42.5,0.0,0.0
31009.0,31015,1.0,1.0,0.0,0.0,9.9,9.9,0.0,0.0
31017.0,31001,2.0,1.0,0.0,1.0,13.2,5.6,0.0,7.6
31017.0,31003,4.0,2.0,0.0,2.0,33.0,15.4,0.0,17.6
31017.0,31004,5.0,0.0,5.0,0.0,6.0,0.0,6.0,0.0
31017.0,31014,1.0,0.0,1.0,0.0,5.9,0.0,5.9,0.0
31017.0,31029,1.0,1.0,0.0,0.0,1.9,1.9,0.0,0.0
31017.0,31042,4.0,1.0,0.0,3.0,8.8,2.2,0.0,6.6000000000000005
31019.0,31021,1.0,0.0,0.0,1.0,4.5,0.0,0.0,4.5
31027.0,31001,1.0,0.0,0.0,1.0,4.9,0.0,0.0,4.9
31027.0,31043,1.0,0.0,0.0,1.0,4.0,0.0,0.0,4.0
31027.0,31115,1.0,1.0,0.0,0.0,9.9,9.9,0.0,0.0
31027.0,31133,2.0,1.0,0.0,1.0,15.4,8.9,0.0,6.5
31027.0,31134,1.0,1.0,0.0,0.0,25.0,25.0,0.0,0.0
31035.0,31101,1.0,1.0,0.0,0.0,8.9,8.9,0.0,0.0
31037.0,31021,1.0,0.0,0.0,1.0,2.9,0.0,0.0,2.9
31039.0,31015,1.0,0.0,1.0,0.0,5.9,0.0,5.9,0.0
31052.0,31045,1.0,1.0,0.0,0.0,9.5,9.5,0.0,0.0
31063.0,31042,1.0,0.0,0.0,1.0,2.9,0.0,0.0,2.9
31070.0,31020,1.0,0.0,1.0,0.0,2.9,0.0,2.9,0.0
31095.0,31002,1.0,0.0,0.0,1.0,10.9,0.0,0.0,10.9
31102.0,31017,1.0,0.0,1.0,0.0,14.9,0.0,14.9,0.0
31104.0,31023,1.0,1.0,0.0,0.0,19.9,19.9,0.0,0.0
31129.0,31003,2.0,0.0,0.0,2.0,56.5,0.0,0.0,56.5
31133.0,31001,2.0,0.0,2.0,0.0,17.8,0.0,17.8,0.0
31165.0,31004,1.0,0.0,0.0,1.0,9.9,0.0,0.0,9.9
31165.0,31011,1.0,0.0,0.0,1.0,50.9,0.0,0.0,50.9
31165.0,31023,1.0,0.0,0.0,1.0,7.9,0.0,0.0,7.9
32006.0,32325,2.0,0.0,1.0,1.0,111.9,0.0,62.0,49.9
32133.0,32416,10.0,3.0,2.0,5.0,174.4,69.6,28.6,76.2
32151.0,32316,1.0,1.0,0.0,0.0,12.0,12.0,0.0,0.0
32188.0,32316,1.0,1.0,0.0,0.0,28.0,28.0,0.0,0.0
32274.0,32403,1.0,1.0,0.0,0.0,8.0,8.0,0.0,0.0
32293.0,32030,4.0,1.0,0.0,3.0,167.1,49.9,0.0,117.19999999999999
32295.0,32214,1.0,0.0,0.0,1.0,58.0,0.0,0.0,58.0
32381.0,32361,1.0,1.0,0.0,0.0,15.0,15.0,0.0,0.0
32381.0,32403,1.0,1.0,0.0,0.0,15.0,15.0,0.0,0.0
32382.0,32403,1.0,0.0,0.0,1.0,12.0,0.0,0.0,12.0
32383.0,32628,3.0,3.0,0.0,0.0,30.0,30.0,0.0,0.0
32994.0,32322,2.0,1.0,0.0,1.0,188.0,94.0,0.0,94.0
33009.0,33060,1.0,1.0,0.0,0.0,12.9,12.9,0.0,0.0
33010.0,33026,0.0,0.0,0.0,0.0,0.0,0.0,0.0,0.0
33017.0,33060,3.0,1.0,1.0,1.0,37.5,12.5,12.5,12.5
33020.0,33053,1.0,1.0,0.0,0.0,129.0,129.0,0.0,0.0
33033.0,33004,1.0,0.0,0.0,1.0,299.0,0.0,0.0,299.0
33033.0,33011,1.0,1.0,0.0,0.0,799.0,799.0,0.0,0.0
33033.0,33016,2.0,0.0,1.0,1.0,358.0,0.0,159.0,199.0
33041.0,33006,1.0,0.0,1.0,0.0,338.0,0.0,338.0,0.0
33046.0,33060,5.0,1.0,3.0,1.0,49.5,9.9,33.7,5.9
33054.0,33060,2.0,0.0,0.0,2.0,27.6,0.0,0.0,27.6
33056.0,33003,1.0,1.0,0.0,0.0,159.0,159.0,0.0,0.0
33064.0,33060,1.0,1.0,0.0,0.0,9.9,9.9,0.0,0.0
33073.0,33026,3.0,0.0,3.0,0.0,84.0,0.0,84.0,0.0
34001.0,34023,1.0,0.0,0.0,1.0,15.0,0.0,0.0,15.0
34001.0,34030,1.0,0.0,1.0,0.0,19.9,0.0,19.9,0.0
34017.0,34225,1.0,1.0,0.0,0.0,29.0,29.0,0.0,0.0
34020.0,34030,1.0,1.0,0.0,0.0,49.0,49.0,0.0,0.0
34039.0,34120,1.0,0.0,0.0,1.0,38.9,0.0,0.0,38.9
34039.0,34121,2.0,1.0,0.0,1.0,82.8,32.9,0.0,49.9
34074.0,34100,1.0,0.0,1.0,0.0,55.9,0.0,55.9,0.0
34074.0,34101,2.0,0.0,2.0,0.0,109.80000000000001,0.0,109.80000000000001,0.0
34076.0,34212,2.0,2.0,0.0,0.0,23.8,23.8,0.0,0.0
34076.0,34513,1.0,0.0,0.0,1.0,23.9,0.0,0.0,23.9
34078.0,34304,2.0,2.0,0.0,0.0,90.0,90.0,0.0,0.0
34079.0,34514,1.0,0.0,0.0,1.0,88.0,0.0,0.0,88.0
34096.0,34617,1.0,0.0,1.0,0.0,9.9,0.0,9.9,0.0
34106.0,34121,1.0,0.0,1.0,0.0,28.9,0.0,28.9,0.0
34111.0,34212,1.0,1.0,0.0,0.0,10.9,10.9,0.0,0.0
34122.0,34200,1.0,0.0,1.0,0.0,19.9,0.0,19.9,0.0
34129.0,34101,1.0,1.0,0.0,0.0,59.9,59.9,0.0,0.0
34129.0,34204,1.0,0.0,0.0,1.0,15.9,0.0,0.0,15.9
34175.0,34240,2.0,0.0,2.0,0.0,15.8,0.0,15.8,0.0
34214.0,34220,7.0,6.0,1.0,0.0,78.3,63.39999999999999,14.9,0.0
34214.0,34222,1.0,1.0,0.0,0.0,8.9,8.9,0.0,0.0
34214.0,34225,18.0,11.0,3.0,4.0,599.1999999999998,391.8999999999999,93.69999999999999,113.6
34214.0,34226,2.0,2.0,0.0,0.0,24.8,24.8,0.0,0.0
34224.0,34101,3.0,1.0,1.0,1.0,175.7,49.9,59.9,65.9
34224.0,34104,3.0,0.0,0.0,3.0,119.69999999999999,0.0,0.0,119.69999999999999
34224.0,34106,1.0,1.0,0.0,0.0,49.9,49.9,0.0,0.0
34224.0,34150,2.0,0.0,2.0,0.0,65.8,0.0,65.8,0.0
34241.0,34212,1.0,0.0,1.0,0.0,12.9,0.0,12.9,0.0
34249.0,34240,1.0,0.0,0.0,1.0,7.9,0.0,0.0,7.9
34249.0,34241,1.0,1.0,0.0,0.0,9.9,9.9,0.0,0.0
34272.0,34213,3.0,0.0,1.0,2.0,44.7,0.0,14.9,29.8
34384.0,34511,1.0,0.0,1.0,0.0,14.9,0.0,14.9,0.0
34746.0,34152,1.0,1.0,0.0,0.0,29.0,29.0,0.0,0.0
34763.0,34204,2.0,0.0,2.0,0.0,25.8,0.0,25.8,0.0
34763.0,34207,1.0,1.0,0.0,0.0,17.9,17.9,0.0,0.0
34763.0,34220,2.0,2.0,0.0,0.0,23.8,23.8,0.0,0.0
34764.0,34203,1.0,1.0,0.0,0.0,17.9,17.9,0.0,0.0
34764.0,34241,1.0,1.0,0.0,0.0,9.9,9.9,0.0,0.0
34800.0,30011,3.0,0.0,2.0,1.0,81.69999999999999,0.0,51.8,29.9
34810.0,34356,1.0,0.0,0.0,1.0,89.0,0.0,0.0,89.0
34832.0,34101,1.0,1.0,0.0,0.0,55.9,55.9,0.0,0.0
34832.0,34121,1.0,0.0,1.0,0.0,42.9,0.0,42.9,0.0
34833.0,34513,1.0,1.0,0.0,0.0,39.9,39.9,0.0,0.0
34845.0,34210,1.0,1.0,0.0,0.0,29.9,29.9,0.0,0.0
34846.0,34220,2.0,0.0,2.0,0.0,29.8,0.0,29.8,0.0
34856.0,34020,1.0,1.0,0.0,0.0,24.9,24.9,0.0,0.0
34856.0,34023,2.0,0.0,2.0,0.0,19.8,0.0,19.8,0.0
