b,b_count_all,b_count_2,b_count_3,b_count_4,b_amount_all,b_amount_2,b_amount_3,b_amount_4
10003.0,3.0,1.0,1.0,1.0,20.5,3.5,5.0,12.0
10005.0,1.0,0.0,1.0,0.0,11.0,0.0,11.0,0.0
10007.0,27.0,10.0,8.0,9.0,98.69999999999999,34.8,34.3,29.599999999999998
10012.0,6.0,5.0,0.0,1.0,268.0,230.0,0.0,38.0
10015.0,6.0,0.0,5.0,1.0,25.0,0.0,21.5,3.5
10029.0,4.0,0.0,0.0,4.0,16.2,0.0,0.0,16.2
10033.0,24.0,0.0,11.0,13.0,144.0,0.0,66.0,78.0
10036.0,1.0,1.0,0.0,0.0,10.0,10.0,0.0,0.0
10038.0,1.0,1.0,0.0,0.0,16.2,16.2,0.0,0.0
10045.0,22.0,9.0,3.0,10.0,191.10000000000005,57.5,35.6,98.00000000000001
10053.0,9.0,1.0,1.0,7.0,26.099999999999994,2.9,2.9,20.299999999999997
10054.0,1.0,0.0,1.0,0.0,158.0,0.0,158.0,0.0
10060.0,73.0,25.0,32.0,16.0,214.6600000000001,84.27999999999999,85.17999999999998,45.199999999999996
10062.0,32.0,9.0,13.0,10.0,148.2,47.0,48.6,52.600000000000016
10063.0,4.0,1.0,3.0,0.0,9.8,2.7,7.1000000000000005,0.0
10064.0,17.0,5.0,8.0,4.0,48.400000000000006,13.5,22.3,12.600000000000001
10068.0,66.0,41.0,7.0,18.0,184.29999999999995,114.39999999999998,24.0,45.90000000000001
10069.0,17.0,5.0,10.0,2.0,68.0,18.599999999999998,42.0,7.4
10078.0,1.0,1.0,0.0,0.0,32.8,32.8,0.0,0.0
10080.0,26.0,11.0,9.0,6.0,90.60000000000001,37.699999999999996,30.999999999999993,21.9
10082.0,17.0,0.0,5.0,12.0,146.2,0.0,43.0,103.2
10084.0,1.0,0.0,0.0,1.0,11.0,0.0,0.0,11.0
10086.0,86.0,15.0,35.0,36.0,363.7000000000001,70.8,161.10000000000002,131.8
10091.0,55.0,35.0,12.0,8.0,335.5,226.5,60.0,49.0
10094.0,13.0,3.0,6.0,4.0,63.29000000000001,8.7,31.79,22.8
10097.0,2.0,0.0,0.0,2.0,21.700000000000003,0.0,0.0,21.700000000000003
10098.0,1.0,0.0,0.0,1.0,79.9,0.0,0.0,79.9
10104.0,10.0,10.0,0.0,0.0,220.0,220.0,0.0,0.0
10106.0,67.0,8.0,45.0,14.0,290.90000000000003,37.4,192.39999999999998,61.1
10107.0,31.0,10.0,7.0,14.0,82.69999999999999,19.5,15.3,47.9
10109.0,4.0,0.0,0.0,4.0,16.4,0.0,0.0,16.4
10119.0,1.0,0.0,0.0,1.0,8.0,0.0,0.0,8.0
10120.0,3.0,3.0,0.0,0.0,8.2,8.2,0.0,0.0
10123.0,2.0,2.0,0.0,0.0,7.38,7.38,0.0,0.0
10124.0,16.0,13.0,1.0,2.0,62.49999999999999,42.8,2.8,16.9
10125.0,11.0,1.0,0.0,10.0,19.7,3.0,0.0,16.7
10127.0,23.0,14.0,9.0,0.0,48.0,28.0,20.0,0.0
10128.0,12.0,4.0,8.0,0.0,48.0,16.0,32.0,0.0
10129.0,2.0,2.0,0.0,0.0,3.0,3.0,0.0,0.0
10130.0,2.0,2.0,0.0,0.0,46.0,46.0,0.0,0.0
10148.0,70.0,18.0,52.0,0.0,70.0,18.0,52.0,0.0
10154.0,2.0,1.0,1.0,0.0,7.8,3.9,3.9,0.0
10161.0,8.0,4.0,4.0,0.0,32.3,22.0,10.3,0.0
10163.0,11.0,6.0,2.0,3.0,35.9,19.299999999999997,8.5,8.100000000000001
10164.0,6.0,0.0,0.0,6.0,27.2,0.0,0.0,27.2
10194.0,3.0,1.0,0.0,2.0,27.6,6.8,0.0,20.8
10198.0,4.0,0.0,2.0,2.0,15.6,0.0,7.6,8.0
10199.0,34.0,2.0,3.0,29.0,62.89999999999999,3.6,7.1,52.19999999999999
10211.0,28.0,13.0,12.0,3.0,112.61000000000001,55.470000000000006,45.65,11.49
10608.0,11.0,2.0,0.0,9.0,38.53000000000001,9.8,0.0,28.729999999999997
10614.0,10.0,10.0,0.0,0.0,45.0,45.0,0.0,0.0
10616.0,1.0,0.0,1.0,0.0,13.0,0.0,13.0,0.0
10619.0,4.0,0.0,0.0,4.0,31.6,0.0,0.0,31.6
10624.0,4.0,2.0,2.0,0.0,41.2,23.6,17.6,0.0
10632.0,10.0,2.0,4.0,4.0,124.0,19.0,50.0,55.0
10652.0,31.0,0.0,2.0,29.0,67.0,0.0,6.0,61.0
10656.0,4.0,0.0,0.0,4.0,13.2,0.0,0.0,13.2
10657.0,1.0,0.0,1.0,0.0,3.8,0.0,3.8,0.0
10659.0,21.0,11.0,5.0,5.0,63.8,33.8,15.0,15.0
10679.0,4.0,2.0,0.0,2.0,35.6,19.8,0.0,15.8
10681.0,2.0,0.0,0.0,2.0,15.8,0.0,0.0,15.8
10684.0,17.0,0.0,17.0,0.0,17.0,0.0,17.0,0.0
10691.0,1.0,1.0,0.0,0.0,5.5,5.5,0.0,0.0
10694.0,1.0,1.0,0.0,0.0,9.9,9.9,0.0,0.0
10697.0,1.0,0.0,1.0,0.0,5.0,0.0,5.0,0.0
10702.0,8.0,4.0,4.0,0.0,32.0,16.0,16.0,0.0
10703.0,2.0,1.0,1.0,0.0,11.0,5.5,5.5,0.0
10706.0,110.0,24.0,39.0,47.0,1265.9999999999984,271.80000000000007,402.4,591.8
10710.0,3.0,2.0,1.0,0.0,17.4,11.6,5.8,0.0
10713.0,1.0,0.0,1.0,0.0,48.0,0.0,48.0,0.0
10714.0,3.0,0.0,3.0,0.0,45.0,0.0,45.0,0.0
10715.0,1.0,0.0,1.0,0.0,25.5,0.0,25.5,0.0
10719.0,2.0,0.0,1.0,1.0,17.8,0.0,12.8,5.0
10721.0,6.0,0.0,0.0,6.0,1110.0,0.0,0.0,1110.0
10722.0,1.0,0.0,0.0,1.0,28.0,0.0,0.0,28.0
10724.0,5.0,4.0,1.0,0.0,36.99,29.39,7.6,0.0
10727.0,2.0,1.0,0.0,1.0,9.5,4.5,0.0,5.0
10729.0,6.0,3.0,1.0,2.0,39.0,19.5,6.5,13.0
10730.0,3.0,0.0,3.0,0.0,14.3,0.0,14.3,0.0
10731.0,3.0,2.0,1.0,0.0,8.0,5.0,3.0,0.0
10741.0,1.0,0.0,0.0,1.0,5.8,0.0,0.0,5.8
11003.0,2.0,0.0,0.0,2.0,41.0,0.0,0.0,41.0
11006.0,1.0,1.0,0.0,0.0,8.8,8.8,0.0,0.0
11008.0,2.0,2.0,0.0,0.0,69.0,69.0,0.0,0.0
11026.0,14.0,2.0,2.0,10.0,529.4,39.9,31.799999999999997,457.7
11027.0,1.0,0.0,0.0,1.0,32.0,0.0,0.0,32.0
11032.0,3.0,2.0,1.0,0.0,14.700000000000001,9.8,4.9,0.0
11036.0,2.0,1.0,1.0,0.0,37.8,4.9,32.9,0.0
11046.0,1.0,0.0,1.0,0.0,9.8,0.0,9.8,0.0
11048.0,9.0,0.0,2.0,7.0,100.20000000000002,0.0,17.7,82.5
11049.0,13.0,9.0,1.0,3.0,118.67999999999999,91.0,6.9,20.78
11051.0,3.0,1.0,2.0,0.0,45.2,21.8,23.4,0.0
11055.0,2.0,0.0,1.0,1.0,304.0,0.0,152.0,152.0
11057.0,3.0,0.0,2.0,1.0,34.0,0.0,17.8,16.2
11067.0,1.0,1.0,0.0,0.0,118.0,118.0,0.0,0.0
11072.0,1.0,1.0,0.0,0.0,17.9,17.9,0.0,0.0
11079.0,13.0,2.0,4.0,7.0,125.80000000000003,13.600000000000001,40.3,71.89999999999999
11092.0,1.0,0.0,1.0,0.0,16.9,0.0,16.9,0.0
11093.0,5.0,0.0,4.0,1.0,103.5,0.0,87.6,15.9
11094.0,5.0,1.0,3.0,1.0,52.6,14.9,30.200000000000003,7.5
11097.0,3.0,1.0,0.0,2.0,66.0,18.9,0.0,47.099999999999994
11098.0,1.0,1.0,0.0,0.0,15.5,15.5,0.0,0.0
11100.0,3.0,0.0,0.0,3.0,44.2,0.0,0.0,44.2
11106.0,7.0,1.0,3.0,3.0,154.3,19.8,65.4,69.1
11112.0,1.0,1.0,0.0,0.0,44.9,44.9,0.0,0.0
11114.0,12.0,4.0,6.0,2.0,173.60000000000002,41.6,108.3,23.700000000000003
11116.0,4.0,1.0,0.0,3.0,137.5,25.0,0.0,112.5
11119.0,2.0,1.0,1.0,0.0,54.4,19.5,34.9,0.0
11123.0,8.0,4.0,1.0,3.0,83.5,41.3,9.9,32.3
11126.0,1.0,0.0,0.0,1.0,26.5,0.0,0.0,26.5
11128.0,2.0,1.0,0.0,1.0,21.4,8.5,0.0,12.9
11129.0,26.0,5.0,7.0,14.0,275.3,67.2,72.89999999999999,135.2
11131.0,1.0,0.0,1.0,0.0,10.9,0.0,10.9,0.0
11132.0,1.0,0.0,0.0,1.0,7.5,0.0,0.0,7.5
11133.0,2.0,0.0,1.0,1.0,13.0,0.0,6.5,6.5
11139.0,5.0,0.0,0.0,5.0,24.0,0.0,0.0,24.0
11144.0,2.0,1.0,0.0,1.0,138.0,69.0,0.0,69.0
11145.0,2.0,0.0,2.0,0.0,19.1,0.0,19.1,0.0
11146.0,1.0,0.0,1.0,0.0,38.0,0.0,38.0,0.0
11148.0,3.0,0.0,2.0,1.0,64.5,0.0,58.9,5.6
11149.0,2.0,2.0,0.0,0.0,9.4,9.4,0.0,0.0
11150.0,6.0,0.0,0.0,6.0,60.3,0.0,0.0,60.3
11152.0,2.0,1.0,0.0,1.0,66.0,27.0,0.0,39.0
11154.0,11.0,4.0,5.0,2.0,92.1,46.8,38.3,7.0
11156.0,4.0,1.0,2.0,1.0,4.6,1.3,2.0,1.3
11159.0,17.0,4.0,9.0,4.0,185.20000000000002,42.0,104.3,38.900000000000006
11165.0,1.0,0.0,0.0,1.0,19.9,0.0,0.0,19.9
11204.0,6.0,3.0,0.0,3.0,116.8,65.4,0.0,51.400000000000006
11210.0,3.0,0.0,0.0,3.0,83.4,0.0,0.0,83.4
11213.0,1.0,0.0,0.0,1.0,6.9,0.0,0.0,6.9
11217.0,2.0,1.0,1.0,0.0,7.6,3.8,3.8,0.0
11219.0,5.0,3.0,0.0,2.0,44.3,36.5,0.0,7.8
11220.0,1.0,0.0,1.0,0.0,20.9,0.0,20.9,0.0
11221.0,4.0,1.0,1.0,2.0,100.5,18.8,12.9,68.8
11223.0,1.0,1.0,0.0,0.0,30.5,30.5,0.0,0.0
11224.0,4.0,0.0,0.0,4.0,126.8,0.0,0.0,126.8
11225.0,1.0,0.0,0.0,1.0,49.0,0.0,0.0,49.0
11227.0,3.0,0.0,0.0,3.0,3.0,0.0,0.0,3.0
11229.0,1.0,1.0,0.0,0.0,3.3,3.3,0.0,0.0
11241.0,1.0,1.0,0.0,0.0,13.6,13.6,0.0,0.0
11258.0,5.0,0.0,1.0,4.0,15.600000000000001,0.0,3.2,12.400000000000002
11281.0,1.0,1.0,0.0,0.0,89.9,89.9,0.0,0.0
11284.0,1.0,0.0,1.0,0.0,9.2,0.0,9.2,0.0
11287.0,1.0,0.0,1.0,0.0,29.9,0.0,29.9,0.0
11288.0,5.0,1.0,1.0,3.0,54.2,9.9,9.9,34.400000000000006
11291.0,3.0,2.0,0.0,1.0,36.7,23.8,0.0,12.9
11293.0,1.0,0.0,0.0,1.0,29.9,0.0,0.0,29.9
11305.0,1.0,1.0,0.0,0.0,13.8,13.8,0.0,0.0
11306.0,1.0,1.0,0.0,0.0,24.5,24.5,0.0,0.0
11310.0,1.0,0.0,0.0,1.0,15.0,0.0,0.0,15.0
11311.0,1.0,0.0,1.0,0.0,29.8,0.0,29.8,0.0
11317.0,2.0,0.0,2.0,0.0,74.0,0.0,74.0,0.0
11322.0,1.0,0.0,0.0,1.0,28.9,0.0,0.0,28.9
11324.0,1.0,0.0,0.0,1.0,12.0,0.0,0.0,12.0
11327.0,4.0,1.0,0.0,3.0,48.699999999999996,19.0,0.0,29.700000000000003
11334.0,1.0,0.0,1.0,0.0,22.9,0.0,22.9,0.0
11338.0,1.0,0.0,1.0,0.0,14.5,0.0,14.5,0.0
11344.0,2.0,0.0,0.0,2.0,28.9,0.0,0.0,28.9
11345.0,3.0,0.0,0.0,3.0,73.6,0.0,0.0,73.6
11346.0,1.0,0.0,0.0,1.0,63.8,0.0,0.0,63.8
11360.0,1.0,1.0,0.0,0.0,79.0,79.0,0.0,0.0
11374.0,1.0,0.0,0.0,1.0,118.0,0.0,0.0,118.0
11375.0,2.0,1.0,1.0,0.0,34.7,19.9,14.8,0.0
11378.0,1.0,0.0,1.0,0.0,36.9,0.0,36.9,0.0
11379.0,2.0,1.0,0.0,1.0,23.700000000000003,13.8,0.0,9.9
11384.0,3.0,2.0,0.0,1.0,117.1,97.6,0.0,19.5
11385.0,27.0,3.0,3.0,21.0,414.69999999999993,30.6,46.099999999999994,338.0
11386.0,1.0,0.0,0.0,1.0,13.9,0.0,0.0,13.9
11388.0,2.0,1.0,1.0,0.0,14.8,9.9,4.9,0.0
11390.0,2.0,0.0,1.0,1.0,153.8,0.0,76.9,76.9
14001.0,3.0,2.0,0.0,1.0,6.0,4.0,0.0,2.0
14005.0,3.0,0.0,1.0,2.0,19.7,0.0,3.5,16.2
14008.0,31.0,22.0,8.0,1.0,52.0,34.4,16.1,1.5
14010.0,2.0,0.0,1.0,1.0,9.6,0.0,4.6,5.0
14013.0,3.0,1.0,1.0,1.0,67.5,23.8,23.8,19.9
14016.0,4.0,1.0,2.0,1.0,69.9,12.0,38.6,19.3
14018.0,1.0,0.0,0.0,1.0,2.5,0.0,0.0,2.5
14020.0,6.0,3.0,1.0,2.0,38.5,14.0,17.3,7.2
14022.0,2.0,2.0,0.0,0.0,21.6,21.6,0.0,0.0
14024.0,9.0,2.0,4.0,3.0,77.19999999999999,24.4,34.8,18.0
14026.0,1.0,0.0,1.0,0.0,15.8,0.0,15.8,0.0
14031.0,5.0,2.0,3.0,0.0,48.400000000000006,18.2,30.2,0.0
14032.0,15.0,5.0,2.0,8.0,144.10000000000002,45.99999999999999,21.8,76.29999999999998
14033.0,8.0,2.0,4.0,2.0,42.199999999999996,9.4,20.4,12.4
14035.0,14.0,5.0,2.0,7.0,144.19000000000003,51.1,21.700000000000003,71.38999999999999
14036.0,2.0,1.0,0.0,1.0,8.6,4.3,0.0,4.3
14039.0,2.0,0.0,1.0,1.0,16.0,0.0,8.0,8.0
14041.0,15.0,0.0,1.0,14.0,139.7,0.0,10.5,129.2
14043.0,4.0,3.0,0.0,1.0,37.8,27.3,0.0,10.5
14044.0,15.0,4.0,4.0,7.0,109.20000000000003,26.5,26.400000000000002,56.3
14049.0,1.0,0.0,0.0,1.0,9.8,0.0,0.0,9.8
14051.0,17.17,10.17,3.0,4.0,364.52000000000004,187.12,25.6,151.8
14064.0,4.0,3.0,0.0,1.0,44.0,33.0,0.0,11.0
14065.0,3.0,3.0,0.0,0.0,117.0,117.0,0.0,0.0
14067.0,6.0,2.0,1.0,3.0,372.90000000000003,118.4,9.8,244.7
14069.0,4.0,0.0,0.0,4.0,42.199999999999996,0.0,0.0,42.199999999999996
14070.0,1.0,1.0,0.0,0.0,17.9,17.9,0.0,0.0
14071.0,8.0,3.0,2.0,3.0,49.599999999999994,18.9,12.6,18.1
14079.0,20.0,6.0,8.0,6.0,191.9,55.3,76.2,60.4
14080.0,4.0,0.0,4.0,0.0,50.0,0.0,50.0,0.0
14082.0,21.0,9.0,9.0,3.0,116.3,51.9,48.9,15.5
14084.0,1.0,1.0,0.0,0.0,36.8,36.8,0.0,0.0
14088.0,7.0,1.0,2.0,4.0,52.7,6.9,13.4,32.4
14097.0,3.0,1.0,0.0,2.0,9.0,3.0,0.0,6.0
14098.0,54.0,20.0,23.0,11.0,476.95999999999987,152.66000000000003,226.00000000000003,98.3
14100.0,1.0,1.0,0.0,0.0,4.9,4.9,0.0,0.0
14102.0,7.0,4.0,3.0,0.0,59.7,34.1,25.6,0.0
14104.0,3.0,3.0,0.0,0.0,30.9,30.9,0.0,0.0
14108.0,1.0,1.0,0.0,0.0,23.8,23.8,0.0,0.0
14110.0,12.0,8.0,0.0,4.0,112.29999999999998,66.1,0.0,46.199999999999996
14112.0,8.0,4.0,0.0,4.0,102.95000000000002,45.15,0.0,57.8
14116.0,4.0,0.0,1.0,3.0,31.200000000000003,0.0,10.8,20.4
14117.0,2.0,1.0,0.0,1.0,9.0,4.5,0.0,4.5
14118.0,2.0,1.0,0.0,1.0,7.8,3.9,0.0,3.9
14119.0,3.0,1.0,1.0,1.0,20.5,6.5,7.5,6.5
14121.0,6.0,2.0,2.0,2.0,627.3,188.8,202.70000000000002,235.8
14123.0,6.0,0.0,4.0,2.0,22.8,0.0,15.2,7.6
14126.0,8.0,3.0,2.0,3.0,32.5,7.5,14.3,10.7
14145.0,9.0,6.0,1.0,2.0,96.5,64.6,8.2,23.7
14146.0,7.0,1.0,1.0,5.0,27.299999999999997,3.9,3.9,19.5
14148.0,2.0,0.0,0.0,2.0,11.0,0.0,0.0,11.0
14149.0,2.0,0.0,1.0,1.0,19.8,0.0,9.9,9.9
14151.0,5.0,2.0,3.0,0.0,19.3,7.8,11.5,0.0
14152.0,7.0,2.0,1.0,4.0,62.5,28.0,3.0,31.5
14156.0,1.0,0.0,1.0,0.0,10.8,0.0,10.8,0.0
14157.0,1.0,0.0,1.0,0.0,3.99,0.0,3.99,0.0
14158.0,2.0,0.0,1.0,1.0,130.6,0.0,58.8,71.8
14159.0,1.0,0.0,0.0,1.0,6.6,0.0,0.0,6.6
14160.0,39.0,11.0,11.0,17.0,902.6699999999995,189.8,363.79999999999995,349.07000000000005
14162.0,5.0,0.0,5.0,0.0,25.400000000000002,0.0,25.400000000000002,0.0
14167.0,5.0,1.0,2.0,2.0,65.9,16.8,16.5,32.6
14168.0,24.0,5.0,10.0,9.0,253.20000000000005,58.3,101.60000000000001,93.3
14173.0,22.0,6.0,9.0,7.0,208.3,67.19999999999999,93.30000000000001,47.8
14174.0,3.0,2.0,0.0,1.0,624.0,436.0,0.0,188.0
14177.0,63.0,28.0,17.0,18.0,525.4000000000001,222.10000000000002,129.8,173.5
14178.0,1.0,0.0,1.0,0.0,10.2,0.0,10.2,0.0
14179.0,2.0,0.0,1.0,1.0,11.0,0.0,5.5,5.5
14186.0,2.0,0.0,1.0,1.0,24.8,0.0,15.9,8.9
14189.0,10.0,5.0,2.0,3.0,69.5,35.5,16.3,17.7
14191.0,12.0,3.0,2.0,7.0,134.0,30.400000000000002,18.6,84.99999999999999
14196.0,67.0,19.0,23.0,25.0,365.90000000000003,99.29999999999998,131.89999999999998,134.7
14197.0,8.0,0.0,4.0,4.0,59.58,0.0,23.0,36.580000000000005
14198.0,2.0,1.0,1.0,0.0,19.4,13.6,5.8,0.0
14200.0,10.0,8.0,0.0,2.0,101.3,79.7,0.0,21.6
14203.0,3.0,0.0,1.0,2.0,20.4,0.0,6.8,13.6
14208.0,17.0,8.0,2.0,7.0,122.60000000000004,56.5,9.8,56.3
14210.0,1.0,1.0,0.0,0.0,6.8,6.8,0.0,0.0
14213.0,26.0,11.0,5.0,10.0,74.39999999999999,33.0,15.0,26.400000000000002
14218.0,2.0,2.0,0.0,0.0,9.0,9.0,0.0,0.0
14224.0,7.0,4.0,1.0,2.0,91.8,52.599999999999994,12.2,27.0
14225.0,22.0,6.0,8.0,8.0,110.5,19.2,48.6,42.7
14229.0,3.0,0.0,0.0,3.0,34.2,0.0,0.0,34.2
14230.0,0.46,0.46,0.0,0.0,11.78,11.78,0.0,0.0
14231.0,11.0,3.0,3.0,5.0,110.5,30.700000000000003,24.9,54.9
14233.0,3.0,1.0,1.0,1.0,16.2,6.0,6.0,4.2
14236.0,9.0,5.0,0.0,4.0,100.60000000000001,40.400000000000006,0.0,60.2
14238.0,1.0,1.0,0.0,0.0,31.6,31.6,0.0,0.0
14240.0,0.11800000000000001,0.0,0.11800000000000001,0.0,28.08,0.0,28.08,0.0
14241.0,4.0,1.0,0.0,3.0,113.8,35.0,0.0,78.8
14245.0,10.0,2.0,1.0,7.0,54.09999999999999,13.399999999999999,3.9,36.8
14246.0,3.0,0.0,1.0,2.0,26.799999999999997,0.0,6.0,20.8
14247.0,0.9540000000000001,0.9540000000000001,0.0,0.0,37.78,37.78,0.0,0.0
14249.0,3.0,1.0,1.0,1.0,27.0,14.0,6.5,6.5
14251.0,6.0,4.0,1.0,1.0,59.8,36.4,12.5,10.9
14258.0,16.0,4.0,7.0,5.0,113.80000000000001,14.200000000000001,56.099999999999994,43.5
14261.0,5.0,2.0,0.0,3.0,47.2,14.2,0.0,33.0
14262.0,1.0,1.0,0.0,0.0,18.9,18.9,0.0,0.0
14265.0,33.0,12.0,12.0,9.0,124.4,51.599999999999994,40.6,32.2
14267.0,12.0,4.0,4.0,4.0,131.1,44.400000000000006,42.2,44.5
14268.0,31.0,11.0,8.0,12.0,672.5999999999997,219.10000000000002,104.00000000000001,349.50000000000006
14281.0,43.0,16.0,11.0,16.0,194.9000000000001,71.6,52.099999999999994,71.19999999999999
14288.0,8.0,2.0,2.0,4.0,159.8,33.4,46.5,79.9
14293.0,3.0,1.0,1.0,1.0,40.9,7.9,16.5,16.5
14301.0,13.0,4.0,4.0,5.0,80.7,15.2,26.0,39.5
14305.0,1.0,0.0,1.0,0.0,10.7,0.0,10.7,0.0
14306.0,5.0,2.0,1.0,2.0,112.4,60.2,38.8,13.4
14307.0,3.0,1.0,0.0,2.0,50.400000000000006,16.8,0.0,33.6
14313.0,26.0,8.0,7.0,11.0,184.0,66.0,50.0,68.0
14314.0,1.0,1.0,0.0,0.0,4.0,4.0,0.0,0.0
14318.0,3.0,1.0,1.0,1.0,10.5,3.5,3.5,3.5
14319.0,30.0,11.0,6.0,13.0,170.40000000000003,68.4,37.599999999999994,64.39999999999999
14321.0,1.0,1.0,0.0,0.0,4.5,4.5,0.0,0.0
14322.0,56.562,17.762,19.0,19.8,352.03000000000003,145.09,104.6,102.34000000000002
14329.0,1.0,0.0,1.0,0.0,9.0,0.0,9.0,0.0
14330.0,32.0,12.0,9.0,11.0,239.90000000000003,89.70000000000002,70.9,79.29999999999998
14331.0,4.0,2.0,0.0,2.0,17.2,8.6,0.0,8.6
14333.0,37.0,3.0,10.0,24.0,74.79999999999998,8.5,18.000000000000004,48.3
14335.0,2.0,0.0,0.0,2.0,142.0,0.0,0.0,142.0
14338.0,49.0,24.0,14.0,11.0,117.25000000000001,54.97,30.180000000000003,32.1
14341.0,4.0,1.0,3.0,0.0,63.2,16.8,46.400000000000006,0.0
14344.0,3.0,2.0,1.0,0.0,66.0,40.0,26.0,0.0
14345.0,15.0,4.0,4.0,7.0,410.1,124.6,91.5,194.00000000000003
14346.0,2.0,1.0,0.0,1.0,159.9,89.9,0.0,70.0
14350.0,4.032,0.466,1.566,2.0,43.14,13.79,20.95,8.4
14353.0,1.0,1.0,0.0,0.0,13.8,13.8,0.0,0.0
14354.0,12.0,3.0,3.0,6.0,475.0,149.6,95.69999999999999,229.70000000000002
14355.0,3.0,1.0,2.0,0.0,18.5,9.5,9.0,0.0
14357.0,11.0,6.0,3.0,2.0,25.4,13.0,7.6,4.8
14362.0,31.0,6.0,11.0,14.0,117.49999999999997,17.8,51.3,48.4
14366.0,33.0,6.0,8.0,19.0,457.2899999999999,76.7,159.0,221.59000000000003
14372.0,7.0,2.0,3.0,2.0,62.3,17.7,28.6,16.0
14386.0,12.0,6.0,1.0,5.0,340.5,148.8,28.8,162.9
14391.0,3.0,0.0,1.0,2.0,28.799999999999997,0.0,9.6,19.2
14393.0,7.0,4.0,2.0,1.0,25.5,14.5,7.0,4.0
14395.0,9.0,6.0,0.0,3.0,116.7,75.2,0.0,41.5
14396.0,5.0,4.0,0.0,1.0,42.9,30.4,0.0,12.5
14404.0,3.0,1.0,2.0,0.0,9.0,3.0,6.0,0.0
14418.0,4.0,0.0,0.0,4.0,24.7,0.0,0.0,24.7
14420.0,2.0,1.0,0.0,1.0,18.9,8.4,0.0,10.5
14421.0,3.0,1.0,0.0,2.0,34.1,11.8,0.0,22.3
14422.0,3.0,0.0,2.0,1.0,27.799999999999997,0.0,15.2,12.6
14425.0,1.0,0.0,1.0,0.0,5.9,0.0,5.9,0.0
14431.0,5.0,2.0,2.0,1.0,57.0,7.6,45.6,3.8
14435.0,17.0,5.0,8.0,4.0,267.99999999999994,75.9,125.69999999999999,66.4
14436.0,5.0,2.0,0.0,3.0,20.0,8.0,0.0,12.0
14440.0,13.0,2.0,11.0,0.0,66.69999999999999,7.8,58.89999999999999,0.0
14442.0,37.0,9.0,18.0,10.0,213.5000000000001,52.199999999999996,92.20000000000002,69.1
14443.0,13.0,6.0,5.0,2.0,66.3,29.4,30.9,6.0
14444.0,8.0,0.0,3.0,5.0,36.0,0.0,13.5,22.5
14445.0,9.0,4.0,1.0,4.0,49.099999999999994,19.6,3.9,25.6
14446.0,4.0,1.0,1.0,2.0,18.0,4.5,4.5,9.0
14447.0,3.0,2.0,0.0,1.0,29.700000000000003,19.8,0.0,9.9
14449.0,11.39,1.0,2.0,8.39,71.18,3.5,7.0,60.68
14453.0,5.0,1.0,2.0,2.0,65.1,9.5,29.799999999999997,25.8
14455.0,17.0,3.0,6.0,8.0,110.30000000000004,17.700000000000003,45.4,47.199999999999996
14458.0,2.0,1.0,1.0,0.0,12.600000000000001,6.4,6.2,0.0
14460.0,12.0,2.0,3.0,7.0,80.89999999999999,24.8,26.900000000000002,29.2
14463.0,1.0,1.0,0.0,0.0,6.3,6.3,0.0,0.0
14475.0,46.31,19.31,8.0,19.0,786.0499999999998,304.3500000000001,121.2,360.50000000000006
14488.0,2.0,2.0,0.0,0.0,17.2,17.2,0.0,0.0
14507.0,10.0,5.0,2.0,3.0,77.00000000000001,38.5,15.4,23.1
14509.0,8.0,3.0,2.0,3.0,53.300000000000004,18.1,10.7,24.5
14518.0,2.0,0.0,1.0,1.0,53.3,0.0,29.5,23.8
14519.0,16.0,3.0,12.0,1.0,165.3,26.099999999999998,122.40000000000002,16.8
14531.0,3.0,2.0,1.0,0.0,58.699999999999996,38.8,19.9,0.0
14539.0,1.0,0.0,1.0,0.0,4.9,0.0,4.9,0.0
14541.0,3.0,0.0,1.0,2.0,78.5,0.0,29.8,48.7
14544.0,7.0,2.0,4.0,1.0,42.199999999999996,14.5,24.200000000000003,3.5
14545.0,12.0,5.0,3.0,4.0,170.49999999999997,49.099999999999994,58.0,63.4
14556.0,2.0,0.0,1.0,1.0,29.1,0.0,7.5,21.6
14558.0,7.0,1.0,2.0,4.0,29.29,4.99,6.0,18.3
14564.0,1.0,1.0,0.0,0.0,11.0,11.0,0.0,0.0
14570.0,3.0,1.0,1.0,1.0,98.5,36.8,36.8,24.9
14573.0,20.0,9.0,8.0,3.0,73.10000000000001,29.8,22.9,20.4
14579.0,2.0,1.0,1.0,0.0,13.8,6.9,6.9,0.0
14580.0,6.0,2.0,2.0,2.0,58.2,19.4,19.4,19.4
14581.0,1.0,0.0,1.0,0.0,9.9,0.0,9.9,0.0
14591.0,1.0,0.0,0.0,1.0,4.8,0.0,0.0,4.8
14592.0,1.0,0.0,0.0,1.0,98.0,0.0,0.0,98.0
14594.0,1.0,0.0,0.0,1.0,45.0,0.0,0.0,45.0
14600.0,1.0,0.0,0.0,1.0,13.8,0.0,0.0,13.8
14601.0,1.0,0.0,1.0,0.0,16.8,0.0,16.8,0.0
14612.0,2.0,1.0,0.0,1.0,39.6,19.8,0.0,19.8
14615.0,3.0,1.0,0.0,2.0,29.380000000000003,7.99,0.0,21.39
14622.0,65.0,26.0,16.0,23.0,1108.8,478.8,284.1000000000001,345.9
14623.0,7.0,0.0,2.0,5.0,148.9,0.0,43.7,105.20000000000002
14626.0,1.0,0.0,1.0,0.0,5.9,0.0,5.9,0.0
14627.0,4.008000000000001,0.28,1.0,2.7279999999999998,72.16,12.82,4.5,54.84
14630.0,4.0,2.0,2.0,0.0,56.0,29.4,26.6,0.0
14648.0,5.0,0.0,2.0,3.0,33.5,0.0,13.8,19.700000000000003
14650.0,3.0,1.0,2.0,0.0,38.98,5.0,33.98,0.0
14651.0,5.0,1.0,4.0,0.0,59.099999999999994,14.5,44.599999999999994,0.0
14652.0,8.0,1.0,2.0,5.0,70.49999999999999,7.8,27.7,35.0
14665.0,1.0,0.0,0.0,1.0,59.0,0.0,0.0,59.0
14677.0,3.0,3.0,0.0,0.0,55.9,55.9,0.0,0.0
14678.0,16.0,7.0,6.0,3.0,187.89999999999992,110.6,51.2,26.099999999999998
14682.0,3.0,0.0,3.0,0.0,20.700000000000003,0.0,20.700000000000003,0.0
14686.0,1.0,0.0,1.0,0.0,7.2,0.0,7.2,0.0
14688.0,7.0,3.0,4.0,0.0,95.1,28.5,66.6,0.0
14693.0,4.0,0.0,0.0,4.0,87.4,0.0,0.0,87.4
14694.0,2.0,2.0,0.0,0.0,7.8,7.8,0.0,0.0
14703.0,3.0,0.0,0.0,3.0,24.8,0.0,0.0,24.8
14705.0,2.0,1.0,0.0,1.0,30.3,15.5,0.0,14.8
14708.0,1.0,0.0,0.0,1.0,9.9,0.0,0.0,9.9
14709.0,1.0,0.0,1.0,0.0,13.6,0.0,13.6,0.0
14712.0,6.0,2.0,2.0,2.0,51.6,17.2,17.2,17.2
14719.0,2.0,0.0,1.0,1.0,9.0,0.0,4.5,4.5
14722.0,1.0,0.0,0.0,1.0,22.8,0.0,0.0,22.8
14723.0,5.0,0.0,2.0,3.0,29.0,0.0,11.6,17.4
14724.0,1.0,0.0,1.0,0.0,12.9,0.0,12.9,0.0
14726.0,1.0,1.0,0.0,0.0,4.0,4.0,0.0,0.0
14727.0,2.0,0.0,0.0,2.0,11.0,0.0,0.0,11.0
14728.0,2.0,1.0,0.0,1.0,31.700000000000003,16.8,0.0,14.9
14729.0,5.0,4.0,1.0,0.0,29.5,24.6,4.9,0.0
14731.0,6.0,0.0,0.0,6.0,23.4,0.0,0.0,23.4
14732.0,2.0,1.0,1.0,0.0,19.6,9.0,10.6,0.0
14735.0,4.0,1.0,1.0,2.0,24.0,6.0,6.0,12.0
14736.0,1.0,0.0,1.0,0.0,6.0,0.0,6.0,0.0
14737.0,5.0,1.0,2.0,2.0,33.5,5.5,14.0,14.0
14738.0,2.0,1.0,0.0,1.0,67.9,58.0,0.0,9.9
14740.0,7.0,1.0,2.0,4.0,84.3,7.5,25.0,51.8
14745.0,1.0,0.0,1.0,0.0,7.9,0.0,7.9,0.0
14746.0,2.0,1.0,1.0,0.0,21.6,10.8,10.8,0.0
14747.0,1.0,0.0,0.0,1.0,65.0,0.0,0.0,65.0
14752.0,4.0,2.0,0.0,2.0,55.300000000000004,27.8,0.0,27.5
14753.0,2.0,1.0,1.0,0.0,12.2,8.9,3.3,0.0
14759.0,2.0,0.0,1.0,1.0,22.700000000000003,0.0,12.8,9.9
14767.0,4.0,1.0,2.0,1.0,85.6,32.0,23.8,29.8
14768.0,1.0,0.0,1.0,0.0,27.8,0.0,27.8,0.0
14769.0,2.0,1.0,0.0,1.0,23.6,11.8,0.0,11.8
14770.0,3.0,2.0,0.0,1.0,42.5,30.0,0.0,12.5
14779.0,1.0,1.0,0.0,0.0,5.9,5.9,0.0,0.0
14780.0,1.0,1.0,0.0,0.0,13.9,13.9,0.0,0.0
14781.0,1.0,1.0,0.0,0.0,8.9,8.9,0.0,0.0
14783.0,2.0,1.0,1.0,0.0,19.3,13.8,5.5,0.0
14785.0,3.0,0.0,2.0,1.0,29.700000000000003,0.0,19.8,9.9
14786.0,1.0,1.0,0.0,0.0,19.9,19.9,0.0,0.0
14788.0,8.0,0.0,7.0,1.0,85.2,0.0,69.3,15.9
14789.0,4.0,2.0,2.0,0.0,28.6,19.8,8.8,0.0
14793.0,2.134,1.0,1.0,0.134,31.41,12.9,11.6,6.91
14794.0,17.177000000000003,7.834000000000001,6.759,2.584,517.29,205.54999999999998,211.54,100.19999999999999
14796.0,2.0,1.0,0.0,1.0,69.3,56.5,0.0,12.8
14798.0,3.0,0.0,2.0,1.0,65.2,0.0,55.3,9.9
14799.0,15.0,4.0,8.0,3.0,208.3,31.6,112.20000000000002,64.5
14801.0,1.0,0.0,0.0,1.0,12.5,0.0,0.0,12.5
14803.0,5.0,0.0,0.0,5.0,64.8,0.0,0.0,64.8
14805.0,18.0,9.0,4.0,5.0,217.40000000000006,110.19999999999999,47.2,60.0
14807.0,2.0,0.0,2.0,0.0,23.4,0.0,23.4,0.0
14809.0,3.35,2.0,0.35,1.0,42.559999999999995,13.0,23.759999999999998,5.8
14810.0,50.0,20.0,9.0,21.0,123.19999999999993,44.8,25.200000000000003,53.19999999999999
14811.0,1.0,1.0,0.0,0.0,5.9,5.9,0.0,0.0
14820.0,6.0,6.0,0.0,0.0,67.4,67.4,0.0,0.0
14822.0,1.0,1.0,0.0,0.0,29.8,29.8,0.0,0.0
14824.0,1.0,1.0,0.0,0.0,29.9,29.9,0.0,0.0
14826.0,4.0,1.0,3.0,0.0,66.5,18.8,47.7,0.0
14829.0,0.114,0.0,0.0,0.114,7.18,0.0,0.0,7.18
14830.0,7.0,1.0,0.0,6.0,99.30000000000001,13.9,0.0,85.4
14831.0,2.0,0.0,1.0,1.0,114.80000000000001,0.0,79.9,34.9
14832.0,3.0,1.0,1.0,1.0,35.8,11.5,11.5,12.8
14833.0,4.0,0.0,1.0,3.0,47.6,0.0,11.9,35.7
14834.0,4.0,0.0,1.0,3.0,35.0,0.0,10.8,24.200000000000003
14835.0,6.0,0.0,2.0,4.0,50.400000000000006,0.0,19.3,31.1
14838.0,10.258,0.0,0.0,10.258,41.169999999999995,0.0,0.0,41.169999999999995
14839.0,1.0,0.0,0.0,1.0,66.9,0.0,0.0,66.9
15001.0,17.0,1.0,6.0,10.0,227.40000000000006,9.0,91.89999999999999,126.49999999999999
15002.0,15.0,4.0,4.0,7.0,211.10000000000008,57.6,57.7,95.79999999999998
15003.0,1.0,1.0,0.0,0.0,8.8,8.8,0.0,0.0
15009.0,175.0,58.0,70.0,47.0,836.0,281.0,326.0,229.0
15010.0,3.0,0.0,3.0,0.0,8.7,0.0,8.7,0.0
15011.0,29.0,11.0,10.0,8.0,392.7,139.7,154.10000000000002,98.89999999999999
15012.0,724.0,260.0,212.0,252.0,2880.3500000000067,1029.3499999999995,800.5999999999993,1050.3999999999994
15026.0,55.0,17.0,23.0,15.0,177.70000000000002,46.89999999999999,89.69999999999999,41.1
15028.0,1.0,0.0,1.0,0.0,89.0,0.0,89.0,0.0
15031.0,3.0,1.0,0.0,2.0,68.1,12.9,0.0,55.2
15036.0,1.0,0.0,1.0,0.0,11.8,0.0,11.8,0.0
15038.0,50.0,22.0,16.0,12.0,243.9800000000001,92.30000000000001,63.6,88.08
15039.0,423.0,158.0,133.0,132.0,1713.4800000000016,548.0599999999997,557.3699999999999,608.05
15042.0,4.0,0.0,2.0,2.0,49.400000000000006,0.0,23.8,25.6
15045.0,81.0,17.0,23.0,41.0,313.0900000000001,44.839999999999996,154.02000000000007,114.23
15049.0,1.0,0.0,1.0,0.0,10.9,0.0,10.9,0.0
15052.0,710.0,171.0,236.0,303.0,3256.000000000003,725.9,1133.0000000000005,1397.1
15057.0,15.0,3.0,3.0,9.0,273.6,52.0,107.6,114.0
15060.0,39.0,9.0,21.0,9.0,609.5999999999999,151.89999999999998,327.0000000000001,130.7
15061.0,3.0,1.0,2.0,0.0,29.700000000000003,9.9,19.8,0.0
15063.0,15.0,5.0,5.0,5.0,33.3,8.5,16.299999999999997,8.5
15066.0,80.0,42.0,19.0,19.0,436.5999999999999,219.10000000000002,120.10000000000002,97.4
15067.0,19.0,11.0,7.0,1.0,283.7,157.8,116.0,9.9
15073.0,12.0,6.0,0.0,6.0,71.4,37.400000000000006,0.0,34.0
15074.0,10.0,0.0,4.0,6.0,323.3,0.0,137.39999999999998,185.9
15078.0,16.0,10.0,2.0,4.0,94.0,52.0,18.0,24.0
15082.0,4.0,1.0,3.0,0.0,71.2,19.8,51.400000000000006,0.0
15083.0,47.0,25.0,9.0,13.0,301.79999999999995,172.10000000000002,58.99999999999999,70.7
15092.0,79.0,32.0,17.0,30.0,898.0,371.0,190.0,337.0
15094.0,1611.0,986.0,313.0,312.0,5685.7199999999975,2793.990000000001,1349.5000000000005,1542.2300000000002
15102.0,1.0,0.0,1.0,0.0,29.9,0.0,29.9,0.0
15123.0,23.0,7.0,8.0,8.0,414.50000000000017,128.0,148.4,138.1
15542.0,2.0,0.0,0.0,2.0,59.8,0.0,0.0,59.8
15545.0,6.0,6.0,0.0,0.0,105.3,105.3,0.0,0.0
15547.0,1.0,0.0,1.0,0.0,6.0,0.0,6.0,0.0
15548.0,4.0,2.0,2.0,0.0,34.5,9.8,24.700000000000003,0.0
15552.0,1.0,1.0,0.0,0.0,8.8,8.8,0.0,0.0
15554.0,1.0,1.0,0.0,0.0,9.8,9.8,0.0,0.0
15557.0,5.0,2.0,3.0,0.0,165.29999999999998,59.8,105.5,0.0
15562.0,1.0,0.0,0.0,1.0,36.8,0.0,0.0,36.8
15564.0,3.0,0.0,0.0,3.0,31.5,0.0,0.0,31.5
15570.0,4.0,1.0,1.0,2.0,22.0,5.5,5.5,11.0
15572.0,4.0,2.0,1.0,1.0,90.5,44.7,29.9,15.9
15577.0,8.0,1.0,5.0,2.0,194.70000000000002,32.9,113.5,48.3
15581.0,3.0,0.0,3.0,0.0,70.19999999999999,0.0,70.19999999999999,0.0
15588.0,2.0,0.0,0.0,2.0,4.8,0.0,0.0,4.8
15590.0,58.0,24.0,14.0,20.0,428.5000000000001,161.10000000000002,111.29999999999998,156.10000000000002
15616.0,6.0,0.0,2.0,4.0,61.89999999999999,0.0,21.6,40.300000000000004
15618.0,1.0,1.0,0.0,0.0,76.0,76.0,0.0,0.0
15624.0,9.0,8.0,1.0,0.0,70.39999999999999,65.39999999999999,5.0,0.0
15631.0,433.0,143.0,91.0,199.0,1169.3400000000008,373.9999999999999,225.65,569.6899999999998
15632.0,8.0,0.0,2.0,6.0,161.60000000000002,0.0,38.7,122.9
15635.0,6.0,1.0,2.0,3.0,118.8,19.8,39.6,59.400000000000006
15644.0,5.0,1.0,0.0,4.0,35.5,9.5,0.0,26.0
15647.0,4.0,2.0,2.0,0.0,60.2,28.6,31.6,0.0
15648.0,1.0,1.0,0.0,0.0,8.2,8.2,0.0,0.0
15649.0,2.0,0.0,1.0,1.0,46.0,0.0,28.0,18.0
15653.0,11.0,2.0,2.0,7.0,195.80000000000004,35.6,35.6,124.6
15655.0,3.0,2.0,0.0,1.0,49.5,33.0,0.0,16.5
15665.0,4.0,0.0,1.0,3.0,79.2,0.0,19.8,59.400000000000006
15666.0,3.0,0.0,1.0,2.0,88.3,0.0,32.9,55.4
15667.0,4.0,4.0,0.0,0.0,67.2,67.2,0.0,0.0
30004.0,1.0,1.0,0.0,0.0,356.0,356.0,0.0,0.0
30007.0,1.0,0.0,0.0,1.0,6.6,0.0,0.0,6.6
30017.0,8.0,5.0,1.0,2.0,77.2,55.5,6.9,14.8
30033.0,1.0,1.0,0.0,0.0,17.9,17.9,0.0,0.0
30034.0,1.0,0.0,0.0,1.0,7.9,0.0,0.0,7.9
30039.0,4.0,1.0,1.0,2.0,27.9,6.0,6.0,15.9
30040.0,1.0,0.0,0.0,1.0,14.8,0.0,0.0,14.8
30046.0,3.0,0.0,2.0,1.0,35.7,0.0,25.8,9.9
30049.0,2.0,0.0,2.0,0.0,7.8,0.0,7.8,0.0
30059.0,2.0,0.0,1.0,1.0,10.9,0.0,3.0,7.9
30060.0,3.0,1.0,1.0,1.0,57.3,3.9,39.9,13.5
30062.0,1.0,1.0,0.0,0.0,5.0,5.0,0.0,0.0
30071.0,6.0,2.0,4.0,0.0,30.0,10.0,20.0,0.0
30077.0,1.0,0.0,1.0,0.0,49.0,0.0,49.0,0.0
30080.0,6.0,3.0,1.0,2.0,81.4,31.700000000000003,16.9,32.8
30098.0,1.0,1.0,0.0,0.0,38.0,38.0,0.0,0.0
30120.0,1.0,0.0,1.0,0.0,4.9,0.0,4.9,0.0
30146.0,3.0,0.0,2.0,1.0,29.700000000000003,0.0,19.8,9.9
30152.0,3.0,1.0,0.0,2.0,52.699999999999996,29.9,0.0,22.799999999999997
30170.0,40.0,10.0,14.0,16.0,534.6999999999999,151.79999999999998,196.9,186.00000000000003
30172.0,2.0,2.0,0.0,0.0,44.0,44.0,0.0,0.0
30186.0,2.0,1.0,1.0,0.0,65.8,45.9,19.9,0.0
30192.0,5.0,3.0,1.0,1.0,53.9,25.5,19.5,8.9
30198.0,3.0,0.0,3.0,0.0,29.700000000000003,0.0,29.700000000000003,0.0
30204.0,2.0,2.0,0.0,0.0,11.100000000000001,11.100000000000001,0.0,0.0
30216.0,7.0,1.0,4.0,2.0,138.5,35.0,69.69999999999999,33.8
30235.0,1.0,0.0,1.0,0.0,6.8,0.0,6.8,0.0
30248.0,529.0,184.0,157.0,188.0,121.80000000000005,41.699999999999896,35.799999999999955,44.300000000000104
30250.0,4.0,0.0,3.0,1.0,131.9,0.0,119.9,12.0
30252.0,1.0,0.0,0.0,1.0,49.9,0.0,0.0,49.9
30253.0,4.0,2.0,1.0,1.0,53.099999999999994,19.4,13.9,19.8
30256.0,2.0,1.0,0.0,1.0,22.9,8.9,0.0,14.0
30258.0,2.0,1.0,1.0,0.0,27.6,13.8,13.8,0.0
30262.0,7.0,3.0,2.0,2.0,62.1,14.700000000000001,39.6,7.8
30288.0,1.0,1.0,0.0,0.0,32.9,32.9,0.0,0.0
30293.0,1.0,0.0,1.0,0.0,18.8,0.0,18.8,0.0
30310.0,4.0,2.0,0.0,2.0,33.6,17.8,0.0,15.8
30322.0,1.0,1.0,0.0,0.0,79.0,79.0,0.0,0.0
30337.0,1.0,0.0,1.0,0.0,13.9,0.0,13.9,0.0
30340.0,1.0,0.0,0.0,1.0,7.0,0.0,0.0,7.0
30352.0,2.0,1.0,1.0,0.0,23.8,12.9,10.9,0.0
30355.0,6.0,2.0,4.0,0.0,142.4,59.8,82.6,0.0
30358.0,2.0,0.0,0.0,2.0,23.8,0.0,0.0,23.8
30559.0,1.0,1.0,0.0,0.0,19.9,19.9,0.0,0.0
30561.0,1.0,0.0,1.0,0.0,16.8,0.0,16.8,0.0
30721.0,1.0,0.0,0.0,1.0,12.9,0.0,0.0,12.9
30727.0,9.0,3.0,6.0,0.0,226.20000000000002,22.700000000000003,203.50000000000003,0.0
30730.0,3.0,2.0,0.0,1.0,25.799999999999997,19.9,0.0,5.9
30734.0,2.0,0.0,1.0,1.0,37.8,0.0,18.9,18.9
30742.0,1.0,0.0,0.0,1.0,16.9,0.0,0.0,16.9
30746.0,3.0,3.0,0.0,0.0,93.5,93.5,0.0,0.0
30750.0,2.0,0.0,2.0,0.0,13.8,0.0,13.8,0.0
30761.0,1.0,1.0,0.0,0.0,99.9,99.9,0.0,0.0
30778.0,1.0,0.0,0.0,1.0,5.9,0.0,0.0,5.9
30791.0,1.0,0.0,0.0,1.0,29.0,0.0,0.0,29.0
30793.0,2.0,0.0,2.0,0.0,44.8,0.0,44.8,0.0
30798.0,7.0,1.0,1.0,5.0,109.30000000000001,44.9,4.9,59.5
30804.0,2.0,0.0,0.0,2.0,49.8,0.0,0.0,49.8
30806.0,2.0,2.0,0.0,0.0,39.6,39.6,0.0,0.0
30811.0,1.0,0.0,1.0,0.0,29.9,0.0,29.9,0.0
30812.0,4.0,0.0,4.0,0.0,52.6,0.0,52.6,0.0
30817.0,1.0,0.0,0.0,1.0,33.9,0.0,0.0,33.9
30818.0,1.0,1.0,0.0,0.0,9.7,9.7,0.0,0.0
30819.0,1.0,0.0,0.0,1.0,8.9,0.0,0.0,8.9
30823.0,6.0,6.0,0.0,0.0,35.4,35.4,0.0,0.0
30831.0,1.0,0.0,1.0,0.0,8.5,0.0,8.5,0.0
30832.0,1.0,0.0,0.0,1.0,15.9,0.0,0.0,15.9
30833.0,16.0,1.0,7.0,8.0,264.40000000000003,29.9,122.30000000000003,112.20000000000002
30835.0,1.0,1.0,0.0,0.0,42.5,42.5,0.0,0.0
31009.0,1.0,1.0,0.0,0.0,9.9,9.9,0.0,0.0
31017.0,17.0,5.0,6.0,6.0,68.80000000000001,25.099999999999998,11.899999999999999,31.799999999999997
31019.0,1.0,0.0,0.0,1.0,4.5,0.0,0.0,4.5
31027.0,6.0,3.0,0.0,3.0,59.199999999999996,43.8,0.0,15.4
31035.0,1.0,1.0,0.0,0.0,8.9,8.9,0.0,0.0
31037.0,1.0,0.0,0.0,1.0,2.9,0.0,0.0,2.9
31039.0,1.0,0.0,1.0,0.0,5.9,0.0,5.9,0.0
31052.0,1.0,1.0,0.0,0.0,9.5,9.5,0.0,0.0
31063.0,1.0,0.0,0.0,1.0,2.9,0.0,0.0,2.9
31070.0,1.0,0.0,1.0,0.0,2.9,0.0,2.9,0.0
31095.0,1.0,0.0,0.0,1.0,10.9,0.0,0.0,10.9
31102.0,1.0,0.0,1.0,0.0,14.9,0.0,14.9,0.0
31104.0,1.0,1.0,0.0,0.0,19.9,19.9,0.0,0.0
31129.0,2.0,0.0,0.0,2.0,56.5,0.0,0.0,56.5
31133.0,2.0,0.0,2.0,0.0,17.8,0.0,17.8,0.0
31165.0,3.0,0.0,0.0,3.0,68.7,0.0,0.0,68.7
32006.0,2.0,0.0,1.0,1.0,111.9,0.0,62.0,49.9
32133.0,10.0,3.0,2.0,5.0,174.4,69.6,28.6,76.2
32151.0,1.0,1.0,0.0,0.0,12.0,12.0,0.0,0.0
32188.0,1.0,1.0,0.0,0.0,28.0,28.0,0.0,0.0
32274.0,1.0,1.0,0.0,0.0,8.0,8.0,0.0,0.0
32293.0,4.0,1.0,0.0,3.0,167.1,49.9,0.0,117.19999999999999
32295.0,1.0,0.0,0.0,1.0,58.0,0.0,0.0,58.0
32381.0,2.0,2.0,0.0,0.0,30.0,30.0,0.0,0.0
32382.0,1.0,0.0,0.0,1.0,12.0,0.0,0.0,12.0
32383.0,3.0,3.0,0.0,0.0,30.0,30.0,0.0,0.0
32994.0,2.0,1.0,0.0,1.0,188.0,94.0,0.0,94.0
33009.0,1.0,1.0,0.0,0.0,12.9,12.9,0.0,0.0
33010.0,0.0,0.0,0.0,0.0,0.0,0.0,0.0,0.0
33017.0,3.0,1.0,1.0,1.0,37.5,12.5,12.5,12.5
33020.0,1.0,1.0,0.0,0.0,129.0,129.0,0.0,0.0
33033.0,4.0,1.0,1.0,2.0,1456.0,799.0,159.0,498.0
33041.0,1.0,0.0,1.0,0.0,338.0,0.0,338.0,0.0
33046.0,5.0,1.0,3.0,1.0,49.5,9.9,33.7,5.9
33054.0,2.0,0.0,0.0,2.0,27.6,0.0,0.0,27.6
33056.0,1.0,1.0,0.0,0.0,159.0,159.0,0.0,0.0
33064.0,1.0,1.0,0.0,0.0,9.9,9.9,0.0,0.0
33073.0,3.0,0.0,3.0,0.0,84.0,0.0,84.0,0.0
34001.0,2.0,0.0,1.0,1.0,34.9,0.0,19.9,15.0
34017.0,1.0,1.0,0.0,0.0,29.0,29.0,0.0,0.0
34020.0,1.0,1.0,0.0,0.0,49.0,49.0,0.0,0.0
34039.0,3.0,1.0,0.0,2.0,121.69999999999999,32.9,0.0,88.8
34074.0,3.0,0.0,3.0,0.0,165.70000000000002,0.0,165.70000000000002,0.0
34076.0,3.0,2.0,0.0,1.0,47.7,23.8,0.0,23.9
34078.0,2.0,2.0,0.0,0.0,90.0,90.0,0.0,0.0
34079.0,1.0,0.0,0.0,1.0,88.0,0.0,0.0,88.0
34096.0,1.0,0.0,1.0,0.0,9.9,0.0,9.9,0.0
34106.0,1.0,0.0,1.0,0.0,28.9,0.0,28.9,0.0
34111.0,1.0,1.0,0.0,0.0,10.9,10.9,0.0,0.0
34122.0,1.0,0.0,1.0,0.0,19.9,0.0,19.9,0.0
34129.0,2.0,1.0,0.0,1.0,75.8,59.9,0.0,15.9
34175.0,2.0,0.0,2.0,0.0,15.8,0.0,15.8,0.0
34214.0,28.0,20.0,4.0,4.0,711.1999999999997,488.99999999999983,108.6,113.6
34224.0,9.0,2.0,3.0,4.0,411.0999999999999,99.8,125.69999999999999,185.6
34241.0,1.0,0.0,1.0,0.0,12.9,0.0,12.9,0.0
34249.0,2.0,1.0,0.0,1.0,17.8,9.9,0.0,7.9
34272.0,3.0,0.0,1.0,2.0,44.7,0.0,14.9,29.8
34384.0,1.0,0.0,1.0,0.0,14.9,0.0,14.9,0.0
34746.0,1.0,1.0,0.0,0.0,29.0,29.0,0.0,0.0
34763.0,5.0,3.0,2.0,0.0,67.5,41.699999999999996,25.8,0.0
34764.0,2.0,2.0,0.0,0.0,27.799999999999997,27.799999999999997,0.0,0.0
34800.0,3.0,0.0,2.0,1.0,81.69999999999999,0.0,51.8,29.9
34810.0,1.0,0.0,0.0,1.0,89.0,0.0,0.0,89.0
34832.0,2.0,1.0,1.0,0.0,98.8,55.9,42.9,0.0
34833.0,1.0,1.0,0.0,0.0,39.9,39.9,0.0,0.0
34845.0,1.0,1.0,0.0,0.0,29.9,29.9,0.0,0.0
34846.0,2.0,0.0,2.0,0.0,29.8,0.0,29.8,0.0
34856.0,3.0,1.0,2.0,0.0,44.699999999999996,24.9,19.8,0.0
